[1;30;43mStreaming output truncated to the last 5000 lines.[0m
2  	 2.1033e+02 	1.6587e+02 	3.3174e+00
3  	 1.6223e+02 	1.8042e+02 	3.6084e+00
4  	 2.8752e+02 	1.0511e+02 	2.1023e+00
5  	 8.0474e+01 	7.2698e+01 	1.4540e+00
6  	 7.4219e+01 	2.5122e+01 	5.0244e-01
7  	 2.7698e+01 	1.8083e+01 	3.6165e-01
8  	 1.5609e+01 	1.4789e+01 	2.9577e-01
9  	 1.0029e+01 	2.1300e+01 	4.2599e-01
10  	 6.9755e+00 	2.2671e+01 	4.5341e-01
11  	 9.1030e+00 	1.7165e+01 	3.4331e-01
12  	 4.3435e+00 	1.6010e+01 	3.2020e-01
13  	 2.6417e+00 	1.1387e+01 	2.2774e-01
14  	 2.0097e+00 	6.0603e+00 	1.2121e-01
15  	 1.4271e+00 	2.7367e+00 	5.4733e-02
16  	 6.2150e-01 	4.2816e+00 	8.5631e-02
17  	 1.1363e+00 	4.0342e+00 	8.0684e-02
18  	 5.3517e-01 	3.2163e+00 	6.4326e-02
19  	 5.4118e-01 	2.1502e+00 	4.3003e-02
20  	 3.4782e-01 	6.5243e+00 	1.3049e-01
21  	 4.2888e-01 	5.8429e+00 	1.1686e-01
22  	 4.0958e-01 	2.9281e+00 	5.8561e-02
23  	 2.1576e-01 	2.4659e+00 	4.9317e-02
24  	 1.8109e-01 	3.7981e+00 	7.5961e-02
25  	 1.9146e-01 	3.5326e+00 	7.0651e-02
26  	 3.6431e-01 	1.0407e+00 	2.0815e-02
27  	 1.7336e-01 	4.8124e-01 	9.6249e-03
28  	 6.9337e-02 	1.0829e+00 	2.1658e-02
29  	 1.2414e-01 	1.4139e+00 	2.8279e-02
30  	 1.5395e-01 	2.6362e+00 	5.2724e-02
31  	 1.0377e-01 	2.1302e+00 	4.2604e-02
32  	 2.1352e-01 	1.3298e+00 	2.6596e-02
33  	 1.2371e-01 	8.8271e-01 	1.7654e-02
34  	 1.2002e-01 	2.4415e+00 	4.8831e-02
35  	 1.5953e-01 	5.1117e-01 	1.0223e-02
36  	 9.3977e-02 	1.9327e+00 	3.8654e-02
37  	 9.8289e-02 	2.4375e-01 	4.8750e-03
38  	 8.2482e-02 	2.4543e+00 	4.9085e-02
39  	 1.2996e-01 	5.0727e+00 	1.0145e-01
40  	 3.1214e-01 	4.5168e+00 	9.0336e-02
41  	 2.1840e-01 	4.3778e+00 	8.7557e-02
42  	 2.6370e-01 	2.4807e+00 	4.9615e-02
43  	 9.6897e-02 	1.0302e+00 	2.0604e-02
44  	 1.0431e-01 	4.9577e-01 	9.9155e-03
45  	 5.5341e-02 	1.6052e+00 	3.2103e-02
46  	 1.0369e-01 	7.8438e-01 	1.5688e-02
47  	 4.6456e-02 	4.2722e-01 	8.5445e-03
48  	 6.3591e-02 	1.5294e+00 	3.0589e-02
49  	 1.2963e-01 	1.8583e+00 	3.7165e-02
50  	 1.0192e-01 	2.4559e+00 	4.9118e-02
51  	 1.2472e-01 	2.7555e+00 	5.5111e-02
52  	 7.8130e-02 	1.0627e+00 	2.1254e-02
53  	 9.7517e-02 	1.1698e+00 	2.3396e-02
54  	 1.1782e-01 	1.4496e+00 	2.8992e-02
55  	 1.4609e-01 	2.0574e+00 	4.1148e-02
56  	 7.3141e-02 	1.2170e+00 	2.4340e-02
57  	 1.2876e-01 	4.9795e-01 	9.9589e-03
58  	 5.9038e-02 	4.7689e-01 	9.5378e-03
59  	 1.6822e-01 	5.3252e-01 	1.0650e-02
60  	 1.4498e-01 	3.5204e-01 	7.0408e-03
61  	 8.5785e-02 	7.5025e-01 	1.5005e-02
62  	 9.1892e-02 	2.6564e+00 	5.3128e-02
63  	 1.4418e-01 	2.2028e-01 	4.4056e-03
64  	 2.8500e-02 	4.7671e-01 	9.5342e-03
65  	 7.5880e-02 	4.3898e+00 	8.7795e-02
66  	 2.2194e-01 	6.4854e+00 	1.2971e-01
67  	 2.8121e-01 	4.9971e+00 	9.9942e-02
68  	 3.0827e-01 	6.1651e-01 	1.2330e-02
69  	 7.1401e-02 	3.1561e+00 	6.3123e-02
70  	 1.6798e-01 	3.8848e+00 	7.7697e-02
71  	 1.4204e-01 	3.3971e+00 	6.7942e-02
72  	 1.8146e-01 	4.3733e-01 	8.7466e-03
73  	 9.5066e-02 	1.9450e+00 	3.8901e-02
74  	 1.9928e-01 	6.0390e-01 	1.2078e-02
75  	 1.6416e-01 	2.4884e-01 	4.9768e-03
76  	 3.8325e-02 	7.9105e-01 	1.5821e-02
77  	 7.8977e-02 	1.2848e+00 	2.5697e-02
78  	 7.1565e-02 	1.6724e+00 	3.3449e-02
79  	 6.7000e-02 	1.2335e+00 	2.4670e-02
80  	 1.0475e-01 	6.3169e+00 	1.2634e-01
81  	 4.0144e-01 	2.7176e+00 	5.4352e-02
82  	 2.1661e-01 	8.1955e-01 	1.6391e-02
83  	 1.3253e-01 	2.2064e+00 	4.4128e-02
84  	 1.1784e-01 	1.4662e+00 	2.9323e-02
85  	 3.9622e-02 	1.9203e+00 	3.8406e-02
86  	 1.0370e-01 	1.7078e+00 	3.4157e-02
87  	 4.0875e-02 	3.7468e+00 	7.4935e-02
88  	 2.8029e-01 	3.4366e+00 	6.8732e-02
89  	 1.8946e-01 	2.6865e+00 	5.3730e-02
90  	 1.7140e-01 	1.8303e+00 	3.6606e-02
91  	 1.0777e-01 	4.4089e-01 	8.8179e-03
92  	 1.3016e-01 	3.4583e-01 	6.9165e-03
93  	 7.7870e-02 	8.1203e-01 	1.6241e-02
94  	 1.3245e-01 	1.1537e+00 	2.3074e-02
95  	 6.5076e-02 	2.7535e+00 	5.5070e-02
96  	 2.0187e-01 	8.8112e-01 	1.7622e-02
97  	 8.5185e-02 	1.7253e+00 	3.4506e-02
98  	 1.4527e-01 	8.8499e-01 	1.7700e-02
99  	 4.9391e-02 	1.4550e+00 	2.9100e-02
100  	 1.1246e-01 	2.7987e+00 	5.5974e-02
101  	 1.2205e-01 	8.6568e-01 	1.7314e-02
102  	 6.0011e-02 	3.9105e-01 	7.8210e-03
103  	 8.2579e-02 	7.0585e-01 	1.4117e-02
104  	 1.3753e-01 	2.4271e+00 	4.8541e-02
105  	 8.0759e-02 	2.1069e+00 	4.2139e-02
106  	 1.4035e-01 	1.2272e+00 	2.4544e-02
107  	 8.7730e-02 	3.9598e-01 	7.9196e-03
108  	 1.2058e-01 	1.8695e+00 	3.7390e-02
109  	 8.5486e-02 	2.1199e+00 	4.2398e-02
110  	 1.4632e-01 	3.4429e+00 	6.8858e-02
111  	 1.6523e-01 	1.3327e+00 	2.6654e-02
112  	 1.3305e-01 	5.7728e+00 	1.1546e-01
113  	 2.6686e-01 	7.8544e+00 	1.5709e-01
114  	 6.1600e-01 	4.9543e+00 	9.9087e-02
115  	 4.0797e-01 	2.2442e+00 	4.4884e-02
116  	 2.7602e-01 	2.5738e+00 	5.1475e-02
117  	 1.1595e-01 	3.8984e+00 	7.7967e-02
118  	 2.4065e-01 	6.9181e-01 	1.3836e-02
119  	 1.0218e-01 	7.5633e-01 	1.5127e-02
120  	 1.1888e-01 	3.3121e-01 	6.6242e-03
121  	 6.3329e-02 	1.9599e+00 	3.9198e-02
122  	 5.1197e-02 	3.4590e+00 	6.9180e-02
123  	 2.2516e-01 	1.7986e+00 	3.5972e-02
124  	 2.3847e-01 	6.5504e-01 	1.3101e-02
125  	 7.4115e-02 	3.4921e-01 	6.9842e-03
126  	 6.5962e-02 	1.1501e+00 	2.3003e-02
127  	 1.7059e-01 	1.6354e+00 	3.2707e-02
128  	 1.8746e-01 	7.0639e-01 	1.4128e-02
129  	 1.5760e-01 	5.3270e-01 	1.0654e-02
130  	 1.2795e-01 	1.1258e+00 	2.2515e-02
131  	 1.0635e-01 	1.5287e-01 	3.0575e-03
132  	 1.0777e-01 	1.5351e+00 	3.0702e-02
133  	 6.0362e-02 	3.2510e+00 	6.5020e-02
134  	 1.5441e-01 	4.4416e+00 	8.8832e-02
135  	 1.1932e-01 	5.0950e+00 	1.0190e-01
136  	 2.1099e-01 	3.4386e+00 	6.8773e-02
137  	 2.2454e-01 	5.5434e-01 	1.1087e-02
138  	 7.0201e-02 	2.4932e-01 	4.9864e-03
139  	 1.1834e-01 	1.1547e+00 	2.3095e-02
140  	 8.4194e-02 	2.6842e-01 	5.3685e-03
141  	 1.5076e-01 	1.2411e+00 	2.4823e-02
142  	 1.3466e-01 	2.2248e+00 	4.4496e-02
143  	 9.6611e-02 	9.6617e-01 	1.9323e-02
144  	 1.1070e-01 	1.4567e+00 	2.9134e-02
145  	 8.1859e-02 	4.9908e+00 	9.9815e-02
146  	 3.9428e-01 	5.2236e+00 	1.0447e-01
147  	 2.0131e-01 	5.4384e+00 	1.0877e-01
148  	 3.2215e-01 	2.5049e+00 	5.0097e-02
149  	 1.8567e-01 	1.3124e+00 	2.6247e-02
150  	 1.0983e-01 	1.8066e+00 	3.6131e-02
151  	 1.2298e-01 	3.1970e+00 	6.3939e-02
152  	 1.6234e-01 	4.4300e+00 	8.8600e-02
153  	 2.2533e-01 	2.3879e+00 	4.7758e-02
154  	 1.3173e-01 	1.1880e+00 	2.3760e-02
155  	 7.1332e-02 	3.7038e-01 	7.4076e-03
156  	 2.1058e-01 	7.2396e+00 	1.4479e-01
157  	 3.1169e-01 	9.2693e+00 	1.8539e-01
158  	 6.0731e-01 	3.5690e+00 	7.1381e-02
159  	 1.1257e-01 	1.7820e+00 	3.5640e-02
160  	 1.3272e-01 	7.1828e-01 	1.4366e-02
161  	 1.4528e-01 	2.9028e-01 	5.8057e-03
162  	 7.7761e-02 	5.3734e-01 	1.0747e-02
163  	 6.8889e-02 	3.7068e-01 	7.4137e-03
164  	 2.1529e-02 	1.9200e+00 	3.8399e-02
165  	 1.5957e-01 	2.4706e+00 	4.9412e-02
166  	 1.8557e-01 	4.5044e-01 	9.0088e-03
167  	 1.0367e-01 	1.9076e+00 	3.8152e-02
168  	 1.7986e-01 	3.2273e+00 	6.4545e-02
169  	 1.8072e-01 	3.7950e+00 	7.5900e-02
170  	 1.7293e-01 	7.8200e-01 	1.5640e-02
171  	 5.9874e-02 	2.4476e+00 	4.8953e-02
172  	 1.9414e-01 	1.6401e+00 	3.2802e-02
173  	 1.3080e-01 	3.1623e+00 	6.3247e-02
174  	 1.8853e-01 	4.1372e+00 	8.2743e-02
175  	 2.4304e-01 	1.0660e+00 	2.1320e-02
176  	 1.1386e-01 	5.9242e-01 	1.1848e-02
177  	 7.8101e-02 	8.0472e-01 	1.6094e-02
178  	 1.5717e-01 	2.4906e+00 	4.9811e-02
179  	 7.8358e-02 	3.4149e+00 	6.8299e-02
180  	 1.1369e-01 	2.2038e+00 	4.4076e-02
181  	 2.0852e-01 	6.8195e-01 	1.3639e-02
182  	 1.5374e-01 	5.2642e-01 	1.0528e-02
183  	 1.1086e-01 	1.0767e+00 	2.1535e-02
184  	 1.1996e-01 	1.6678e+00 	3.3356e-02
185  	 6.5528e-02 	4.0171e+00 	8.0341e-02
186  	 1.7712e-01 	4.6549e+00 	9.3098e-02
187  	 2.6018e-01 	2.0689e+00 	4.1378e-02
188  	 8.4372e-02 	3.1741e-01 	6.3482e-03
189  	 4.4263e-02 	6.0289e-01 	1.2058e-02
190  	 1.1790e-01 	5.4449e-01 	1.0890e-02
191  	 4.8549e-02 	1.2006e+00 	2.4012e-02
192  	 8.0112e-02 	4.2319e+00 	8.4639e-02
193  	 1.8229e-01 	5.0970e+00 	1.0194e-01
194  	 2.6517e-01 	4.4093e+00 	8.8187e-02
195  	 1.5923e-01 	5.2463e+00 	1.0493e-01
196  	 2.3239e-01 	3.1908e+00 	6.3815e-02
197  	 2.1720e-01 	9.2833e-01 	1.8567e-02
198  	 9.9276e-02 	6.9629e-01 	1.3926e-02
199  	 1.1022e-01 	2.8921e-01 	5.7843e-03
200  	 1.7518e-01 	6.6576e-01 	1.3315e-02
201  	 7.4152e-02 	6.7409e-01 	1.3482e-02
202  	 9.0587e-02 	1.5645e+00 	3.1290e-02
203  	 1.1282e-01 	9.4374e-01 	1.8875e-02
204  	 9.9695e-02 	1.8901e+00 	3.7803e-02
205  	 1.0499e-01 	4.4938e-01 	8.9876e-03
206  	 7.0610e-02 	4.7176e-01 	9.4352e-03
207  	 1.2097e-01 	6.7057e+00 	1.3411e-01
208  	 2.6666e-01 	7.2262e+00 	1.4452e-01
209  	 3.9647e-01 	8.6457e-01 	1.7291e-02
210  	 1.2322e-01 	4.3811e+00 	8.7621e-02
211  	 1.9622e-01 	3.5052e+00 	7.0105e-02
212  	 2.2582e-01 	1.3947e+00 	2.7894e-02
213  	 5.1059e-02 	9.7868e-01 	1.9574e-02
214  	 9.1945e-02 	1.8124e+00 	3.6248e-02
215  	 1.1621e-01 	1.4999e+00 	2.9998e-02
216  	 1.6492e-01 	3.6505e+00 	7.3011e-02
217  	 2.0021e-01 	5.9944e+00 	1.1989e-01
218  	 3.3547e-01 	4.4941e+00 	8.9881e-02
219  	 2.3152e-01 	5.7272e+00 	1.1454e-01
220  	 2.8245e-01 	5.6886e+00 	1.1377e-01
221  	 4.1298e-01 	4.5204e-02 	9.0407e-04
222  	 2.5208e-02 	8.3578e-01 	1.6716e-02
223  	 1.1207e-01 	4.9700e+00 	9.9399e-02
224  	 1.2693e-01 	6.0770e+00 	1.2154e-01
225  	 3.6204e-01 	5.7020e+00 	1.1404e-01
226  	 2.7356e-01 	3.8318e+00 	7.6637e-02
227  	 2.1870e-01 	8.1343e-01 	1.6269e-02
228  	 1.7292e-01 	1.3681e+00 	2.7361e-02
229  	 8.6894e-02 	3.0836e+00 	6.1672e-02
230  	 8.4827e-02 	6.2959e-02 	1.2592e-03
231  	 1.1431e-01 	2.6562e+00 	5.3125e-02
232  	 1.1625e-01 	1.3976e-01 	2.7952e-03
233  	 1.1767e-01 	5.2999e-01 	1.0600e-02
234  	 1.3235e-01 	9.6104e-01 	1.9221e-02
235  	 2.0300e-01 	3.5808e+00 	7.1616e-02
236  	 1.0833e-01 	6.8133e+00 	1.3627e-01
237  	 3.8032e-01 	5.4101e+00 	1.0820e-01
238  	 4.1117e-01 	7.2298e-01 	1.4460e-02
239  	 6.8314e-02 	3.7233e+00 	7.4465e-02
240  	 1.9117e-01 	3.0561e+00 	6.1121e-02
241  	 2.7045e-01 	1.4521e+00 	2.9041e-02
242  	 8.1326e-02 	3.2927e+00 	6.5854e-02
243  	 2.1739e-01 	4.2810e+00 	8.5621e-02
244  	 2.4982e-01 	8.9188e-01 	1.7838e-02
245  	 7.8178e-02 	2.0886e+00 	4.1772e-02
246  	 1.6308e-01 	2.8067e+00 	5.6135e-02
247  	 1.2311e-01 	4.7390e+00 	9.4779e-02
248  	 2.6683e-01 	4.5777e+00 	9.1554e-02
249  	 3.5048e-01 	1.1920e+00 	2.3840e-02
250  	 7.9449e-02 	4.0861e-01 	8.1721e-03
251  	 5.3260e-02 	1.3692e-01 	2.7384e-03
252  	 1.4660e-01 	1.3003e-01 	2.6005e-03
253  	 1.2553e-01 	1.6708e+00 	3.3416e-02
254  	 1.2882e-01 	1.4672e+00 	2.9343e-02
255  	 2.2849e-01 	1.6104e+00 	3.2209e-02
256  	 1.7814e-01 	1.8398e+00 	3.6795e-02
257  	 1.0432e-01 	9.6127e-01 	1.9225e-02
258  	 1.8535e-01 	4.6558e-01 	9.3115e-03
259  	 6.3209e-02 	9.2535e-01 	1.8507e-02
260  	 8.7672e-02 	1.3312e-01 	2.6625e-03
261  	 9.3560e-02 	3.3514e-01 	6.7028e-03
262  	 1.1961e-01 	3.4545e-01 	6.9089e-03
263  	 8.2986e-02 	2.0308e+00 	4.0616e-02
264  	 1.4431e-01 	3.9347e+00 	7.8695e-02
265  	 1.5891e-01 	3.2630e+00 	6.5259e-02
266  	 2.1532e-01 	4.6973e-01 	9.3947e-03
267  	 1.5887e-01 	6.5936e-01 	1.3187e-02
268  	 2.0954e-01 	1.1780e+00 	2.3561e-02
269  	 1.0150e-01 	1.6537e+00 	3.3074e-02
270  	 1.0654e-01 	7.5828e-01 	1.5166e-02
271  	 8.9080e-02 	7.6535e-01 	1.5307e-02
272  	 2.9674e-02 	8.4405e-01 	1.6881e-02
273  	 8.0940e-02 	2.9545e-01 	5.9090e-03
274  	 9.0420e-02 	3.9597e+00 	7.9195e-02
275  	 2.0432e-01 	6.0887e+00 	1.2177e-01
276  	 2.6348e-01 	5.4428e+00 	1.0886e-01
277  	 1.8945e-01 	5.1519e+00 	1.0304e-01
278  	 2.4057e-01 	3.3140e+00 	6.6279e-02
279  	 2.1662e-01 	4.1249e+00 	8.2498e-02
280  	 1.7221e-01 	6.0876e+00 	1.2175e-01
281  	 2.4745e-01 	4.5473e+00 	9.0946e-02
282  	 1.6844e-01 	5.2064e+00 	1.0413e-01
283  	 2.3415e-01 	4.8136e+00 	9.6272e-02
284  	 2.8014e-01 	9.5263e-01 	1.9053e-02
285  	 7.8384e-02 	6.2631e-01 	1.2526e-02
286  	 1.8918e-01 	5.9383e-01 	1.1877e-02
287  	 5.1338e-02 	2.3820e+00 	4.7640e-02
288  	 1.5704e-01 	1.3499e+00 	2.6998e-02
289  	 1.0191e-01 	2.2947e+00 	4.5893e-02
290  	 8.3051e-02 	1.8087e+00 	3.6174e-02
291  	 1.0196e-01 	8.8889e-01 	1.7778e-02
292  	 9.2243e-02 	2.0228e+00 	4.0456e-02
293  	 1.3485e-01 	6.8599e-01 	1.3720e-02
294  	 6.8510e-02 	1.3589e-01 	2.7178e-03
295  	 2.7771e-02 	1.1810e+00 	2.3619e-02
296  	 1.0510e-01 	1.3251e+00 	2.6502e-02
297  	 2.0120e-01 	4.0305e+00 	8.0610e-02
298  	 1.6092e-01 	1.4137e+00 	2.8273e-02
299  	 5.8422e-02 	9.0891e-01 	1.8178e-02
300  	 1.7218e-01 	7.3892e-01 	1.4778e-02
301  	 1.6099e-01 	4.9132e-01 	9.8264e-03
302  	 1.3170e-01 	6.7808e-01 	1.3562e-02
303  	 4.3100e-02 	1.9468e-01 	3.8935e-03
304  	 6.7893e-02 	6.0231e-01 	1.2046e-02
305  	 1.5281e-01 	8.6372e-01 	1.7274e-02
306  	 1.2846e-01 	6.5763e-01 	1.3153e-02
307  	 1.3954e-01 	2.1050e+00 	4.2101e-02
308  	 9.6563e-02 	3.9086e+00 	7.8172e-02
309  	 1.7182e-01 	3.7137e+00 	7.4275e-02
310  	 1.6147e-01 	8.2109e-01 	1.6422e-02
311  	 8.3014e-02 	1.2256e+00 	2.4511e-02
312  	 1.5720e-01 	6.8949e-01 	1.3790e-02
313  	 1.1596e-01 	2.5116e+00 	5.0232e-02
314  	 1.1324e-01 	3.2668e+00 	6.5336e-02
315  	 1.3258e-01 	6.8190e-01 	1.3638e-02
316  	 1.5159e-01 	2.7141e+00 	5.4281e-02
317  	 1.5878e-01 	4.6383e-01 	9.2765e-03
318  	 8.4726e-02 	4.1564e+00 	8.3128e-02
319  	 1.7367e-01 	3.3964e+00 	6.7927e-02
320  	 1.9786e-01 	7.1773e-01 	1.4355e-02
321  	 8.0839e-02 	2.7649e+00 	5.5298e-02
322  	 1.1373e-01 	4.9517e+00 	9.9033e-02
323  	 2.7748e-01 	6.1078e+00 	1.2216e-01
324  	 2.4226e-01 	1.5426e+00 	3.0851e-02
325  	 2.0286e-01 	1.8913e+00 	3.7826e-02
326  	 1.2664e-01 	2.3997e-01 	4.7994e-03
327  	 7.2769e-02 	1.7044e+00 	3.4087e-02
328  	 1.0284e-01 	1.4237e+00 	2.8474e-02
329  	 9.9133e-02 	1.0785e+00 	2.1570e-02
330  	 1.0021e-01 	3.3802e+00 	6.7604e-02
331  	 1.4242e-01 	4.3352e+00 	8.6705e-02
332  	 2.0496e-01 	2.8670e+00 	5.7340e-02
333  	 1.4337e-01 	4.9252e+00 	9.8504e-02
334  	 1.8724e-01 	3.5259e+00 	7.0518e-02
335  	 1.0637e-01 	1.2514e+00 	2.5028e-02
336  	 1.8585e-01 	1.2820e+00 	2.5640e-02
337  	 1.9292e-01 	7.0794e-01 	1.4159e-02
338  	 1.8418e-01 	1.0448e+00 	2.0895e-02
339  	 1.7383e-01 	3.3124e+00 	6.6247e-02
340  	 1.3299e-01 	5.6300e+00 	1.1260e-01
341  	 3.6779e-01 	3.8403e+00 	7.6806e-02
342  	 3.0168e-01 	3.4472e+00 	6.8944e-02
343  	 8.0166e-02 	2.1016e+00 	4.2032e-02
344  	 1.4365e-01 	6.8616e-01 	1.3723e-02
345  	 9.8430e-02 	6.5185e-01 	1.3037e-02
346  	 1.0694e-01 	5.3149e-01 	1.0630e-02
347  	 3.7491e-02 	6.1027e-01 	1.2205e-02
348  	 4.8513e-02 	7.3349e-01 	1.4670e-02
349  	 9.1965e-02 	6.4711e-01 	1.2942e-02
350  	 8.2026e-02 	5.4684e-01 	1.0937e-02
351  	 4.6177e-02 	1.7409e+00 	3.4818e-02
352  	 1.4845e-01 	2.1006e+00 	4.2011e-02
353  	 1.5401e-01 	2.5525e+00 	5.1050e-02
354  	 1.0966e-01 	2.4924e+00 	4.9847e-02
355  	 1.7604e-01 	4.8230e-01 	9.6460e-03
356  	 7.4519e-02 	4.5777e+00 	9.1553e-02
357  	 1.7787e-01 	5.1639e+00 	1.0328e-01
358  	 1.9333e-01 	5.0825e+00 	1.0165e-01
359  	 1.8230e-01 	6.9587e+00 	1.3917e-01
360  	 4.1798e-01 	4.1374e+00 	8.2749e-02
361  	 1.2710e-01 	2.3139e+00 	4.6278e-02
362  	 1.7558e-01 	2.8791e+00 	5.7582e-02
363  	 1.0820e-01 	1.8611e+00 	3.7223e-02
364  	 8.8829e-02 	1.5183e+00 	3.0366e-02
365  	 1.0381e-01 	3.5955e+00 	7.1910e-02
366  	 2.5069e-01 	3.5729e+00 	7.1457e-02
367  	 1.7537e-01 	4.7491e+00 	9.4982e-02
368  	 2.4666e-01 	4.4929e+00 	8.9858e-02
369  	 2.6565e-01 	3.1696e+00 	6.3391e-02
370  	 1.8603e-01 	3.0588e+00 	6.1176e-02
371  	 1.5348e-01 	2.2673e+00 	4.5345e-02
372  	 1.3790e-01 	1.3807e+00 	2.7613e-02
373  	 1.9696e-01 	4.2089e+00 	8.4179e-02
374  	 2.2460e-01 	2.3886e+00 	4.7772e-02
375  	 1.2514e-01 	9.6709e-01 	1.9342e-02
376  	 1.0794e-01 	2.9210e+00 	5.8420e-02
377  	 1.6368e-01 	5.9219e+00 	1.1844e-01
378  	 3.5481e-01 	4.7132e+00 	9.4263e-02
379  	 2.6278e-01 	9.9118e-01 	1.9824e-02
380  	 1.0745e-01 	2.3226e+00 	4.6452e-02
381  	 1.4994e-01 	1.9649e+00 	3.9297e-02
382  	 1.2796e-01 	2.7123e+00 	5.4245e-02
383  	 1.7413e-01 	1.7872e+00 	3.5744e-02
384  	 1.2518e-01 	4.9007e-01 	9.8014e-03
385  	 8.2183e-02 	5.2967e-01 	1.0593e-02
386  	 1.0019e-01 	7.3942e-01 	1.4788e-02
387  	 1.0132e-01 	3.5658e+00 	7.1316e-02
388  	 2.5701e-01 	2.1102e+00 	4.2205e-02
389  	 1.2182e-01 	9.9321e-01 	1.9864e-02
390  	 6.6974e-02 	3.9317e+00 	7.8633e-02
391  	 1.3761e-01 	7.2690e+00 	1.4538e-01
392  	 2.9906e-01 	1.2527e+01 	2.5054e-01
393  	 5.9669e-01 	1.2596e+01 	2.5192e-01
394  	 1.1903e+00 	3.9972e+00 	7.9944e-02
395  	 2.1979e-01 	3.1944e-01 	6.3888e-03
396  	 1.3681e-01 	1.3755e+00 	2.7510e-02
397  	 7.5745e-02 	2.0958e+00 	4.1917e-02
398  	 1.8792e-01 	2.6509e+00 	5.3018e-02
399  	 1.4967e-01 	2.0856e+00 	4.1711e-02
400  	 1.4982e-01 	2.5211e+00 	5.0422e-02
401  	 2.1732e-01 	2.6153e+00 	5.2307e-02
402  	 1.1282e-01 	1.0435e+00 	2.0870e-02
403  	 4.3347e-02 	1.6297e+00 	3.2593e-02
404  	 8.9319e-02 	2.2652e+00 	4.5304e-02
405  	 1.0078e-01 	1.3316e+00 	2.6632e-02
406  	 1.1538e-01 	3.7276e+00 	7.4552e-02
407  	 1.4547e-01 	3.2884e+00 	6.5768e-02
408  	 2.2708e-01 	1.0785e+00 	2.1570e-02
409  	 7.0672e-02 	3.4769e+00 	6.9538e-02
410  	 1.3094e-01 	5.2403e+00 	1.0481e-01
411  	 2.2206e-01 	1.1866e+00 	2.3732e-02
412  	 7.4227e-02 	4.2247e+00 	8.4494e-02
413  	 2.1534e-01 	4.3524e+00 	8.7048e-02
414  	 2.2937e-01 	1.4243e+00 	2.8486e-02
415  	 9.7933e-02 	3.4587e-01 	6.9174e-03
416  	 7.4020e-02 	1.4535e-01 	2.9069e-03
417  	 9.2658e-02 	1.6844e+00 	3.3687e-02
418  	 1.2812e-01 	1.9022e+00 	3.8043e-02
419  	 7.7796e-02 	1.6441e+00 	3.2882e-02
420  	 8.9049e-02 	2.8287e+00 	5.6573e-02
421  	 1.8146e-01 	1.1199e+00 	2.2398e-02
422  	 2.1683e-01 	9.9295e-01 	1.9859e-02
423  	 9.9811e-02 	8.9828e-01 	1.7966e-02
424  	 2.3853e-02 	4.6036e+00 	9.2073e-02
425  	 1.7556e-01 	3.0619e+00 	6.1239e-02
426  	 2.4245e-01 	9.3489e-01 	1.8698e-02
427  	 1.0321e-01 	1.1181e+00 	2.2362e-02
428  	 4.8423e-02 	4.4345e+00 	8.8689e-02
429  	 1.9176e-01 	7.5955e+00 	1.5191e-01
430  	 3.0595e-01 	1.1465e+01 	2.2931e-01
431  	 9.3708e-01 	1.2042e+01 	2.4083e-01
432  	 7.1769e-01 	6.5049e+00 	1.3010e-01
433  	 5.3074e-01 	1.3756e+00 	2.7512e-02
434  	 1.0433e-01 	3.7793e-01 	7.5585e-03
435  	 7.3162e-02 	5.0038e-01 	1.0008e-02
436  	 3.1796e-02 	1.1563e+00 	2.3126e-02
437  	 1.5483e-01 	1.5143e+00 	3.0285e-02
438  	 1.2802e-01 	1.9945e+00 	3.9889e-02
439  	 1.7265e-01 	2.9839e+00 	5.9677e-02
440  	 1.8474e-01 	1.7442e+00 	3.4884e-02
441  	 1.5260e-01 	1.2002e+00 	2.4004e-02
442  	 7.7950e-02 	3.0710e-01 	6.1419e-03
443  	 1.2953e-01 	1.1426e+00 	2.2851e-02
444  	 9.4189e-02 	5.3011e-01 	1.0602e-02
445  	 1.1877e-01 	1.9228e+00 	3.8456e-02
446  	 9.6691e-02 	2.9750e+00 	5.9501e-02
447  	 3.9287e-01 	1.6262e+00 	3.2525e-02
448  	 6.3684e-02 	1.6772e-01 	3.3544e-03
449  	 4.3446e-02 	2.1217e+00 	4.2435e-02
450  	 1.5761e-01 	1.2220e+00 	2.4440e-02
451  	 1.9852e-01 	6.5900e-01 	1.3180e-02
452  	 7.0177e-02 	1.7971e+00 	3.5943e-02
453  	 1.1763e-01 	2.4781e+00 	4.9561e-02
454  	 1.8014e-01 	2.8268e+00 	5.6537e-02
455  	 2.4559e-01 	7.6898e-01 	1.5380e-02
456  	 1.9689e-01 	1.7492e+00 	3.4985e-02
457  	 1.1237e-01 	1.5938e-01 	3.1876e-03
458  	 1.9437e-01 	1.9766e+00 	3.9532e-02
459  	 1.8699e-01 	6.4801e+00 	1.2960e-01
460  	 1.8607e-01 	4.4263e+00 	8.8525e-02
461  	 2.8646e-01 	2.0960e+00 	4.1920e-02
462  	 1.9346e-01 	8.9830e-01 	1.7966e-02
463  	 1.7397e-01 	4.2688e+00 	8.5375e-02
464  	 1.2426e-01 	8.5823e+00 	1.7165e-01
465  	 4.5968e-01 	1.1876e+01 	2.3753e-01
466  	 7.1569e-01 	1.7191e+01 	3.4381e-01
467  	 1.4037e+00 	2.2429e+01 	4.4858e-01
468  	 2.5313e+00 	1.4233e+01 	2.8465e-01
469  	 1.9914e+00 	2.6982e+00 	5.3964e-02
470  	 1.6142e-01 	4.5113e+00 	9.0225e-02
471  	 4.1884e-01 	5.4475e+00 	1.0895e-01
472  	 2.3612e-01 	4.8522e+00 	9.7045e-02
473  	 1.5702e-01 	4.9270e+00 	9.8539e-02
474  	 2.5839e-01 	7.3188e+00 	1.4638e-01
475  	 2.6131e-01 	8.3810e+00 	1.6762e-01
476  	 4.5612e-01 	3.1361e+00 	6.2721e-02
477  	 1.8522e-01 	8.7492e-01 	1.7498e-02
478  	 5.9989e-02 	1.3213e-01 	2.6425e-03
479  	 1.0224e-01 	6.8399e-01 	1.3680e-02
480  	 1.2151e-01 	1.1522e+00 	2.3044e-02
481  	 1.4099e-01 	2.6775e-01 	5.3551e-03
482  	 1.0533e-01 	1.5268e-01 	3.0536e-03
483  	 1.3490e-01 	8.9936e-01 	1.7987e-02
484  	 1.1902e-01 	2.3298e+00 	4.6597e-02
485  	 1.4106e-01 	1.1095e+00 	2.2189e-02
486  	 8.0307e-02 	9.8861e-01 	1.9772e-02
487  	 8.8775e-02 	2.5225e+00 	5.0449e-02
488  	 2.2228e-01 	4.1187e+00 	8.2374e-02
489  	 1.9252e-01 	2.3667e+00 	4.7334e-02
490  	 1.3009e-01 	1.0712e+00 	2.1424e-02
491  	 1.0189e-01 	1.7331e+00 	3.4662e-02
492  	 1.6338e-01 	1.7600e+00 	3.5200e-02
493  	 1.7640e-01 	3.1994e-01 	6.3989e-03
494  	 1.2866e-01 	1.8171e+00 	3.6343e-02
495  	 1.9897e-01 	1.1224e+00 	2.2448e-02
496  	 1.1738e-01 	2.4272e+00 	4.8544e-02
497  	 1.9985e-01 	4.3691e+00 	8.7382e-02
498  	 1.6679e-01 	6.4020e+00 	1.2804e-01
499  	 4.5912e-01 	4.3622e+00 	8.7245e-02
500  	 2.5945e-01 	1.1160e+00 	2.2319e-02
501  	 9.1551e-02 	1.5371e+00 	3.0741e-02
502  	 1.3367e-01 	3.6994e-01 	7.3987e-03
503  	 4.1695e-02 	1.4308e+00 	2.8617e-02
504  	 7.4546e-02 	1.2623e+00 	2.5246e-02
505  	 1.2058e-01 	2.2710e+00 	4.5421e-02
506  	 1.5454e-01 	3.2600e+00 	6.5200e-02
507  	 2.7458e-01 	3.7108e+00 	7.4217e-02
508  	 2.0289e-01 	1.7683e+00 	3.5367e-02
509  	 1.3049e-01 	2.1334e+00 	4.2667e-02
510  	 1.6027e-01 	6.8977e-01 	1.3795e-02
511  	 2.7072e-01 	8.6380e-01 	1.7276e-02
512  	 1.1440e-01 	1.3081e+00 	2.6161e-02
513  	 5.9514e-02 	3.7344e-01 	7.4689e-03
514  	 4.0503e-02 	5.4058e-01 	1.0812e-02
515  	 1.1742e-01 	4.7084e+00 	9.4168e-02
516  	 2.3285e-01 	4.6724e+00 	9.3449e-02
517  	 3.1100e-01 	4.4233e-01 	8.8466e-03
518  	 1.5091e-01 	2.2172e+00 	4.4343e-02
519  	 1.4140e-01 	4.1450e+00 	8.2899e-02
520  	 2.8826e-01 	3.1205e+00 	6.2411e-02
521  	 2.7299e-01 	2.8243e+00 	5.6486e-02
522  	 1.7473e-01 	4.9462e-01 	9.8924e-03
523  	 6.1747e-02 	2.2656e+00 	4.5311e-02
524  	 9.4515e-02 	7.8308e-01 	1.5662e-02
525  	 1.7335e-01 	3.4792e+00 	6.9583e-02
526  	 9.4639e-02 	2.7924e+00 	5.5849e-02
527  	 9.8659e-02 	4.7512e-01 	9.5024e-03
528  	 8.2525e-02 	1.2422e+00 	2.4844e-02
529  	 7.3291e-02 	5.7735e-01 	1.1547e-02
530  	 7.3360e-02 	1.1589e+00 	2.3177e-02
531  	 9.8213e-02 	7.1507e-01 	1.4301e-02
532  	 1.3945e-01 	4.6806e+00 	9.3612e-02
533  	 1.5632e-01 	6.0376e+00 	1.2075e-01
534  	 2.4819e-01 	1.8023e+00 	3.6046e-02
535  	 1.1922e-01 	2.0736e+00 	4.1472e-02
536  	 1.5110e-01 	2.2133e+00 	4.4267e-02
537  	 1.4421e-01 	2.0794e+00 	4.1588e-02
538  	 1.1906e-01 	5.5187e+00 	1.1037e-01
539  	 2.8563e-01 	1.0092e+01 	2.0184e-01
540  	 4.1369e-01 	1.0838e+01 	2.1676e-01
541  	 6.0989e-01 	1.1583e+01 	2.3166e-01
542  	 7.4824e-01 	1.1775e+01 	2.3551e-01
543  	 9.6085e-01 	9.0036e+00 	1.8007e-01
544  	 6.3150e-01 	7.8307e+00 	1.5661e-01
545  	 3.1486e-01 	1.0502e+01 	2.1003e-01
546  	 6.3261e-01 	4.3787e+00 	8.7574e-02
547  	 3.4198e-01 	2.2640e+00 	4.5279e-02
548  	 6.8078e-02 	1.0415e+00 	2.0831e-02
549  	 1.7736e-01 	2.0388e+00 	4.0775e-02
550  	 1.2658e-01 	1.8414e+00 	3.6827e-02
551  	 4.4041e-02 	5.4579e-01 	1.0916e-02
552  	 1.2446e-01 	3.5543e+00 	7.1086e-02
553  	 1.7518e-01 	5.5929e+00 	1.1186e-01
554  	 2.8727e-01 	5.3836e+00 	1.0767e-01
555  	 2.7995e-01 	3.0525e+00 	6.1050e-02
556  	 1.3010e-01 	6.6575e-01 	1.3315e-02
557  	 6.5097e-02 	1.3727e+00 	2.7454e-02
558  	 7.9078e-02 	1.4021e+00 	2.8042e-02
559  	 1.6397e-01 	7.4504e-01 	1.4901e-02
560  	 1.1691e-01 	1.3265e+00 	2.6530e-02
561  	 1.4660e-01 	1.4265e+00 	2.8530e-02
562  	 1.5503e-01 	4.9281e-01 	9.8562e-03
563  	 1.8207e-01 	3.6069e+00 	7.2138e-02
564  	 1.7678e-01 	5.3941e+00 	1.0788e-01
565  	 2.4174e-01 	2.7545e+00 	5.5090e-02
566  	 1.7627e-01 	1.6307e+00 	3.2614e-02
567  	 1.7320e-01 	3.0235e-01 	6.0471e-03
568  	 1.6350e-01 	1.4020e+00 	2.8040e-02
569  	 1.3965e-01 	1.9262e+00 	3.8523e-02
570  	 1.8465e-01 	4.8039e+00 	9.6079e-02
571  	 1.3285e-01 	2.9593e+00 	5.9187e-02
572  	 1.8409e-01 	1.5153e+00 	3.0306e-02
573  	 1.6873e-01 	3.7978e+00 	7.5957e-02
574  	 1.4118e-01 	5.8799e+00 	1.1760e-01
575  	 2.8937e-01 	5.5438e+00 	1.1088e-01
576  	 2.6775e-01 	4.2933e+00 	8.5865e-02
577  	 2.2268e-01 	2.3863e+00 	4.7725e-02
578  	 6.5099e-02 	2.9050e+00 	5.8100e-02
579  	 1.2592e-01 	1.3204e+00 	2.6407e-02
580  	 2.2899e-01 	9.1087e-01 	1.8217e-02
581  	 9.5511e-02 	1.3153e+00 	2.6306e-02
582  	 2.4737e-01 	6.5528e-01 	1.3106e-02
583  	 1.7291e-01 	1.0729e+00 	2.1458e-02
584  	 1.9747e-01 	1.0654e+00 	2.1307e-02
585  	 2.1908e-01 	1.9018e+00 	3.8036e-02
586  	 9.8527e-02 	8.8209e-01 	1.7642e-02
587  	 5.1879e-02 	9.8242e-01 	1.9648e-02
588  	 2.8271e-01 	3.0321e+00 	6.0643e-02
589  	 1.1524e-01 	8.5938e-01 	1.7188e-02
590  	 1.1605e-01 	1.0754e+00 	2.1507e-02
591  	 1.1843e-01 	4.5758e+00 	9.1516e-02
592  	 1.5429e-01 	1.8884e+00 	3.7767e-02
593  	 7.8913e-02 	1.3456e+00 	2.6912e-02
594  	 5.7700e-02 	4.6688e+00 	9.3375e-02
595  	 1.7613e-01 	2.4863e+00 	4.9725e-02
596  	 7.8614e-02 	2.3647e+00 	4.7294e-02
597  	 1.4385e-01 	3.0254e+00 	6.0509e-02
598  	 7.5073e-02 	4.3276e+00 	8.6552e-02
599  	 1.5691e-01 	1.7193e+00 	3.4386e-02
600  	 7.0247e-02 	1.5209e-01 	3.0418e-03
601  	 1.1848e-01 	8.3357e-01 	1.6671e-02
602  	 1.0681e-01 	1.7643e+00 	3.5285e-02
603  	 2.0706e-01 	4.8454e+00 	9.6908e-02
604  	 1.6747e-01 	5.9588e+00 	1.1918e-01
605  	 2.3916e-01 	2.5896e+00 	5.1792e-02
606  	 1.1100e-01 	1.0362e+00 	2.0723e-02
607  	 1.6381e-01 	2.0183e+00 	4.0367e-02
608  	 5.7729e-02 	3.9865e+00 	7.9731e-02
609  	 1.4946e-01 	2.7043e+00 	5.4087e-02
610  	 2.5038e-01 	1.0319e+00 	2.0638e-02
611  	 4.6295e-02 	2.7609e+00 	5.5218e-02
612  	 1.8163e-01 	4.5332e+00 	9.0665e-02
613  	 1.3153e-01 	5.0923e+00 	1.0185e-01
614  	 2.5627e-01 	3.7984e+00 	7.5968e-02
615  	 1.5067e-01 	3.1634e+00 	6.3269e-02
616  	 1.6009e-01 	2.2806e+00 	4.5612e-02
617  	 9.1563e-02 	2.2769e+00 	4.5538e-02
618  	 7.3479e-02 	1.2806e+00 	2.5611e-02
619  	 9.6633e-02 	9.5649e-01 	1.9130e-02
620  	 1.6647e-01 	1.3487e+00 	2.6974e-02
621  	 1.0775e-01 	2.3597e+00 	4.7194e-02
622  	 1.9340e-01 	2.7740e+00 	5.5479e-02
623  	 1.0773e-01 	3.7347e+00 	7.4694e-02
624  	 1.7299e-01 	3.5329e+00 	7.0659e-02
625  	 2.2403e-01 	5.7551e-01 	1.1510e-02
626  	 1.5285e-01 	2.6127e+00 	5.2254e-02
627  	 9.9826e-02 	1.4365e+00 	2.8730e-02
628  	 7.2413e-02 	1.5017e+00 	3.0034e-02
629  	 1.1952e-01 	2.7139e+00 	5.4278e-02
630  	 6.6320e-02 	2.0444e+00 	4.0889e-02
631  	 6.5153e-02 	1.1109e+00 	2.2217e-02
632  	 7.2325e-02 	6.0249e-01 	1.2050e-02
633  	 1.5361e-01 	2.8501e-01 	5.7003e-03
634  	 5.2767e-02 	1.1636e+00 	2.3272e-02
635  	 6.6732e-02 	1.8143e+00 	3.6286e-02
636  	 7.8045e-02 	1.6470e+00 	3.2941e-02
637  	 1.3234e-01 	2.2381e+00 	4.4762e-02
638  	 1.2232e-01 	3.1928e+00 	6.3855e-02
639  	 7.6499e-02 	1.7291e+00 	3.4582e-02
640  	 1.0993e-01 	1.7736e+00 	3.5472e-02
641  	 1.4839e-01 	3.9937e+00 	7.9873e-02
642  	 2.2904e-01 	5.6831e+00 	1.1366e-01
643  	 2.9926e-01 	7.4723e+00 	1.4945e-01
644  	 2.8978e-01 	5.5936e+00 	1.1187e-01
645  	 3.1236e-01 	9.8226e-01 	1.9645e-02
646  	 1.1328e-01 	1.3398e+00 	2.6797e-02
647  	 5.0848e-02 	1.4909e-01 	2.9818e-03
648  	 3.8221e-02 	1.3170e+00 	2.6340e-02
649  	 1.2926e-01 	1.8522e+00 	3.7044e-02
650  	 1.9300e-01 	8.5357e-01 	1.7071e-02
651  	 3.5467e-02 	8.3019e-01 	1.6604e-02
652  	 1.3471e-01 	2.0037e+00 	4.0073e-02
653  	 1.8115e-01 	3.2360e+00 	6.4720e-02
654  	 2.3484e-01 	4.4416e-01 	8.8831e-03
655  	 1.1708e-01 	2.6200e+00 	5.2400e-02
656  	 1.4347e-01 	1.4917e+00 	2.9835e-02
657  	 1.2639e-01 	3.3158e+00 	6.6317e-02
658  	 1.6018e-01 	3.0373e+00 	6.0746e-02
659  	 1.4449e-01 	4.1068e+00 	8.2137e-02
660  	 1.8689e-01 	5.7605e+00 	1.1521e-01
661  	 2.4745e-01 	4.0715e+00 	8.1429e-02
662  	 2.0891e-01 	1.0931e+00 	2.1861e-02
663  	 6.6286e-02 	9.4475e-01 	1.8895e-02
664  	 6.1736e-02 	2.4521e+00 	4.9043e-02
665  	 2.2414e-01 	5.8430e+00 	1.1686e-01
666  	 2.4049e-01 	4.5108e+00 	9.0215e-02
667  	 2.9139e-01 	5.6299e-01 	1.1260e-02
668  	 1.1419e-01 	9.3849e-01 	1.8770e-02
669  	 1.2763e-01 	3.0376e+00 	6.0752e-02
670  	 1.9767e-01 	6.3939e+00 	1.2788e-01
671  	 2.3938e-01 	7.2265e+00 	1.4453e-01
672  	 3.9384e-01 	3.8999e+00 	7.7997e-02
673  	 1.9953e-01 	1.1331e+00 	2.2662e-02
674  	 1.6357e-01 	9.0851e-01 	1.8170e-02
675  	 6.6884e-02 	9.0310e-02 	1.8062e-03
676  	 3.2138e-02 	6.7566e+00 	1.3513e-01
677  	 2.8067e-01 	9.6679e+00 	1.9336e-01
678  	 7.0495e-01 	7.9031e+00 	1.5806e-01
679  	 4.4686e-01 	4.2641e+00 	8.5281e-02
680  	 2.0494e-01 	2.4803e-01 	4.9606e-03
681  	 1.0220e-01 	1.1479e+00 	2.2958e-02
682  	 7.0620e-02 	1.8351e+00 	3.6703e-02
683  	 9.1868e-02 	5.8976e-01 	1.1795e-02
684  	 9.0247e-02 	9.0312e-02 	1.8062e-03
685  	 3.4091e-02 	1.5674e-01 	3.1348e-03
686  	 7.3961e-02 	1.6031e+00 	3.2062e-02
687  	 1.0319e-01 	6.0737e-01 	1.2147e-02
688  	 1.0650e-01 	1.0092e+00 	2.0185e-02
689  	 7.3381e-02 	2.9694e-01 	5.9388e-03
690  	 1.1480e-01 	5.7799e-01 	1.1560e-02
691  	 1.3836e-01 	4.8987e-01 	9.7974e-03
692  	 7.8872e-02 	6.7256e-01 	1.3451e-02
693  	 9.1847e-02 	3.7723e-01 	7.5446e-03
694  	 1.0111e-01 	2.8429e+00 	5.6858e-02
695  	 8.6889e-02 	9.7079e-01 	1.9416e-02
696  	 1.7852e-01 	3.3857e+00 	6.7713e-02
697  	 2.1581e-01 	2.5274e+00 	5.0548e-02
698  	 1.1130e-01 	2.2313e+00 	4.4625e-02
699  	 6.1311e-02 	1.6760e+00 	3.3520e-02
700  	 1.3133e-01 	1.9604e+00 	3.9208e-02
701  	 1.8361e-01 	1.8756e+00 	3.7512e-02
702  	 2.4286e-01 	6.3234e-01 	1.2647e-02
703  	 1.6124e-01 	1.0329e+00 	2.0659e-02
704  	 6.5360e-02 	1.1505e+00 	2.3010e-02
705  	 6.0499e-02 	6.1518e-01 	1.2304e-02
706  	 1.1350e-01 	2.3517e+00 	4.7034e-02
707  	 1.2371e-01 	1.4912e+00 	2.9823e-02
708  	 7.4194e-02 	2.6438e+00 	5.2876e-02
709  	 1.0796e-01 	5.3957e+00 	1.0791e-01
710  	 2.2632e-01 	3.3839e+00 	6.7678e-02
711  	 2.0705e-01 	2.1184e+00 	4.2367e-02
712  	 1.4994e-01 	3.5436e+00 	7.0872e-02
713  	 1.4757e-01 	1.9574e+00 	3.9148e-02
714  	 1.7450e-01 	1.9172e+00 	3.8344e-02
715  	 1.7594e-01 	3.4422e+00 	6.8845e-02
716  	 1.5517e-01 	1.8898e+00 	3.7797e-02
717  	 1.1831e-01 	1.4035e+00 	2.8071e-02
718  	 1.1638e-01 	7.5209e-01 	1.5042e-02
719  	 2.7621e-02 	4.2048e+00 	8.4095e-02
720  	 1.9896e-01 	1.0098e+01 	2.0196e-01
721  	 5.1836e-01 	4.1311e+00 	8.2623e-02
722  	 3.8606e-01 	3.5552e+00 	7.1105e-02
723  	 1.1615e-01 	1.8083e+00 	3.6166e-02
724  	 1.8562e-01 	3.3024e-01 	6.6049e-03
725  	 1.1553e-01 	2.0316e+00 	4.0631e-02
726  	 1.9967e-01 	1.6668e+00 	3.3337e-02
727  	 9.3137e-02 	5.2215e-01 	1.0443e-02
728  	 7.3249e-02 	9.5650e-01 	1.9130e-02
729  	 1.3615e-01 	2.0279e+00 	4.0557e-02
730  	 1.4764e-01 	6.8253e-01 	1.3651e-02
731  	 9.2515e-02 	1.3219e+00 	2.6438e-02
732  	 9.3211e-02 	3.2687e+00 	6.5375e-02
733  	 1.8214e-01 	4.9933e+00 	9.9866e-02
734  	 2.0990e-01 	3.8875e+00 	7.7750e-02
735  	 2.4595e-01 	1.4319e+00 	2.8638e-02
736  	 7.7132e-02 	1.5184e+00 	3.0368e-02
737  	 8.7280e-02 	2.0927e+00 	4.1853e-02
738  	 1.7642e-01 	8.7978e-01 	1.7596e-02
739  	 1.0337e-01 	2.1779e+00 	4.3558e-02
740  	 8.9462e-02 	9.6477e-01 	1.9295e-02
741  	 1.0254e-01 	3.5950e-01 	7.1899e-03
742  	 6.5306e-02 	1.8721e+00 	3.7443e-02
743  	 9.5217e-02 	2.6636e+00 	5.3273e-02
744  	 1.2022e-01 	5.5189e-01 	1.1038e-02
745  	 7.1469e-02 	4.6566e+00 	9.3133e-02
746  	 2.3722e-01 	5.5035e+00 	1.1007e-01
747  	 2.6472e-01 	3.7322e+00 	7.4644e-02
748  	 2.4024e-01 	2.8648e+00 	5.7296e-02
749  	 2.0302e-01 	3.7134e+00 	7.4267e-02
750  	 2.2192e-01 	5.3780e+00 	1.0756e-01
751  	 1.6593e-01 	8.4579e+00 	1.6916e-01
752  	 4.0356e-01 	6.2539e+00 	1.2508e-01
753  	 6.0360e-01 	1.1378e+00 	2.2756e-02
754  	 1.0127e-01 	2.8139e-01 	5.6277e-03
755  	 7.8970e-02 	3.1045e+00 	6.2091e-02
756  	 2.2500e-01 	4.4549e+00 	8.9099e-02
757  	 2.1842e-01 	4.1170e+00 	8.2339e-02
758  	 2.9115e-01 	3.5185e+00 	7.0369e-02
759  	 2.1732e-01 	1.4006e+00 	2.8013e-02
760  	 9.0414e-02 	8.5216e-01 	1.7043e-02
761  	 8.6584e-02 	1.9384e-01 	3.8767e-03
762  	 1.2620e-01 	7.8361e-01 	1.5672e-02
763  	 9.3162e-02 	2.1340e+00 	4.2681e-02
764  	 1.7000e-01 	1.6563e+00 	3.3126e-02
765  	 2.0852e-01 	1.1834e+00 	2.3669e-02
766  	 1.0560e-01 	9.0041e-01 	1.8008e-02
767  	 1.9241e-01 	2.8633e+00 	5.7265e-02
768  	 8.5025e-02 	2.2106e+00 	4.4211e-02
769  	 2.2540e-01 	4.3353e+00 	8.6705e-02
770  	 1.5134e-01 	6.3009e+00 	1.2602e-01
771  	 3.0427e-01 	3.8940e+00 	7.7879e-02
772  	 2.7417e-01 	1.8817e+00 	3.7633e-02
773  	 9.3777e-02 	3.1815e+00 	6.3630e-02
774  	 1.1604e-01 	2.8457e+00 	5.6913e-02
775  	 1.1590e-01 	5.1844e+00 	1.0369e-01
776  	 2.4921e-01 	6.1619e+00 	1.2324e-01
777  	 3.3509e-01 	3.2931e+00 	6.5862e-02
778  	 2.3276e-01 	1.4638e+00 	2.9276e-02
779  	 5.8314e-02 	1.0563e+00 	2.1126e-02
780  	 5.9817e-02 	1.5453e+00 	3.0905e-02
781  	 1.8647e-01 	4.8041e-01 	9.6082e-03
782  	 1.5204e-01 	3.1405e+00 	6.2810e-02
783  	 1.9979e-01 	3.9244e-01 	7.8487e-03
784  	 2.0361e-01 	2.5538e+00 	5.1075e-02
785  	 1.7954e-01 	1.7681e+00 	3.5362e-02
786  	 1.3042e-01 	3.6504e-01 	7.3007e-03
787  	 1.7540e-01 	1.8433e+00 	3.6865e-02
788  	 4.9814e-02 	4.8402e-01 	9.6804e-03
789  	 5.9340e-02 	5.5104e-01 	1.1021e-02
790  	 1.0824e-01 	1.8277e+00 	3.6553e-02
791  	 8.3739e-02 	2.9527e+00 	5.9055e-02
792  	 1.4492e-01 	2.5134e+00 	5.0267e-02
793  	 9.1388e-02 	1.0253e+00 	2.0505e-02
794  	 9.8529e-02 	4.8385e+00 	9.6770e-02
795  	 2.8287e-01 	3.9484e+00 	7.8969e-02
796  	 1.7084e-01 	1.8199e+00 	3.6398e-02
797  	 1.1590e-01 	2.7775e-01 	5.5550e-03
798  	 6.4074e-02 	6.8944e-01 	1.3789e-02
799  	 1.7271e-01 	1.1326e+00 	2.2652e-02
800  	 1.0537e-01 	3.9138e-01 	7.8276e-03
801  	 6.3036e-02 	1.7015e+00 	3.4029e-02
802  	 1.3530e-01 	4.6644e-01 	9.3288e-03
803  	 1.2391e-01 	3.2155e+00 	6.4310e-02
804  	 2.9795e-01 	2.8851e+00 	5.7702e-02
805  	 1.5354e-01 	2.9607e+00 	5.9214e-02
806  	 1.6278e-01 	4.3932e+00 	8.7863e-02
807  	 2.2744e-01 	4.4611e+00 	8.9221e-02
808  	 4.0999e-01 	1.6211e+00 	3.2422e-02
809  	 8.6786e-02 	4.9154e-01 	9.8307e-03
810  	 8.7932e-02 	6.7132e-01 	1.3426e-02
811  	 2.1524e-01 	1.2030e+00 	2.4060e-02
812  	 7.2575e-02 	2.0435e+00 	4.0870e-02
813  	 1.2657e-01 	8.5460e-01 	1.7092e-02
814  	 1.0499e-01 	1.0417e+00 	2.0835e-02
815  	 1.4005e-01 	2.8965e+00 	5.7929e-02
816  	 1.3448e-01 	5.7420e+00 	1.1484e-01
817  	 2.3851e-01 	6.1788e+00 	1.2358e-01
818  	 2.1997e-01 	4.5523e+00 	9.1047e-02
819  	 2.1395e-01 	1.5075e+00 	3.0151e-02
820  	 7.3668e-02 	3.5959e-01 	7.1919e-03
821  	 2.7406e-02 	4.4290e-01 	8.8581e-03
822  	 4.6779e-02 	4.4400e-01 	8.8799e-03
823  	 6.9375e-02 	9.4833e-01 	1.8967e-02
824  	 1.0939e-01 	2.6123e-01 	5.2246e-03
825  	 3.0552e-02 	6.8548e-01 	1.3710e-02
826  	 6.5876e-02 	2.6400e+00 	5.2801e-02
827  	 9.0355e-02 	3.0990e+00 	6.1980e-02
828  	 1.5332e-01 	3.7864e+00 	7.5728e-02
829  	 1.5785e-01 	1.5463e+00 	3.0926e-02
830  	 8.7415e-02 	2.6723e-01 	5.3447e-03
831  	 1.1320e-01 	4.1272e-01 	8.2544e-03
832  	 9.6225e-02 	2.1611e+00 	4.3222e-02
833  	 1.1423e-01 	2.5190e+00 	5.0379e-02
834  	 1.4196e-01 	2.6953e-01 	5.3906e-03
835  	 4.2404e-02 	8.6502e-01 	1.7300e-02
836  	 7.7195e-02 	1.8839e+00 	3.7677e-02
837  	 1.1350e-01 	1.1906e+00 	2.3812e-02
838  	 7.9844e-02 	1.7863e+00 	3.5726e-02
839  	 9.0131e-02 	3.3041e-01 	6.6082e-03
840  	 1.8175e-01 	2.2464e+00 	4.4929e-02
841  	 1.6147e-01 	2.6382e+00 	5.2763e-02
842  	 1.2100e-01 	2.1521e+00 	4.3041e-02
843  	 5.7175e-02 	9.3494e-01 	1.8699e-02
844  	 1.8582e-01 	3.4970e+00 	6.9940e-02
845  	 1.6573e-01 	1.8987e+00 	3.7973e-02
846  	 7.6884e-02 	2.3454e+00 	4.6908e-02
847  	 6.8119e-02 	4.2382e+00 	8.4764e-02
848  	 1.2827e-01 	2.1589e+00 	4.3178e-02
849  	 7.5452e-02 	1.5235e+00 	3.0470e-02
850  	 1.1616e-01 	3.5376e+00 	7.0751e-02
851  	 1.4262e-01 	1.8912e+00 	3.7825e-02
852  	 1.0155e-01 	2.1492e+00 	4.2983e-02
853  	 8.8839e-02 	5.4399e+00 	1.0880e-01
854  	 2.3804e-01 	4.8547e+00 	9.7095e-02
855  	 3.7461e-01 	2.0995e+00 	4.1989e-02
856  	 1.2876e-01 	3.4325e+00 	6.8651e-02
857  	 7.5758e-02 	3.3709e+00 	6.7419e-02
858  	 1.8221e-01 	4.5709e-01 	9.1419e-03
859  	 2.6848e-02 	2.6156e+00 	5.2312e-02
860  	 1.4922e-01 	4.8669e+00 	9.7337e-02
861  	 2.4359e-01 	9.9631e+00 	1.9926e-01
862  	 5.2891e-01 	1.2577e+01 	2.5153e-01
863  	 8.1300e-01 	8.7070e+00 	1.7414e-01
864  	 5.5708e-01 	2.7272e+00 	5.4543e-02
865  	 2.2738e-01 	4.3379e-01 	8.6758e-03
866  	 6.1998e-02 	1.2879e+00 	2.5759e-02
867  	 1.6747e-01 	3.4554e+00 	6.9108e-02
868  	 1.0533e-01 	4.0837e+00 	8.1674e-02
869  	 1.6667e-01 	7.7482e-01 	1.5496e-02
870  	 8.2113e-02 	1.4416e+00 	2.8832e-02
871  	 1.7057e-01 	7.3829e-01 	1.4766e-02
872  	 1.3556e-01 	9.7379e-01 	1.9476e-02
873  	 8.9971e-02 	1.5103e+00 	3.0206e-02
874  	 9.7597e-02 	2.2985e+00 	4.5970e-02
875  	 1.6397e-01 	3.0970e+00 	6.1940e-02
876  	 1.3279e-01 	5.3943e+00 	1.0789e-01
877  	 1.6729e-01 	3.2821e+00 	6.5642e-02
878  	 1.7051e-01 	1.3987e+00 	2.7973e-02
879  	 1.3392e-01 	1.3687e+00 	2.7375e-02
880  	 7.8253e-02 	3.0152e-01 	6.0304e-03
881  	 1.1805e-01 	1.4140e+00 	2.8279e-02
882  	 4.7279e-02 	5.7399e-01 	1.1480e-02
883  	 1.1708e-01 	1.3162e+00 	2.6323e-02
884  	 1.2238e-01 	2.4707e+00 	4.9415e-02
885  	 1.3274e-01 	2.8241e+00 	5.6482e-02
886  	 1.4517e-01 	2.3730e+00 	4.7459e-02
887  	 1.0592e-01 	5.2927e+00 	1.0585e-01
888  	 2.2537e-01 	3.8776e+00 	7.7552e-02
889  	 2.4676e-01 	1.7378e+00 	3.4756e-02
890  	 8.1392e-02 	1.2718e+00 	2.5436e-02
891  	 1.3187e-01 	6.4239e+00 	1.2848e-01
892  	 2.9392e-01 	6.3672e+00 	1.2734e-01
893  	 4.3172e-01 	2.3401e+00 	4.6803e-02
894  	 1.6802e-01 	1.9233e+00 	3.8466e-02
895  	 1.2206e-01 	3.0625e+00 	6.1250e-02
896  	 3.3678e-01 	1.0585e+00 	2.1170e-02
897  	 9.1547e-02 	1.5687e+00 	3.1374e-02
898  	 8.5090e-02 	7.5362e-01 	1.5072e-02
899  	 6.3306e-02 	5.3152e-01 	1.0630e-02
900  	 1.2027e-01 	1.1174e+00 	2.2348e-02
901  	 5.7505e-02 	1.9018e+00 	3.8037e-02
902  	 1.3975e-01 	1.7922e+00 	3.5843e-02
903  	 9.7799e-02 	1.3193e+00 	2.6387e-02
904  	 1.6875e-01 	5.8924e+00 	1.1785e-01
905  	 2.8254e-01 	6.2265e+00 	1.2453e-01
906  	 3.4960e-01 	3.8014e+00 	7.6028e-02
907  	 1.8606e-01 	3.2730e+00 	6.5460e-02
908  	 1.8783e-01 	3.4599e+00 	6.9197e-02
909  	 1.6482e-01 	1.7532e+00 	3.5065e-02
910  	 1.3100e-01 	1.1388e+00 	2.2776e-02
911  	 1.0219e-01 	2.9103e+00 	5.8205e-02
912  	 1.5753e-01 	9.2639e-01 	1.8528e-02
913  	 5.8727e-02 	1.6307e+00 	3.2614e-02
914  	 1.7912e-01 	7.8079e-01 	1.5616e-02
915  	 1.0461e-01 	1.2938e+00 	2.5876e-02
916  	 4.8881e-02 	4.3375e+00 	8.6750e-02
917  	 1.3225e-01 	2.9438e+00 	5.8875e-02
918  	 1.6342e-01 	1.6120e+00 	3.2241e-02
919  	 9.1620e-02 	2.1916e+00 	4.3832e-02
920  	 2.5730e-01 	4.6125e-01 	9.2251e-03
921  	 4.2471e-02 	6.3904e-01 	1.2781e-02
922  	 7.6441e-02 	1.1121e+00 	2.2242e-02
923  	 1.3399e-01 	1.3244e+00 	2.6487e-02
924  	 5.2884e-02 	2.0623e+00 	4.1246e-02
925  	 1.9772e-01 	5.9001e-01 	1.1800e-02
926  	 5.1455e-02 	1.7706e+00 	3.5412e-02
927  	 5.5782e-02 	9.4433e-01 	1.8887e-02
928  	 5.3212e-02 	8.7809e-01 	1.7562e-02
929  	 8.6294e-02 	3.2315e+00 	6.4629e-02
930  	 1.5899e-01 	4.9961e+00 	9.9922e-02
931  	 2.0942e-01 	2.4631e+00 	4.9262e-02
932  	 2.5193e-01 	9.0733e-01 	1.8147e-02
933  	 1.1189e-01 	3.2913e-01 	6.5825e-03
934  	 2.3934e-02 	2.5944e+00 	5.1887e-02
935  	 7.6696e-02 	3.1288e+00 	6.2577e-02
936  	 1.9888e-01 	2.2889e+00 	4.5778e-02
937  	 1.7822e-01 	1.5320e+00 	3.0641e-02
938  	 1.5451e-01 	1.5178e+00 	3.0357e-02
939  	 1.0230e-01 	2.3815e+00 	4.7629e-02
940  	 1.1854e-01 	7.7475e-01 	1.5495e-02
941  	 5.3013e-02 	3.4546e+00 	6.9092e-02
942  	 1.1028e-01 	2.8877e+00 	5.7755e-02
943  	 1.0484e-01 	1.3973e-01 	2.7947e-03
944  	 9.0416e-02 	9.5282e-01 	1.9056e-02
945  	 1.0747e-01 	3.9694e+00 	7.9387e-02
946  	 1.3929e-01 	5.3919e+00 	1.0784e-01
947  	 2.5797e-01 	1.7386e+00 	3.4771e-02
948  	 1.9402e-01 	5.5318e-01 	1.1064e-02
949  	 1.5419e-01 	2.4876e+00 	4.9751e-02
950  	 1.0564e-01 	1.1136e+00 	2.2271e-02
951  	 3.6964e-02 	1.3101e+00 	2.6202e-02
952  	 1.1278e-01 	5.1467e-01 	1.0293e-02
953  	 1.0765e-01 	2.6901e+00 	5.3803e-02
954  	 2.0751e-01 	1.0189e+01 	2.0378e-01
955  	 5.2846e-01 	8.2849e+00 	1.6570e-01
956  	 7.7697e-01 	2.0634e+00 	4.1267e-02
957  	 2.2524e-01 	2.9123e+00 	5.8246e-02
958  	 9.2082e-02 	2.9081e+00 	5.8162e-02
959  	 1.1872e-01 	6.0493e+00 	1.2099e-01
960  	 2.1040e-01 	7.2709e+00 	1.4542e-01
961  	 3.9091e-01 	2.4322e+00 	4.8645e-02
962  	 2.5419e-01 	6.1718e-01 	1.2344e-02
963  	 5.7447e-02 	1.4092e+00 	2.8183e-02
964  	 8.5481e-02 	6.1964e-01 	1.2393e-02
965  	 2.1199e-01 	5.3676e+00 	1.0735e-01
966  	 2.2083e-01 	8.7528e+00 	1.7506e-01
967  	 4.6269e-01 	2.7054e+00 	5.4108e-02
968  	 2.3474e-01 	2.9425e+00 	5.8851e-02
969  	 1.7302e-01 	2.2481e+00 	4.4963e-02
970  	 1.2185e-01 	4.4849e+00 	8.9698e-02
971  	 1.9659e-01 	1.5592e+00 	3.1183e-02
972  	 8.9821e-02 	3.7390e+00 	7.4780e-02
973  	 1.1672e-01 	4.1579e+00 	8.3157e-02
974  	 2.6543e-01 	3.0071e+00 	6.0142e-02
975  	 1.1791e-01 	1.2897e+00 	2.5795e-02
976  	 9.2492e-02 	4.2027e-01 	8.4055e-03
977  	 4.5133e-02 	1.5635e+00 	3.1270e-02
978  	 6.1224e-02 	1.0060e+00 	2.0120e-02
979  	 1.5772e-01 	3.7870e-01 	7.5740e-03
980  	 8.4077e-02 	7.9954e-01 	1.5991e-02
981  	 1.7108e-01 	7.4504e-01 	1.4901e-02
982  	 8.7697e-02 	1.6774e+00 	3.3548e-02
983  	 9.8953e-02 	2.0212e+00 	4.0425e-02
984  	 1.0253e-01 	9.6951e-01 	1.9390e-02
985  	 5.1930e-02 	8.9356e-01 	1.7871e-02
986  	 4.6423e-02 	1.8908e+00 	3.7817e-02
987  	 7.2887e-02 	7.5579e-01 	1.5116e-02
988  	 4.5107e-02 	3.8786e+00 	7.7571e-02
989  	 2.2155e-01 	8.8540e+00 	1.7708e-01
990  	 5.1209e-01 	9.3698e+00 	1.8740e-01
991  	 6.4827e-01 	3.4761e+00 	6.9522e-02
992  	 2.1147e-01 	1.1220e+00 	2.2440e-02
993  	 1.2661e-01 	8.0321e-01 	1.6064e-02
994  	 9.6994e-02 	2.1074e+00 	4.2148e-02
995  	 2.8963e-01 	6.1827e-01 	1.2365e-02
996  	 1.0284e-01 	3.5608e+00 	7.1215e-02
997  	 1.0765e-01 	6.1950e+00 	1.2390e-01
998  	 2.9810e-01 	5.0145e+00 	1.0029e-01
999  	 3.2210e-01 	3.7604e+00 	7.5207e-02
1000  	 2.6578e-01 	1.4121e+00 	2.8243e-02
1001  	 7.1213e-02 	4.0134e+00 	8.0267e-02
1002  	 1.8852e-01 	5.5648e+00 	1.1130e-01
1003  	 3.1722e-01 	1.5852e+00 	3.1703e-02
1004  	 1.1140e-01 	4.0287e+00 	8.0575e-02
1005  	 1.8786e-01 	3.5975e+00 	7.1950e-02
1006  	 1.4421e-01 	1.5793e+00 	3.1587e-02
1007  	 1.5321e-01 	9.6283e-01 	1.9257e-02
1008  	 9.2822e-02 	2.1419e+00 	4.2838e-02
1009  	 1.2740e-01 	2.3171e+00 	4.6342e-02
1010  	 1.1293e-01 	1.5726e+00 	3.1451e-02
1011  	 6.0417e-02 	3.5312e+00 	7.0624e-02
1012  	 1.0888e-01 	6.6519e+00 	1.3304e-01
1013  	 2.8522e-01 	4.9958e+00 	9.9915e-02
1014  	 2.9543e-01 	3.8234e+00 	7.6469e-02
1015  	 2.1221e-01 	5.6630e+00 	1.1326e-01
1016  	 3.5352e-01 	3.7226e+00 	7.4453e-02
1017  	 1.9338e-01 	2.8436e+00 	5.6873e-02
1018  	 1.0526e-01 	9.0326e-01 	1.8065e-02
1019  	 1.2885e-01 	1.1177e-01 	2.2354e-03
1020  	 7.5628e-02 	1.5057e+00 	3.0114e-02
1021  	 5.0769e-02 	2.0926e+00 	4.1853e-02
1022  	 1.3341e-01 	2.7285e+00 	5.4571e-02
1023  	 1.2455e-01 	2.3846e+00 	4.7692e-02
1024  	 1.1998e-01 	3.1134e+00 	6.2268e-02
1025  	 1.6638e-01 	2.6493e+00 	5.2986e-02
1026  	 1.9642e-01 	3.7168e+00 	7.4336e-02
1027  	 1.4952e-01 	2.6967e+00 	5.3934e-02
1028  	 2.6076e-01 	2.3572e-01 	4.7144e-03
1029  	 1.0568e-01 	4.6874e-01 	9.3749e-03
1030  	 1.1559e-01 	2.7045e-01 	5.4090e-03
1031  	 4.6616e-02 	7.7743e-01 	1.5549e-02
1032  	 1.2514e-01 	1.3514e+00 	2.7028e-02
1033  	 6.3212e-02 	1.5291e+00 	3.0582e-02
1034  	 1.3721e-01 	4.5858e-01 	9.1715e-03
1035  	 9.3647e-02 	1.1771e+00 	2.3542e-02
1036  	 8.8964e-02 	1.5365e+00 	3.0731e-02
1037  	 9.5972e-02 	9.5094e-01 	1.9019e-02
1038  	 1.4647e-01 	1.8798e+00 	3.7596e-02
1039  	 1.1845e-01 	1.3884e+00 	2.7768e-02
1040  	 1.9547e-01 	7.3883e-01 	1.4777e-02
1041  	 7.9053e-02 	2.9861e+00 	5.9722e-02
1042  	 9.7077e-02 	9.4772e+00 	1.8954e-01
1043  	 5.5132e-01 	6.4232e+00 	1.2846e-01
1044  	 5.0951e-01 	9.6691e-01 	1.9338e-02
1045  	 1.3615e-01 	8.0602e-01 	1.6120e-02
1046  	 9.1756e-02 	1.9666e-01 	3.9332e-03
1047  	 3.6492e-02 	1.5588e+00 	3.1177e-02
1048  	 9.7018e-02 	2.6169e+00 	5.2338e-02
1049  	 9.8687e-02 	1.7527e+00 	3.5054e-02
1050  	 6.7163e-02 	7.0931e-01 	1.4186e-02
1051  	 8.5013e-02 	2.1825e+00 	4.3650e-02
1052  	 5.6565e-02 	1.0572e+00 	2.1144e-02
1053  	 1.1616e-01 	5.7481e-01 	1.1496e-02
1054  	 1.2463e-01 	6.8493e-01 	1.3699e-02
1055  	 1.5768e-01 	2.4961e+00 	4.9922e-02
1056  	 8.6176e-02 	4.2346e+00 	8.4692e-02
1057  	 1.5290e-01 	1.9395e+00 	3.8790e-02
1058  	 9.4249e-02 	4.2145e-01 	8.4289e-03
1059  	 1.4349e-01 	5.1239e-01 	1.0248e-02
1060  	 1.1802e-01 	1.2549e+00 	2.5098e-02
1061  	 1.6364e-01 	2.1856e-01 	4.3712e-03
1062  	 9.0462e-02 	5.3249e-01 	1.0650e-02
1063  	 6.6349e-02 	9.2202e-01 	1.8440e-02
1064  	 1.4377e-01 	3.6278e-01 	7.2556e-03
1065  	 8.0744e-02 	2.3845e+00 	4.7689e-02
1066  	 2.0730e-01 	2.0501e+00 	4.1002e-02
1067  	 1.4649e-01 	9.4628e-01 	1.8926e-02
1068  	 1.4104e-01 	1.4695e+00 	2.9391e-02
1069  	 2.3817e-01 	1.2445e+00 	2.4889e-02
1070  	 7.5815e-02 	1.4911e+00 	2.9823e-02
1071  	 5.3774e-02 	2.3715e+00 	4.7430e-02
1072  	 7.3734e-02 	7.4544e-01 	1.4909e-02
1073  	 2.3139e-01 	9.3367e-01 	1.8673e-02
1074  	 1.2875e-01 	1.5641e+00 	3.1283e-02
1075  	 3.5835e-02 	3.0817e+00 	6.1633e-02
1076  	 2.2575e-01 	2.5802e+00 	5.1605e-02
1077  	 1.8665e-01 	5.6486e-01 	1.1297e-02
1078  	 1.0977e-01 	1.3493e+00 	2.6986e-02
1079  	 6.7139e-02 	6.9408e-01 	1.3882e-02
1080  	 3.8669e-02 	1.2536e+00 	2.5073e-02
1081  	 1.4040e-01 	3.4834e+00 	6.9668e-02
1082  	 1.9721e-01 	8.9931e+00 	1.7986e-01
1083  	 4.0881e-01 	1.0935e+01 	2.1870e-01
1084  	 9.1389e-01 	6.4063e+00 	1.2813e-01
1085  	 3.9049e-01 	5.4538e+00 	1.0908e-01
1086  	 2.3894e-01 	5.6693e+00 	1.1339e-01
1087  	 3.1062e-01 	3.4882e+00 	6.9764e-02
1088  	 2.7289e-01 	3.2584e+00 	6.5169e-02
1089  	 1.1180e-01 	3.2189e+00 	6.4378e-02
1090  	 8.7941e-02 	2.8306e-01 	5.6613e-03
1091  	 5.3438e-02 	2.6090e+00 	5.2179e-02
1092  	 1.2876e-01 	3.0499e+00 	6.0999e-02
1093  	 1.1544e-01 	2.1046e+00 	4.2092e-02
1094  	 1.2566e-01 	2.9815e+00 	5.9629e-02
1095  	 7.1827e-02 	7.7017e+00 	1.5403e-01
1096  	 3.3719e-01 	6.0025e+00 	1.2005e-01
1097  	 3.2723e-01 	1.2009e+00 	2.4018e-02
1098  	 1.4112e-01 	6.5402e-01 	1.3080e-02
1099  	 4.8261e-02 	1.3132e+00 	2.6265e-02
1100  	 1.4957e-01 	3.3756e+00 	6.7512e-02
1101  	 1.6169e-01 	5.4129e+00 	1.0826e-01
1102  	 2.8195e-01 	9.7949e+00 	1.9590e-01
1103  	 4.7698e-01 	8.8846e+00 	1.7769e-01
1104  	 7.3205e-01 	4.1561e+00 	8.3121e-02
1105  	 1.9434e-01 	8.0451e-01 	1.6090e-02
1106  	 5.1554e-02 	9.7862e-01 	1.9572e-02
1107  	 5.0949e-02 	1.3319e+00 	2.6637e-02
1108  	 1.0293e-01 	5.0403e-01 	1.0081e-02
1109  	 4.4798e-02 	1.8368e-01 	3.6736e-03
1110  	 3.8948e-02 	5.3351e-01 	1.0670e-02
1111  	 4.3656e-02 	1.8246e+00 	3.6491e-02
1112  	 1.4381e-01 	1.6917e+00 	3.3833e-02
1113  	 1.4917e-01 	2.6616e+00 	5.3232e-02
1114  	 2.0961e-01 	2.1106e+00 	4.2212e-02
1115  	 1.5006e-01 	2.1891e+00 	4.3781e-02
1116  	 1.0509e-01 	1.4025e+00 	2.8049e-02
1117  	 1.1487e-01 	9.8914e-01 	1.9783e-02
1118  	 8.3236e-02 	2.1166e+00 	4.2332e-02
1119  	 1.5161e-01 	1.3443e+00 	2.6885e-02
1120  	 1.4313e-01 	2.1503e+00 	4.3007e-02
1121  	 1.1181e-01 	1.0311e+00 	2.0623e-02
1122  	 8.2891e-02 	6.2100e-01 	1.2420e-02
1123  	 1.1098e-01 	2.0025e+00 	4.0050e-02
1124  	 1.1408e-01 	3.6524e+00 	7.3048e-02
1125  	 1.7378e-01 	2.1802e+00 	4.3604e-02
1126  	 1.0864e-01 	1.0050e+00 	2.0100e-02
1127  	 1.2268e-01 	2.2955e+00 	4.5910e-02
1128  	 2.0389e-01 	2.8347e+00 	5.6693e-02
1129  	 1.6762e-01 	1.9349e+00 	3.8699e-02
1130  	 7.0248e-02 	6.9274e-02 	1.3855e-03
1131  	 5.9471e-02 	1.4759e+00 	2.9518e-02
1132  	 1.7176e-01 	2.1620e+00 	4.3239e-02
1133  	 1.9793e-01 	1.3439e+00 	2.6879e-02
1134  	 7.7197e-02 	2.2197e+00 	4.4395e-02
1135  	 1.6147e-01 	1.4093e+00 	2.8186e-02
1136  	 7.8655e-02 	1.9234e+00 	3.8469e-02
1137  	 1.0491e-01 	3.2545e+00 	6.5090e-02
1138  	 1.1107e-01 	9.3912e-01 	1.8782e-02
1139  	 1.5437e-01 	1.3089e+00 	2.6179e-02
1140  	 7.9408e-02 	7.2653e-01 	1.4531e-02
1141  	 1.0647e-01 	1.3593e+00 	2.7186e-02
1142  	 1.1147e-01 	2.8608e-01 	5.7217e-03
1143  	 4.2603e-02 	8.8729e-01 	1.7746e-02
1144  	 1.2801e-01 	1.8706e+00 	3.7412e-02
1145  	 1.0896e-01 	2.1067e+00 	4.2135e-02
1146  	 1.2915e-01 	1.4608e+00 	2.9217e-02
1147  	 1.5223e-01 	2.6231e+00 	5.2463e-02
1148  	 1.5980e-01 	1.1731e+00 	2.3461e-02
1149  	 6.4876e-02 	9.8722e-01 	1.9744e-02
1150  	 1.2863e-01 	1.2459e+00 	2.4917e-02
1151  	 1.0384e-01 	4.2986e-01 	8.5972e-03
1152  	 1.0065e-01 	9.9855e-01 	1.9971e-02
1153  	 4.8168e-02 	3.2563e-01 	6.5127e-03
1154  	 9.4787e-02 	7.8016e-01 	1.5603e-02
1155  	 6.0085e-02 	2.8839e+00 	5.7677e-02
1156  	 1.3925e-01 	3.5931e+00 	7.1862e-02
1157  	 1.6589e-01 	1.0896e+00 	2.1793e-02
1158  	 1.0427e-01 	2.4461e+00 	4.8922e-02
1159  	 2.0592e-01 	4.6479e+00 	9.2958e-02
1160  	 2.3569e-01 	4.7316e+00 	9.4631e-02
1161  	 3.9666e-01 	1.0038e+00 	2.0076e-02
1162  	 1.2370e-01 	6.6687e-01 	1.3337e-02
1163  	 1.2915e-01 	1.0807e+00 	2.1613e-02
1164  	 1.4177e-01 	1.9401e+00 	3.8801e-02
1165  	 1.8932e-01 	4.3927e+00 	8.7855e-02
1166  	 1.3890e-01 	4.2805e+00 	8.5610e-02
1167  	 1.5925e-01 	3.7363e+00 	7.4727e-02
1168  	 1.4683e-01 	4.3675e+00 	8.7350e-02
1169  	 2.5687e-01 	2.7202e+00 	5.4405e-02
1170  	 7.5187e-02 	7.8030e-01 	1.5606e-02
1171  	 1.5680e-01 	4.2069e-01 	8.4138e-03
1172  	 2.9648e-02 	6.1376e-01 	1.2275e-02
1173  	 1.5641e-01 	1.7248e+00 	3.4496e-02
1174  	 1.4908e-01 	1.9463e+00 	3.8927e-02
1175  	 2.4350e-01 	1.2388e+00 	2.4775e-02
1176  	 1.1562e-01 	1.3768e+00 	2.7536e-02
1177  	 9.0666e-02 	8.7249e-01 	1.7450e-02
1178  	 1.4722e-01 	1.2922e+00 	2.5843e-02
1179  	 1.3465e-01 	2.1280e+00 	4.2561e-02
1180  	 1.9759e-01 	7.9187e-01 	1.5837e-02
1181  	 1.6569e-01 	1.0705e+00 	2.1409e-02
1182  	 7.3160e-02 	1.1061e+00 	2.2122e-02
1183  	 5.4166e-02 	1.7449e-01 	3.4899e-03
1184  	 2.5606e-02 	8.7769e-01 	1.7554e-02
1185  	 1.6644e-01 	2.7894e-01 	5.5787e-03
1186  	 3.4922e-02 	1.8196e+00 	3.6392e-02
1187  	 9.9322e-02 	1.9584e+00 	3.9168e-02
1188  	 1.3725e-01 	1.6372e+00 	3.2744e-02
1189  	 1.0798e-01 	5.7308e-01 	1.1462e-02
1190  	 1.1069e-01 	7.6746e-01 	1.5349e-02
1191  	 3.7367e-02 	1.1869e+00 	2.3738e-02
1192  	 9.9854e-02 	3.4736e+00 	6.9473e-02
1193  	 1.3771e-01 	2.1654e+00 	4.3308e-02
1194  	 1.1078e-01 	9.9117e-01 	1.9823e-02
1195  	 8.2933e-02 	1.5638e+00 	3.1275e-02
1196  	 1.2407e-01 	2.3632e+00 	4.7264e-02
1197  	 1.4343e-01 	3.5433e+00 	7.0866e-02
1198  	 1.1192e-01 	1.6193e+00 	3.2386e-02
1199  	 2.0766e-01 	4.2284e-01 	8.4569e-03
1200  	 4.9918e-02 	9.4219e-01 	1.8844e-02
1201  	 1.0907e-01 	1.3225e-01 	2.6451e-03
1202  	 6.3792e-02 	1.1983e-01 	2.3966e-03
1203  	 1.2029e-01 	1.9112e+00 	3.8224e-02
1204  	 1.3959e-01 	1.5901e+00 	3.1801e-02
1205  	 1.7838e-01 	1.5274e+00 	3.0549e-02
1206  	 1.3773e-01 	2.0185e+00 	4.0371e-02
1207  	 1.3548e-01 	2.3306e+00 	4.6612e-02
1208  	 1.6037e-01 	2.9061e+00 	5.8122e-02
1209  	 1.0479e-01 	2.0089e+00 	4.0179e-02
1210  	 2.0117e-01 	7.3854e-01 	1.4771e-02
1211  	 6.3186e-02 	6.9826e-01 	1.3965e-02
1212  	 7.2078e-02 	7.9547e-01 	1.5909e-02
1213  	 7.4345e-02 	3.0340e-01 	6.0679e-03
1214  	 4.9326e-02 	1.1549e+00 	2.3099e-02
1215  	 1.6529e-01 	4.0762e+00 	8.1523e-02
1216  	 1.8763e-01 	3.8931e+00 	7.7861e-02
1217  	 1.8418e-01 	1.2678e+00 	2.5355e-02
1218  	 1.5145e-01 	1.2690e+00 	2.5380e-02
1219  	 1.3914e-01 	1.0486e+00 	2.0973e-02
1220  	 5.5326e-02 	1.4484e+00 	2.8968e-02
1221  	 1.4299e-01 	9.7923e-01 	1.9585e-02
1222  	 1.1966e-01 	2.7884e+00 	5.5767e-02
1223  	 1.2856e-01 	3.8269e+00 	7.6538e-02
1224  	 3.1253e-01 	4.8114e+00 	9.6228e-02
1225  	 1.5251e-01 	1.3514e+00 	2.7028e-02
1226  	 4.9036e-02 	2.2253e+00 	4.4507e-02
1227  	 5.5762e-02 	6.0190e-01 	1.2038e-02
1228  	 8.1008e-02 	1.6710e-01 	3.3420e-03
1229  	 5.2233e-02 	1.0520e+00 	2.1039e-02
1230  	 1.7604e-01 	8.3839e-01 	1.6768e-02
1231  	 9.8350e-02 	1.0228e+00 	2.0456e-02
1232  	 9.2031e-02 	1.2354e+00 	2.4708e-02
1233  	 7.4838e-02 	1.4914e+00 	2.9827e-02
1234  	 1.0403e-01 	9.1829e-01 	1.8366e-02
1235  	 9.1135e-02 	9.1734e-01 	1.8347e-02
1236  	 1.4175e-01 	2.2799e+00 	4.5598e-02
1237  	 1.3383e-01 	1.0653e+00 	2.1306e-02
1238  	 1.2247e-01 	1.3214e-01 	2.6428e-03
1239  	 1.2647e-01 	7.5308e-01 	1.5062e-02
1240  	 6.8540e-02 	2.7992e+00 	5.5984e-02
1241  	 5.8069e-02 	3.2903e+00 	6.5805e-02
1242  	 1.1701e-01 	1.2957e+00 	2.5913e-02
1243  	 5.2606e-02 	3.9565e+00 	7.9130e-02
1244  	 2.6530e-01 	3.4071e+00 	6.8143e-02
1245  	 2.3098e-01 	1.7255e+00 	3.4509e-02
1246  	 4.8753e-02 	1.7605e+00 	3.5209e-02
1247  	 7.7395e-02 	2.1410e+00 	4.2820e-02
1248  	 1.4604e-01 	1.4434e+00 	2.8869e-02
1249  	 1.5007e-01 	9.1500e-01 	1.8300e-02
1250  	 1.0460e-01 	7.6430e-01 	1.5286e-02
1251  	 1.2493e-01 	3.2029e+00 	6.4058e-02
1252  	 2.2156e-01 	4.6738e+00 	9.3475e-02
1253  	 1.5217e-01 	6.0664e+00 	1.2133e-01
1254  	 2.8667e-01 	2.7622e+00 	5.5244e-02
1255  	 2.0078e-01 	2.5596e-01 	5.1192e-03
1256  	 1.3823e-01 	8.3880e-01 	1.6776e-02
1257  	 8.9744e-02 	1.3341e+00 	2.6682e-02
1258  	 1.5051e-01 	5.2312e-01 	1.0462e-02
1259  	 1.8410e-01 	1.5443e+00 	3.0886e-02
1260  	 1.1987e-01 	4.5107e-01 	9.0215e-03
1261  	 5.5646e-02 	4.3243e-01 	8.6485e-03
1262  	 7.2104e-02 	4.3614e+00 	8.7227e-02
1263  	 1.7907e-01 	5.2324e+00 	1.0465e-01
1264  	 3.0659e-01 	1.4807e+00 	2.9615e-02
1265  	 8.1603e-02 	2.2967e+00 	4.5935e-02
1266  	 1.1304e-01 	1.5750e+00 	3.1500e-02
1267  	 1.3876e-01 	1.2818e+00 	2.5637e-02
1268  	 1.1981e-01 	2.4904e+00 	4.9807e-02
1269  	 1.5210e-01 	2.5359e+00 	5.0718e-02
1270  	 1.0859e-01 	2.7861e+00 	5.5721e-02
1271  	 1.1885e-01 	4.2651e+00 	8.5302e-02
1272  	 1.4665e-01 	2.4887e+00 	4.9774e-02
1273  	 1.4630e-01 	2.7368e-01 	5.4737e-03
1274  	 5.4608e-02 	1.4713e+00 	2.9426e-02
1275  	 1.2043e-01 	4.1983e+00 	8.3967e-02
1276  	 1.6429e-01 	4.3646e+00 	8.7292e-02
1277  	 2.3282e-01 	1.9316e+00 	3.8631e-02
1278  	 1.9446e-01 	1.3520e+00 	2.7040e-02
1279  	 1.0856e-01 	2.4295e+00 	4.8589e-02
1280  	 1.9108e-01 	1.5483e+00 	3.0967e-02
1281  	 1.7106e-01 	4.2644e-01 	8.5288e-03
1282  	 8.2974e-02 	2.3342e-01 	4.6684e-03
1283  	 4.6803e-02 	1.0221e+00 	2.0443e-02
1284  	 1.2741e-01 	2.7078e+00 	5.4155e-02
1285  	 1.0760e-01 	7.3732e+00 	1.4746e-01
1286  	 2.4951e-01 	7.6212e+00 	1.5242e-01
1287  	 4.7107e-01 	4.3214e+00 	8.6428e-02
1288  	 3.4774e-01 	9.4807e-01 	1.8961e-02
1289  	 5.3961e-02 	3.2218e+00 	6.4437e-02
1290  	 1.6308e-01 	3.5182e+00 	7.0364e-02
1291  	 2.4368e-01 	3.7634e+00 	7.5267e-02
1292  	 1.4796e-01 	3.7249e+00 	7.4497e-02
1293  	 1.7853e-01 	5.6179e+00 	1.1236e-01
1294  	 2.0159e-01 	6.6598e+00 	1.3320e-01
1295  	 4.1584e-01 	1.6288e+00 	3.2576e-02
1296  	 1.2440e-01 	3.8766e+00 	7.7532e-02
1297  	 2.6106e-01 	1.3116e+00 	2.6233e-02
1298  	 4.9392e-02 	1.5374e+00 	3.0747e-02
1299  	 1.3227e-01 	1.5437e+00 	3.0874e-02
1300  	 1.0083e-01 	1.8748e+00 	3.7495e-02
1301  	 7.3238e-02 	2.0131e-01 	4.0262e-03
1302  	 1.7323e-02 	8.7051e-01 	1.7410e-02
1303  	 3.1891e-02 	1.9073e+00 	3.8146e-02
1304  	 1.2138e-01 	2.5027e+00 	5.0055e-02
1305  	 2.2497e-01 	2.0924e+00 	4.1848e-02
1306  	 1.7365e-01 	8.7376e-01 	1.7475e-02
1307  	 7.6030e-02 	2.5941e+00 	5.1881e-02
1308  	 1.7048e-01 	7.5895e+00 	1.5179e-01
1309  	 3.4037e-01 	7.5788e+00 	1.5158e-01
1310  	 4.6980e-01 	5.3884e+00 	1.0777e-01
1311  	 1.9496e-01 	4.3474e+00 	8.6947e-02
1312  	 1.6996e-01 	3.7007e+00 	7.4013e-02
1313  	 1.3285e-01 	2.0398e+00 	4.0796e-02
1314  	 1.7915e-01 	1.0935e+00 	2.1870e-02
1315  	 1.4065e-01 	1.6349e+00 	3.2697e-02
1316  	 9.3200e-02 	3.3276e-01 	6.6551e-03
1317  	 6.0736e-02 	9.0168e-01 	1.8034e-02
1318  	 8.7488e-02 	2.7749e+00 	5.5497e-02
1319  	 7.6683e-02 	1.1833e+00 	2.3667e-02
1320  	 8.7186e-02 	1.5799e-01 	3.1599e-03
1321  	 1.9489e-01 	2.6378e+00 	5.2757e-02
1322  	 1.7843e-01 	9.2665e-01 	1.8533e-02
1323  	 8.3458e-02 	4.7419e+00 	9.4839e-02
1324  	 2.1941e-01 	3.7057e+00 	7.4114e-02
1325  	 2.1367e-01 	3.4622e+00 	6.9244e-02
1326  	 1.9208e-01 	4.8010e+00 	9.6020e-02
1327  	 2.3844e-01 	2.0567e+00 	4.1134e-02
1328  	 1.2278e-01 	2.7350e+00 	5.4700e-02
1329  	 1.3947e-01 	3.4564e+00 	6.9129e-02
1330  	 1.5608e-01 	1.3622e+00 	2.7244e-02
1331  	 1.6169e-01 	1.5597e+00 	3.1194e-02
1332  	 2.1043e-01 	2.3365e+00 	4.6730e-02
1333  	 1.7995e-01 	5.9604e-01 	1.1921e-02
1334  	 8.7369e-02 	4.4145e-01 	8.8291e-03
1335  	 7.9297e-02 	6.0707e-01 	1.2141e-02
1336  	 9.6554e-02 	6.7197e-01 	1.3439e-02
1337  	 6.3380e-02 	9.2437e-01 	1.8487e-02
1338  	 5.6501e-02 	4.4849e-01 	8.9699e-03
1339  	 6.4451e-02 	2.1464e+00 	4.2927e-02
1340  	 1.4940e-01 	4.0583e+00 	8.1167e-02
1341  	 3.5868e-01 	7.1298e+00 	1.4260e-01
1342  	 4.2452e-01 	8.0743e+00 	1.6149e-01
1343  	 5.5389e-01 	2.7924e+00 	5.5848e-02
1344  	 1.8547e-01 	1.1170e+00 	2.2340e-02
1345  	 6.3971e-02 	1.3284e+00 	2.6567e-02
1346  	 2.1179e-01 	3.8795e+00 	7.7589e-02
1347  	 9.8446e-02 	1.7620e+00 	3.5240e-02
1348  	 2.3518e-01 	1.6192e+00 	3.2384e-02
1349  	 1.3837e-01 	2.4907e+00 	4.9814e-02
1350  	 1.6849e-01 	6.7397e-01 	1.3479e-02
1351  	 1.0702e-01 	1.0912e+00 	2.1825e-02
1352  	 1.3107e-01 	4.2479e+00 	8.4958e-02
1353  	 1.4250e-01 	3.3385e+00 	6.6769e-02
1354  	 2.2669e-01 	2.9815e-01 	5.9630e-03
1355  	 8.0783e-02 	1.4460e+00 	2.8920e-02
1356  	 1.1752e-01 	9.8922e-01 	1.9784e-02
1357  	 6.9580e-02 	1.0069e+00 	2.0138e-02
1358  	 1.8240e-01 	1.9473e+00 	3.8946e-02
1359  	 1.5294e-01 	3.1852e+00 	6.3705e-02
1360  	 1.9187e-01 	2.5648e+00 	5.1296e-02
1361  	 1.6803e-01 	4.9783e-01 	9.9565e-03
1362  	 5.4286e-02 	3.1119e+00 	6.2238e-02
1363  	 1.4360e-01 	2.9171e+00 	5.8342e-02
1364  	 1.2476e-01 	2.6943e+00 	5.3887e-02
1365  	 1.6908e-01 	1.5670e+00 	3.1341e-02
1366  	 6.8544e-02 	2.1154e+00 	4.2309e-02
1367  	 8.9812e-02 	2.9622e+00 	5.9245e-02
1368  	 1.3135e-01 	1.3697e-01 	2.7394e-03
1369  	 3.8386e-02 	3.3172e+00 	6.6344e-02
1370  	 1.2910e-01 	3.9049e+00 	7.8098e-02
1371  	 1.6290e-01 	4.0327e+00 	8.0654e-02
1372  	 1.4013e-01 	5.9207e+00 	1.1841e-01
1373  	 2.2990e-01 	2.8083e+00 	5.6167e-02
1374  	 1.3666e-01 	2.1759e+00 	4.3518e-02
1375  	 1.7067e-01 	9.2397e-01 	1.8479e-02
1376  	 1.3766e-01 	9.2417e-01 	1.8483e-02
1377  	 1.2719e-01 	6.2980e-01 	1.2596e-02
1378  	 1.5284e-01 	1.2155e+00 	2.4310e-02
1379  	 9.9029e-02 	3.4031e-01 	6.8062e-03
1380  	 1.6058e-01 	1.2316e+00 	2.4631e-02
1381  	 9.9898e-02 	1.4291e+00 	2.8583e-02
1382  	 9.3394e-02 	1.3147e+00 	2.6294e-02
1383  	 2.0592e-01 	2.4333e+00 	4.8665e-02
1384  	 2.0246e-01 	2.5256e+00 	5.0512e-02
1385  	 1.3788e-01 	2.4538e+00 	4.9075e-02
1386  	 1.0145e-01 	1.5598e+00 	3.1196e-02
1387  	 1.0214e-01 	4.9809e-01 	9.9617e-03
1388  	 1.6503e-01 	1.1180e+00 	2.2360e-02
1389  	 1.6535e-01 	3.7397e+00 	7.4795e-02
1390  	 1.0548e-01 	4.5395e+00 	9.0790e-02
1391  	 1.9381e-01 	1.1749e+00 	2.3497e-02
1392  	 8.1083e-02 	2.6463e+00 	5.2926e-02
1393  	 1.4492e-01 	3.0895e+00 	6.1791e-02
1394  	 1.4235e-01 	3.9689e+00 	7.9378e-02
1395  	 1.6231e-01 	3.2751e+00 	6.5503e-02
1396  	 1.7645e-01 	2.2625e+00 	4.5249e-02
1397  	 1.2728e-01 	4.8450e+00 	9.6899e-02
1398  	 2.3974e-01 	2.2721e+00 	4.5443e-02
1399  	 1.1515e-01 	1.6330e+00 	3.2660e-02
1400  	 1.4736e-01 	2.5765e+00 	5.1530e-02
1401  	 1.3971e-01 	1.1918e+00 	2.3835e-02
1402  	 1.4606e-01 	2.0279e+00 	4.0557e-02
1403  	 2.2197e-01 	2.1166e+00 	4.2332e-02
1404  	 1.3734e-01 	3.8609e-01 	7.7219e-03
1405  	 5.7714e-02 	2.4592e+00 	4.9184e-02
1406  	 1.5639e-01 	1.5402e+00 	3.0805e-02
1407  	 1.7600e-01 	1.1710e+00 	2.3421e-02
1408  	 9.6906e-02 	6.0515e-01 	1.2103e-02
1409  	 1.1704e-01 	9.9928e-01 	1.9986e-02
1410  	 1.0943e-01 	1.6429e+00 	3.2859e-02
1411  	 7.7246e-02 	4.3588e-01 	8.7175e-03
1412  	 9.4113e-02 	2.9425e-01 	5.8850e-03
1413  	 1.1729e-01 	5.4164e-01 	1.0833e-02
1414  	 2.9889e-02 	3.1827e+00 	6.3654e-02
1415  	 2.0348e-01 	5.6255e+00 	1.1251e-01
1416  	 2.6454e-01 	6.2876e+00 	1.2575e-01
1417  	 3.2201e-01 	8.9610e+00 	1.7922e-01
1418  	 3.2764e-01 	4.6976e+00 	9.3953e-02
1419  	 4.0654e-01 	2.2669e-01 	4.5339e-03
1420  	 1.4913e-01 	4.0796e-01 	8.1592e-03
1421  	 1.0136e-01 	1.6510e+00 	3.3021e-02
1422  	 1.4328e-01 	1.1835e+00 	2.3671e-02
1423  	 6.9298e-02 	4.0669e-01 	8.1337e-03
1424  	 9.1266e-02 	1.3199e+00 	2.6399e-02
1425  	 1.9226e-01 	6.3567e-01 	1.2713e-02
1426  	 1.1176e-01 	5.5825e-01 	1.1165e-02
1427  	 3.6642e-02 	1.8077e+00 	3.6154e-02
1428  	 8.3231e-02 	1.8072e+00 	3.6145e-02
1429  	 1.1801e-01 	1.7808e+00 	3.5615e-02
1430  	 1.2061e-01 	9.5060e-01 	1.9012e-02
1431  	 8.0856e-02 	1.4273e+00 	2.8546e-02
1432  	 1.0774e-01 	1.2272e+00 	2.4543e-02
1433  	 1.9117e-01 	2.1630e+00 	4.3260e-02
1434  	 1.4766e-01 	4.9152e+00 	9.8304e-02
1435  	 2.3793e-01 	1.3349e+00 	2.6698e-02
1436  	 7.6773e-02 	2.8824e-01 	5.7648e-03
1437  	 7.8435e-02 	3.4242e+00 	6.8484e-02
1438  	 1.7621e-01 	3.0316e+00 	6.0632e-02
1439  	 1.2010e-01 	1.1903e+00 	2.3806e-02
1440  	 7.4972e-02 	7.4495e-01 	1.4899e-02
1441  	 1.2729e-01 	1.2675e+00 	2.5350e-02
1442  	 1.0245e-01 	3.9660e+00 	7.9320e-02
1443  	 2.4556e-01 	4.9659e+00 	9.9319e-02
1444  	 2.4624e-01 	3.3286e+00 	6.6572e-02
1445  	 2.2039e-01 	4.3963e+00 	8.7927e-02
1446  	 2.4846e-01 	5.2171e+00 	1.0434e-01
1447  	 1.9048e-01 	4.1225e+00 	8.2451e-02
1448  	 1.7716e-01 	2.2047e+00 	4.4094e-02
1449  	 1.5357e-01 	1.4385e+00 	2.8770e-02
1450  	 9.2147e-02 	2.7637e+00 	5.5274e-02
1451  	 1.1993e-01 	2.9973e+00 	5.9946e-02
1452  	 1.4540e-01 	3.4167e+00 	6.8335e-02
1453  	 1.6968e-01 	7.0918e-01 	1.4184e-02
1454  	 5.6236e-02 	6.0304e-01 	1.2061e-02
1455  	 1.0662e-01 	1.5311e+00 	3.0623e-02
1456  	 1.3310e-01 	1.3368e+00 	2.6736e-02
1457  	 5.8900e-02 	1.4785e-01 	2.9571e-03
1458  	 4.7367e-02 	1.2251e-01 	2.4502e-03
1459  	 6.9555e-02 	7.3555e-01 	1.4711e-02
1460  	 8.8731e-02 	3.9340e-01 	7.8679e-03
1461  	 5.6192e-02 	2.0062e+00 	4.0124e-02
1462  	 6.5820e-02 	2.2885e+00 	4.5771e-02
1463  	 1.0641e-01 	2.2258e-01 	4.4517e-03
1464  	 8.0725e-02 	6.0616e-01 	1.2123e-02
1465  	 2.4030e-01 	1.8805e+00 	3.7610e-02
1466  	 1.5962e-01 	4.5449e+00 	9.0899e-02
1467  	 2.1676e-01 	6.3341e+00 	1.2668e-01
1468  	 3.9727e-01 	3.5986e+00 	7.1972e-02
1469  	 1.9319e-01 	6.6487e-01 	1.3297e-02
1470  	 6.3751e-02 	3.7850e+00 	7.5700e-02
1471  	 1.4053e-01 	1.9782e+00 	3.9564e-02
1472  	 1.2242e-01 	2.3076e-01 	4.6151e-03
1473  	 2.1418e-02 	9.7652e-01 	1.9530e-02
1474  	 1.2293e-01 	3.6000e+00 	7.2000e-02
1475  	 1.9680e-01 	9.1130e+00 	1.8226e-01
1476  	 4.0051e-01 	7.1988e+00 	1.4398e-01
1477  	 5.5582e-01 	2.8833e+00 	5.7666e-02
1478  	 1.8315e-01 	6.0030e-01 	1.2006e-02
1479  	 2.1253e-01 	2.9698e+00 	5.9396e-02
1480  	 1.3319e-01 	5.8652e+00 	1.1730e-01
1481  	 3.0106e-01 	7.7077e+00 	1.5415e-01
1482  	 4.0297e-01 	4.4920e+00 	8.9841e-02
1483  	 3.5328e-01 	5.7645e-01 	1.1529e-02
1484  	 5.6507e-02 	1.3106e+00 	2.6212e-02
1485  	 4.7850e-02 	1.1105e+00 	2.2209e-02
1486  	 6.6102e-02 	7.0377e-01 	1.4075e-02
1487  	 7.1092e-02 	1.3042e+00 	2.6084e-02
1488  	 9.2598e-02 	2.0878e+00 	4.1756e-02
1489  	 7.1282e-02 	1.1805e+00 	2.3610e-02
1490  	 1.0778e-01 	1.9832e+00 	3.9663e-02
1491  	 7.5602e-02 	2.1191e+00 	4.2383e-02
1492  	 1.5441e-01 	1.4409e+00 	2.8818e-02
1493  	 1.4822e-01 	4.5910e+00 	9.1820e-02
1494  	 1.7904e-01 	1.5031e+00 	3.0062e-02
1495  	 1.2391e-01 	1.6783e+00 	3.3565e-02
1496  	 1.1218e-01 	5.8650e-01 	1.1730e-02
1497  	 6.4361e-02 	8.4355e-01 	1.6871e-02
1498  	 8.6296e-02 	8.7986e-01 	1.7597e-02
1499  	 1.6156e-01 	3.2020e+00 	6.4039e-02
1500  	 1.6608e-01 	2.0247e+00 	4.0493e-02
1501  	 1.5452e-01 	1.7806e+00 	3.5613e-02
1502  	 1.4246e-01 	1.2553e+00 	2.5106e-02
1503  	 9.0611e-02 	1.7669e+00 	3.5339e-02
1504  	 2.6094e-01 	7.5744e-01 	1.5149e-02
1505  	 1.2075e-01 	1.4221e+00 	2.8441e-02
1506  	 9.4356e-02 	2.7720e+00 	5.5440e-02
1507  	 8.2002e-02 	6.3367e+00 	1.2673e-01
1508  	 3.2294e-01 	3.8109e+00 	7.6218e-02
1509  	 2.4675e-01 	1.8049e+00 	3.6098e-02
1510  	 1.5315e-01 	1.6465e+00 	3.2930e-02
1511  	 8.3914e-02 	5.9815e-01 	1.1963e-02
1512  	 1.2167e-01 	7.2784e-01 	1.4557e-02
1513  	 1.4115e-01 	1.0931e+00 	2.1862e-02
1514  	 9.0559e-02 	1.3181e+00 	2.6361e-02
1515  	 8.8332e-02 	3.8931e+00 	7.7862e-02
1516  	 2.0476e-01 	2.8106e-01 	5.6212e-03
1517  	 8.5806e-02 	3.1327e+00 	6.2654e-02
1518  	 1.3825e-01 	1.6120e+00 	3.2241e-02
1519  	 1.1038e-01 	3.6141e-01 	7.2283e-03
1520  	 4.9685e-02 	1.2555e+00 	2.5110e-02
1521  	 9.4526e-02 	1.8300e+00 	3.6600e-02
1522  	 1.0342e-01 	1.9009e+00 	3.8019e-02
1523  	 2.3151e-01 	1.3069e+00 	2.6137e-02
1524  	 1.0860e-01 	2.4539e+00 	4.9077e-02
1525  	 1.0582e-01 	2.5068e+00 	5.0135e-02
1526  	 8.8279e-02 	6.1771e-01 	1.2354e-02
1527  	 7.1340e-02 	4.3667e-01 	8.7334e-03
1528  	 7.0907e-02 	9.7303e-01 	1.9461e-02
1529  	 7.3140e-02 	1.7430e+00 	3.4860e-02
1530  	 9.2717e-02 	6.8590e-01 	1.3718e-02
1531  	 8.9635e-02 	1.3537e+00 	2.7073e-02
1532  	 1.1445e-01 	7.1277e-01 	1.4255e-02
1533  	 1.3627e-01 	1.5246e+00 	3.0492e-02
1534  	 9.3394e-02 	1.6092e+00 	3.2185e-02
1535  	 1.2795e-01 	5.6023e-01 	1.1205e-02
1536  	 1.2426e-01 	8.8006e-01 	1.7601e-02
1537  	 1.3330e-01 	3.0194e+00 	6.0387e-02
1538  	 2.1116e-01 	4.6849e+00 	9.3698e-02
1539  	 1.9315e-01 	4.8579e+00 	9.7157e-02
1540  	 2.3400e-01 	3.0197e+00 	6.0394e-02
1541  	 1.3431e-01 	4.2951e+00 	8.5902e-02
1542  	 1.5724e-01 	1.7674e+00 	3.5347e-02
1543  	 2.0128e-01 	3.1114e+00 	6.2227e-02
1544  	 2.0050e-01 	5.4944e+00 	1.0989e-01
1545  	 1.8781e-01 	9.4325e+00 	1.8865e-01
1546  	 4.3095e-01 	1.4589e+01 	2.9179e-01
1547  	 9.6628e-01 	1.5359e+01 	3.0718e-01
1548  	 1.4733e+00 	4.4179e+00 	8.8358e-02
1549  	 3.3552e-01 	4.4664e+00 	8.9328e-02
1550  	 3.2298e-01 	5.0335e+00 	1.0067e-01
1551  	 2.8705e-01 	3.1134e+00 	6.2267e-02
1552  	 2.7544e-01 	2.1751e+00 	4.3503e-02
1553  	 1.1598e-01 	1.8331e+00 	3.6662e-02
1554  	 1.1397e-01 	1.6980e+00 	3.3960e-02
1555  	 8.2090e-02 	2.6002e+00 	5.2005e-02
1556  	 1.2672e-01 	2.4715e+00 	4.9430e-02
1557  	 1.9662e-01 	1.9645e+00 	3.9290e-02
1558  	 1.7731e-01 	7.6404e-01 	1.5281e-02
1559  	 8.8455e-02 	3.9090e-01 	7.8180e-03
1560  	 2.4269e-02 	1.0271e+00 	2.0541e-02
1561  	 1.8220e-01 	3.7011e+00 	7.4023e-02
1562  	 1.3072e-01 	2.8856e+00 	5.7711e-02
1563  	 1.1898e-01 	6.9319e-01 	1.3864e-02
1564  	 9.2697e-02 	4.8349e-01 	9.6698e-03
1565  	 8.2137e-02 	4.7438e-01 	9.4877e-03
1566  	 1.5245e-01 	2.1870e-01 	4.3741e-03
1567  	 5.5734e-02 	5.2557e-01 	1.0511e-02
1568  	 8.3440e-02 	4.0686e+00 	8.1373e-02
1569  	 2.8372e-01 	2.8756e+00 	5.7512e-02
1570  	 1.2666e-01 	9.0577e-01 	1.8115e-02
1571  	 5.6481e-02 	9.7600e-01 	1.9520e-02
1572  	 1.3793e-01 	3.1626e+00 	6.3252e-02
1573  	 2.1327e-01 	8.7761e+00 	1.7552e-01
1574  	 4.6383e-01 	8.8910e+00 	1.7782e-01
1575  	 5.2629e-01 	4.3608e+00 	8.7217e-02
1576  	 2.0109e-01 	1.1973e+00 	2.3946e-02
1577  	 8.7386e-02 	9.5523e-01 	1.9105e-02
1578  	 1.5438e-01 	1.0575e+00 	2.1151e-02
1579  	 7.1278e-02 	1.3256e+00 	2.6512e-02
1580  	 1.2814e-01 	7.8433e-01 	1.5687e-02
1581  	 1.4422e-01 	9.8693e-01 	1.9739e-02
1582  	 5.2693e-02 	9.0653e-01 	1.8131e-02
1583  	 1.7519e-01 	2.6896e+00 	5.3792e-02
1584  	 8.8783e-02 	2.2989e+00 	4.5978e-02
1585  	 1.3024e-01 	1.0191e+00 	2.0383e-02
1586  	 9.3194e-02 	1.4412e+00 	2.8825e-02
1587  	 7.6018e-02 	4.0771e-01 	8.1542e-03
1588  	 1.8899e-01 	1.4347e+00 	2.8694e-02
1589  	 7.6653e-02 	1.8358e+00 	3.6716e-02
1590  	 1.7282e-01 	8.6924e-01 	1.7385e-02
1591  	 8.6611e-02 	1.4732e-01 	2.9464e-03
1592  	 7.4350e-02 	7.1845e-01 	1.4369e-02
1593  	 6.7629e-02 	1.1196e+00 	2.2392e-02
1594  	 1.5159e-01 	1.5073e+00 	3.0145e-02
1595  	 8.8128e-02 	1.1559e+00 	2.3118e-02
1596  	 1.0640e-01 	2.3001e-01 	4.6002e-03
1597  	 6.8140e-02 	1.4713e-01 	2.9425e-03
1598  	 5.1197e-02 	1.7925e+00 	3.5851e-02
1599  	 1.1693e-01 	4.7417e+00 	9.4834e-02
1600  	 1.9335e-01 	4.7716e+00 	9.5431e-02
1601  	 3.1464e-01 	2.7592e+00 	5.5184e-02
1602  	 1.8775e-01 	6.6012e-01 	1.3202e-02
1603  	 1.5566e-01 	2.4769e+00 	4.9538e-02
1604  	 7.8470e-02 	1.9821e+00 	3.9642e-02
1605  	 1.2040e-01 	4.8632e-01 	9.7265e-03
1606  	 5.4030e-02 	4.6796e-01 	9.3592e-03
1607  	 1.1431e-01 	1.0766e+00 	2.1532e-02
1608  	 1.3351e-01 	2.7800e-01 	5.5599e-03
1609  	 1.3987e-01 	1.0725e+00 	2.1450e-02
1610  	 6.9620e-02 	4.0992e-01 	8.1984e-03
1611  	 6.5422e-02 	9.3295e-01 	1.8659e-02
1612  	 9.3906e-02 	1.3581e+00 	2.7162e-02
1613  	 1.4909e-01 	8.2093e-01 	1.6419e-02
1614  	 7.1413e-02 	2.5839e+00 	5.1677e-02
1615  	 1.3305e-01 	6.2467e+00 	1.2493e-01
1616  	 1.8693e-01 	6.7333e+00 	1.3467e-01
1617  	 3.9242e-01 	4.9483e+00 	9.8966e-02
1618  	 2.0345e-01 	1.3267e+00 	2.6535e-02
1619  	 1.5323e-01 	3.9023e+00 	7.8047e-02
1620  	 1.6510e-01 	4.1161e+00 	8.2322e-02
1621  	 2.5958e-01 	3.4801e+00 	6.9603e-02
1622  	 2.7458e-01 	2.0404e+00 	4.0807e-02
1623  	 8.9300e-02 	1.6743e+00 	3.3485e-02
1624  	 1.1041e-01 	3.5662e+00 	7.1324e-02
1625  	 1.0460e-01 	4.5808e+00 	9.1615e-02
1626  	 2.3191e-01 	7.2028e+00 	1.4406e-01
1627  	 3.1662e-01 	9.1377e+00 	1.8275e-01
1628  	 4.6922e-01 	7.1437e+00 	1.4287e-01
1629  	 4.6067e-01 	3.2673e+00 	6.5346e-02
1630  	 1.6757e-01 	1.6686e-01 	3.3372e-03
1631  	 1.2877e-01 	6.5173e-01 	1.3035e-02
1632  	 6.8551e-02 	4.1739e-01 	8.3477e-03
1633  	 6.6188e-02 	5.0126e-01 	1.0025e-02
1634  	 7.1888e-02 	2.2461e-01 	4.4923e-03
1635  	 1.1933e-01 	1.0821e+00 	2.1642e-02
1636  	 7.4204e-02 	2.2714e+00 	4.5428e-02
1637  	 1.3267e-01 	3.5984e+00 	7.1968e-02
1638  	 1.6053e-01 	1.5885e+00 	3.1771e-02
1639  	 1.8693e-01 	8.2899e-01 	1.6580e-02
1640  	 1.0145e-01 	6.8882e-01 	1.3776e-02
1641  	 8.2213e-02 	2.0701e+00 	4.1402e-02
1642  	 1.3269e-01 	8.8056e+00 	1.7611e-01
1643  	 3.3049e-01 	1.2320e+01 	2.4639e-01
1644  	 9.2319e-01 	1.3087e+01 	2.6174e-01
1645  	 7.8518e-01 	6.6334e+00 	1.3267e-01
1646  	 5.7817e-01 	2.5791e+00 	5.1581e-02
1647  	 1.3312e-01 	4.3562e+00 	8.7124e-02
1648  	 1.6639e-01 	5.0526e-01 	1.0105e-02
1649  	 2.2003e-01 	3.9084e+00 	7.8167e-02
1650  	 1.2495e-01 	1.2722e+00 	2.5444e-02
1651  	 1.8458e-01 	1.9663e+00 	3.9327e-02
1652  	 1.0189e-01 	3.6103e+00 	7.2207e-02
1653  	 9.9888e-02 	3.2511e+00 	6.5023e-02
1654  	 2.2122e-01 	4.0613e+00 	8.1226e-02
1655  	 2.1571e-01 	2.9760e+00 	5.9520e-02
1656  	 2.4552e-01 	2.2112e+00 	4.4225e-02
1657  	 1.4817e-01 	2.3494e+00 	4.6988e-02
1658  	 1.8938e-01 	1.5187e+00 	3.0375e-02
1659  	 1.5551e-01 	3.5579e+00 	7.1157e-02
1660  	 1.0057e-01 	3.5503e+00 	7.1005e-02
1661  	 2.1234e-01 	1.3923e+00 	2.7845e-02
1662  	 1.0614e-01 	1.1215e+00 	2.2430e-02
1663  	 7.6968e-02 	1.4705e+00 	2.9410e-02
1664  	 1.8965e-01 	3.2392e+00 	6.4784e-02
1665  	 2.3951e-01 	7.1338e-01 	1.4268e-02
1666  	 6.7053e-02 	1.7283e+00 	3.4565e-02
1667  	 7.3028e-02 	1.2449e+00 	2.4898e-02
1668  	 8.1121e-02 	1.8395e+00 	3.6789e-02
1669  	 2.1701e-01 	2.3244e+00 	4.6489e-02
1670  	 8.5855e-02 	3.6531e+00 	7.3062e-02
1671  	 1.7964e-01 	4.6759e+00 	9.3518e-02
1672  	 2.4819e-01 	1.7157e+00 	3.4313e-02
1673  	 1.9771e-01 	1.0652e+00 	2.1305e-02
1674  	 1.1656e-01 	1.4825e+00 	2.9650e-02
1675  	 1.3463e-01 	2.9674e+00 	5.9347e-02
1676  	 1.2531e-01 	6.4199e+00 	1.2840e-01
1677  	 3.0714e-01 	4.7546e+00 	9.5092e-02
1678  	 3.6903e-01 	3.3511e+00 	6.7022e-02
1679  	 2.5340e-01 	5.1234e+00 	1.0247e-01
1680  	 2.5690e-01 	3.7539e+00 	7.5077e-02
1681  	 1.9838e-01 	8.1957e-01 	1.6391e-02
1682  	 1.1791e-01 	2.7494e+00 	5.4989e-02
1683  	 1.4108e-01 	1.3246e+00 	2.6492e-02
1684  	 8.8800e-02 	1.1502e+00 	2.3004e-02
1685  	 6.0538e-02 	3.4066e-01 	6.8132e-03
1686  	 1.5143e-01 	5.4838e-01 	1.0968e-02
1687  	 6.6231e-02 	2.1099e-01 	4.2198e-03
1688  	 1.1816e-01 	2.6745e+00 	5.3489e-02
1689  	 1.7867e-01 	4.8536e+00 	9.7071e-02
1690  	 2.7892e-01 	5.2233e+00 	1.0447e-01
1691  	 2.9047e-01 	4.5090e-01 	9.0181e-03
1692  	 8.1932e-02 	3.8749e+00 	7.7498e-02
1693  	 2.0195e-01 	2.6654e+00 	5.3309e-02
1694  	 1.3699e-01 	8.4645e-01 	1.6929e-02
1695  	 7.9009e-02 	8.8483e-01 	1.7697e-02
1696  	 9.9116e-02 	8.7346e-01 	1.7469e-02
1697  	 1.5329e-01 	7.8756e-01 	1.5751e-02
1698  	 1.9775e-01 	6.2614e-01 	1.2523e-02
1699  	 1.1214e-01 	1.4188e+00 	2.8377e-02
1700  	 5.9183e-02 	5.7280e-01 	1.1456e-02
1701  	 8.9667e-02 	1.4602e+00 	2.9204e-02
1702  	 1.6925e-01 	8.1161e-01 	1.6232e-02
1703  	 5.4679e-02 	5.2338e-01 	1.0468e-02
1704  	 1.1122e-01 	1.3063e+00 	2.6126e-02
1705  	 9.6375e-02 	2.3531e+00 	4.7061e-02
1706  	 4.5224e-02 	7.4182e-01 	1.4836e-02
1707  	 1.5110e-01 	3.2220e-01 	6.4441e-03
1708  	 5.2864e-02 	1.5460e+00 	3.0919e-02
1709  	 5.9017e-02 	3.2434e-01 	6.4868e-03
1710  	 2.1490e-02 	2.8475e+00 	5.6950e-02
1711  	 1.1405e-01 	1.6963e+00 	3.3925e-02
1712  	 8.6479e-02 	1.0123e+00 	2.0247e-02
1713  	 6.4036e-02 	2.4335e+00 	4.8671e-02
1714  	 3.5766e-01 	4.4173e+00 	8.8347e-02
1715  	 1.3657e-01 	4.3017e+00 	8.6035e-02
1716  	 1.2774e-01 	2.9506e+00 	5.9011e-02
1717  	 1.1888e-01 	1.1126e+00 	2.2252e-02
1718  	 7.0109e-02 	1.7926e+00 	3.5852e-02
1719  	 6.8865e-02 	3.3046e+00 	6.6092e-02
1720  	 2.4146e-01 	1.4976e+00 	2.9951e-02
1721  	 1.3013e-01 	6.5092e-01 	1.3018e-02
1722  	 9.1497e-02 	8.5932e-01 	1.7186e-02
1723  	 1.1664e-01 	9.5116e-01 	1.9023e-02
1724  	 1.5200e-01 	1.6860e+00 	3.3720e-02
1725  	 1.4524e-01 	3.5691e+00 	7.1383e-02
1726  	 1.4034e-01 	1.6794e+00 	3.3588e-02
1727  	 9.0273e-02 	9.6552e-01 	1.9310e-02
1728  	 1.1093e-01 	6.6654e-01 	1.3331e-02
1729  	 1.7667e-01 	8.7053e-01 	1.7411e-02
1730  	 5.3460e-02 	1.4564e+00 	2.9128e-02
1731  	 6.8414e-02 	1.4693e+00 	2.9385e-02
1732  	 8.3583e-02 	1.9810e+00 	3.9620e-02
1733  	 1.1555e-01 	2.5574e+00 	5.1148e-02
1734  	 2.9655e-01 	9.7731e-01 	1.9546e-02
1735  	 1.6187e-01 	1.1993e+00 	2.3985e-02
1736  	 6.7580e-02 	1.0966e+00 	2.1932e-02
1737  	 8.5775e-02 	3.9408e-01 	7.8816e-03
1738  	 1.0297e-01 	2.2459e-01 	4.4917e-03
1739  	 3.6045e-02 	2.3841e+00 	4.7682e-02
1740  	 9.9958e-02 	4.6339e+00 	9.2678e-02
1741  	 2.6363e-01 	3.2847e+00 	6.5695e-02
1742  	 2.6928e-01 	1.6590e+00 	3.3179e-02
1743  	 1.2855e-01 	1.3063e+00 	2.6125e-02
1744  	 8.3905e-02 	1.5022e+00 	3.0045e-02
1745  	 1.5989e-01 	1.0453e+00 	2.0905e-02
1746  	 5.9562e-02 	2.9256e+00 	5.8513e-02
1747  	 1.3308e-01 	1.2212e-01 	2.4424e-03
1748  	 1.3882e-01 	4.0447e+00 	8.0893e-02
1749  	 1.8784e-01 	6.1143e+00 	1.2229e-01
1750  	 3.2972e-01 	3.2085e+00 	6.4170e-02
1751  	 1.4319e-01 	5.6935e-01 	1.1387e-02
1752  	 7.3715e-02 	4.3119e-01 	8.6238e-03
1753  	 6.4483e-02 	3.1430e+00 	6.2861e-02
1754  	 1.7133e-01 	3.6520e+00 	7.3040e-02
1755  	 1.5805e-01 	2.1047e+00 	4.2093e-02
1756  	 9.2475e-02 	1.4828e+00 	2.9656e-02
1757  	 8.5098e-02 	4.5400e-01 	9.0801e-03
1758  	 4.4523e-02 	2.9957e+00 	5.9913e-02
1759  	 1.7883e-01 	2.9354e+00 	5.8709e-02
1760  	 2.0719e-01 	1.9580e+00 	3.9160e-02
1761  	 1.6407e-01 	1.6319e+00 	3.2638e-02
1762  	 9.3072e-02 	5.2547e-01 	1.0509e-02
1763  	 1.8358e-01 	2.2279e+00 	4.4557e-02
1764  	 9.4747e-02 	1.8578e+00 	3.7156e-02
1765  	 1.1677e-01 	1.6586e+00 	3.3172e-02
1766  	 8.8122e-02 	5.3156e+00 	1.0631e-01
1767  	 3.5517e-01 	6.5248e+00 	1.3050e-01
1768  	 4.2176e-01 	1.9383e+00 	3.8766e-02
1769  	 1.9654e-01 	1.1372e+00 	2.2743e-02
1770  	 8.5263e-02 	1.0534e+00 	2.1068e-02
1771  	 1.5460e-01 	1.2441e+00 	2.4881e-02
1772  	 1.4346e-01 	1.0599e+00 	2.1197e-02
1773  	 1.0739e-01 	2.8959e-01 	5.7917e-03
1774  	 4.9484e-02 	4.0599e-01 	8.1197e-03
1775  	 1.1743e-01 	1.1422e+00 	2.2843e-02
1776  	 8.3319e-02 	2.8189e+00 	5.6379e-02
1777  	 1.7508e-01 	3.1020e+00 	6.2039e-02
1778  	 8.8326e-02 	2.9166e+00 	5.8332e-02
1779  	 1.3152e-01 	4.3761e+00 	8.7521e-02
1780  	 1.5398e-01 	9.7274e-01 	1.9455e-02
1781  	 1.0315e-01 	1.9529e+00 	3.9059e-02
1782  	 1.0564e-01 	1.0854e+00 	2.1707e-02
1783  	 4.9826e-02 	5.8285e-01 	1.1657e-02
1784  	 4.7233e-02 	2.6671e+00 	5.3343e-02
1785  	 7.8774e-02 	5.8566e-01 	1.1713e-02
1786  	 1.5498e-01 	7.6270e-01 	1.5254e-02
1787  	 8.2216e-02 	9.2951e-01 	1.8590e-02
1788  	 8.7241e-02 	4.9160e-01 	9.8319e-03
1789  	 1.5105e-01 	4.7122e-01 	9.4244e-03
1790  	 7.5878e-02 	1.7112e+00 	3.4225e-02
1791  	 1.7042e-01 	3.1611e+00 	6.3222e-02
1792  	 1.3260e-01 	3.1277e+00 	6.2555e-02
1793  	 1.9488e-01 	1.1480e+00 	2.2960e-02
1794  	 1.4773e-01 	1.7488e+00 	3.4977e-02
1795  	 1.4502e-01 	9.6983e-01 	1.9397e-02
1796  	 9.3174e-02 	6.3408e-01 	1.2682e-02
1797  	 8.2128e-02 	1.3717e+00 	2.7434e-02
1798  	 1.2955e-01 	4.0312e+00 	8.0625e-02
1799  	 1.1588e-01 	3.8826e+00 	7.7652e-02
1800  	 1.6539e-01 	3.5678e+00 	7.1356e-02
1801  	 1.0130e-01 	3.4314e+00 	6.8627e-02
1802  	 1.2966e-01 	2.6371e+00 	5.2741e-02
1803  	 1.4861e-01 	5.0235e+00 	1.0047e-01
1804  	 2.2103e-01 	4.1307e+00 	8.2613e-02
1805  	 2.1722e-01 	4.1962e-01 	8.3923e-03
1806  	 7.2219e-02 	3.4181e-01 	6.8362e-03
1807  	 8.7536e-02 	2.5788e-01 	5.1576e-03
1808  	 1.0206e-01 	4.4877e-01 	8.9753e-03
1809  	 1.4583e-01 	7.3719e-01 	1.4744e-02
1810  	 9.6990e-02 	5.1956e-01 	1.0391e-02
1811  	 2.0628e-02 	4.0745e-01 	8.1491e-03
1812  	 4.7519e-02 	1.5429e+00 	3.0859e-02
1813  	 1.5123e-01 	1.9812e+00 	3.9625e-02
1814  	 1.1082e-01 	1.2069e+00 	2.4138e-02
1815  	 1.9804e-01 	2.6410e+00 	5.2821e-02
1816  	 2.0655e-01 	6.0531e+00 	1.2106e-01
1817  	 2.3326e-01 	5.4035e+00 	1.0807e-01
1818  	 2.5607e-01 	3.8322e+00 	7.6643e-02
1819  	 1.6186e-01 	4.1205e+00 	8.2411e-02
1820  	 2.2115e-01 	3.2698e+00 	6.5395e-02
1821  	 2.0035e-01 	1.7585e+00 	3.5170e-02
1822  	 1.4816e-01 	6.7290e-01 	1.3458e-02
1823  	 1.2197e-01 	4.7851e+00 	9.5702e-02
1824  	 1.6904e-01 	9.7415e+00 	1.9483e-01
1825  	 5.2942e-01 	6.9651e+00 	1.3930e-01
1826  	 4.4941e-01 	2.6079e+00 	5.2157e-02
1827  	 1.0919e-01 	1.6062e+00 	3.2125e-02
1828  	 7.7948e-02 	1.8736e-01 	3.7473e-03
1829  	 1.0627e-01 	2.0834e+00 	4.1668e-02
1830  	 1.4533e-01 	3.7721e+00 	7.5441e-02
1831  	 1.4820e-01 	2.7431e+00 	5.4861e-02
1832  	 1.2580e-01 	1.1319e+00 	2.2638e-02
1833  	 8.5055e-02 	4.5587e-01 	9.1173e-03
1834  	 1.7822e-01 	2.2045e-01 	4.4091e-03
1835  	 5.3897e-02 	2.1911e-01 	4.3821e-03
1836  	 8.4849e-02 	2.2762e-01 	4.5525e-03
1837  	 8.2935e-02 	1.6302e+00 	3.2605e-02
1838  	 1.3764e-01 	1.8271e+00 	3.6542e-02
1839  	 8.3331e-02 	9.1873e-01 	1.8375e-02
1840  	 1.1410e-01 	3.4275e-01 	6.8549e-03
1841  	 4.8561e-02 	1.3655e+00 	2.7310e-02
1842  	 4.8528e-02 	6.0357e-01 	1.2071e-02
1843  	 6.7292e-02 	2.1311e-01 	4.2622e-03
1844  	 2.1379e-01 	1.1769e+00 	2.3537e-02
1845  	 1.1638e-01 	2.7360e+00 	5.4720e-02
1846  	 1.7895e-01 	2.1401e+00 	4.2803e-02
1847  	 9.6441e-02 	1.4567e+00 	2.9133e-02
1848  	 7.8907e-02 	3.9952e+00 	7.9904e-02
1849  	 1.7945e-01 	1.8197e+00 	3.6394e-02
1850  	 1.6633e-01 	1.7231e+00 	3.4462e-02
1851  	 1.7589e-01 	4.0707e-01 	8.1414e-03
1852  	 4.6897e-02 	5.7258e-01 	1.1452e-02
1853  	 1.1754e-01 	2.6045e+00 	5.2089e-02
1854  	 1.5083e-01 	1.1277e+00 	2.2553e-02
1855  	 7.6782e-02 	2.2317e+00 	4.4634e-02
1856  	 2.3259e-01 	3.5122e-01 	7.0245e-03
1857  	 7.9508e-02 	4.7003e-01 	9.4005e-03
1858  	 4.9266e-02 	1.7097e+00 	3.4194e-02
1859  	 1.0750e-01 	1.0286e+00 	2.0572e-02
1860  	 9.8343e-02 	2.6785e+00 	5.3569e-02
1861  	 1.3535e-01 	1.9774e+00 	3.9548e-02
1862  	 2.2636e-01 	1.3115e-01 	2.6230e-03
1863  	 3.9663e-02 	1.0398e+00 	2.0796e-02
1864  	 1.0879e-01 	6.3174e-01 	1.2635e-02
1865  	 6.1632e-02 	4.3250e+00 	8.6499e-02
1866  	 2.4161e-01 	4.0343e+00 	8.0686e-02
1867  	 1.7240e-01 	7.2677e-01 	1.4535e-02
1868  	 5.7636e-02 	1.6625e+00 	3.3250e-02
1869  	 1.8239e-01 	1.2249e+00 	2.4497e-02
1870  	 1.2413e-01 	2.8641e-01 	5.7282e-03
1871  	 1.0927e-01 	5.1236e-01 	1.0247e-02
1872  	 1.8879e-01 	8.9114e-01 	1.7823e-02
1873  	 7.8830e-02 	7.9546e-01 	1.5909e-02
1874  	 7.1703e-02 	1.7735e+00 	3.5470e-02
1875  	 9.9017e-02 	3.7150e-01 	7.4300e-03
1876  	 8.3394e-02 	3.0949e+00 	6.1897e-02
1877  	 1.3216e-01 	3.1788e+00 	6.3577e-02
1878  	 2.2211e-01 	2.6907e+00 	5.3813e-02
1879  	 1.0287e-01 	1.8015e+00 	3.6029e-02
1880  	 2.0636e-01 	2.1150e+00 	4.2301e-02
1881  	 6.9240e-02 	4.9704e+00 	9.9409e-02
1882  	 2.5058e-01 	6.1896e+00 	1.2379e-01
1883  	 3.4872e-01 	4.6504e+00 	9.3007e-02
1884  	 1.2948e-01 	1.7837e+00 	3.5674e-02
1885  	 1.1564e-01 	1.6072e+00 	3.2144e-02
1886  	 1.0151e-01 	1.9558e+00 	3.9115e-02
1887  	 9.7318e-02 	9.8261e-01 	1.9652e-02
1888  	 1.2818e-01 	1.7114e+00 	3.4228e-02
1889  	 1.2897e-01 	2.2666e+00 	4.5333e-02
1890  	 1.1286e-01 	1.1023e+00 	2.2046e-02
1891  	 1.3556e-01 	5.0634e-01 	1.0127e-02
1892  	 1.1868e-01 	1.3340e+00 	2.6681e-02
1893  	 7.3906e-02 	3.0395e+00 	6.0790e-02
1894  	 1.9114e-01 	2.0831e-01 	4.1663e-03
1895  	 2.5807e-01 	1.2654e+00 	2.5307e-02
1896  	 2.4295e-01 	1.8505e-01 	3.7010e-03
1897  	 1.1417e-01 	1.9818e+00 	3.9637e-02
1898  	 1.1317e-01 	2.0415e+00 	4.0830e-02
1899  	 1.2350e-01 	9.9209e-01 	1.9842e-02
1900  	 5.7592e-02 	2.1595e+00 	4.3190e-02
1901  	 1.7567e-01 	4.9851e+00 	9.9702e-02
1902  	 3.1230e-01 	3.3062e+00 	6.6125e-02
1903  	 2.1295e-01 	1.8056e+00 	3.6113e-02
1904  	 8.7308e-02 	2.7106e+00 	5.4212e-02
1905  	 6.3112e-02 	2.3224e+00 	4.6449e-02
1906  	 1.1706e-01 	4.1822e+00 	8.3643e-02
1907  	 2.4910e-01 	2.0788e+00 	4.1575e-02
1908  	 1.6719e-01 	3.0900e-01 	6.1799e-03
1909  	 8.9844e-02 	2.9673e+00 	5.9346e-02
1910  	 2.2324e-01 	4.3093e+00 	8.6186e-02
1911  	 1.5541e-01 	5.9654e+00 	1.1931e-01
1912  	 3.6738e-01 	2.5953e+00 	5.1905e-02
1913  	 7.4577e-02 	3.8183e-01 	7.6365e-03
1914  	 1.0094e-01 	2.1863e+00 	4.3726e-02
1915  	 9.0340e-02 	1.6694e+00 	3.3387e-02
1916  	 4.5070e-02 	9.0177e-01 	1.8035e-02
1917  	 3.6805e-02 	1.7599e+00 	3.5198e-02
1918  	 1.2078e-01 	2.1651e+00 	4.3303e-02
1919  	 1.1768e-01 	1.2977e+00 	2.5955e-02
1920  	 1.1789e-01 	4.3528e-01 	8.7056e-03
1921  	 9.2435e-02 	9.9574e-01 	1.9915e-02
1922  	 4.6008e-02 	1.0216e+00 	2.0431e-02
1923  	 5.6964e-02 	2.4858e+00 	4.9716e-02
1924  	 1.3711e-01 	2.5752e+00 	5.1503e-02
1925  	 1.8096e-01 	5.4961e-01 	1.0992e-02
1926  	 4.4715e-02 	1.4644e+00 	2.9287e-02
1927  	 8.7488e-02 	2.1166e+00 	4.2333e-02
1928  	 1.3193e-01 	5.1766e-01 	1.0353e-02
1929  	 9.4741e-02 	2.3984e+00 	4.7968e-02
1930  	 1.5325e-01 	2.1285e+00 	4.2570e-02
1931  	 7.3858e-02 	1.5399e+00 	3.0798e-02
1932  	 6.1277e-02 	2.0105e+00 	4.0210e-02
1933  	 2.4283e-01 	1.6427e+00 	3.2854e-02
1934  	 1.5883e-01 	4.8407e-01 	9.6813e-03
1935  	 1.8785e-01 	3.8222e+00 	7.6443e-02
1936  	 2.0569e-01 	3.4249e+00 	6.8497e-02
1937  	 2.2934e-01 	1.0328e+00 	2.0656e-02
1938  	 1.7383e-01 	2.7949e-01 	5.5899e-03
1939  	 1.1316e-01 	1.6050e+00 	3.2099e-02
1940  	 2.0450e-01 	7.2194e-01 	1.4439e-02
1941  	 8.7528e-02 	8.6409e-01 	1.7282e-02
1942  	 1.1949e-01 	1.0637e+00 	2.1273e-02
1943  	 4.4309e-02 	1.8867e+00 	3.7733e-02
1944  	 1.2703e-01 	4.1382e+00 	8.2764e-02
1945  	 1.9461e-01 	2.2372e+00 	4.4744e-02
1946  	 1.5652e-01 	2.0578e+00 	4.1156e-02
1947  	 2.9351e-01 	3.4538e+00 	6.9076e-02
1948  	 9.4205e-02 	5.6108e+00 	1.1222e-01
1949  	 2.2953e-01 	4.3435e+00 	8.6870e-02
1950  	 3.0940e-01 	4.3181e+00 	8.6363e-02
1951  	 2.4223e-01 	8.1119e+00 	1.6224e-01
1952  	 5.1879e-01 	4.6288e+00 	9.2577e-02
1953  	 3.6939e-01 	5.7428e-01 	1.1486e-02
1954  	 1.0902e-01 	9.4783e-01 	1.8957e-02
1955  	 1.4923e-01 	6.0330e-01 	1.2066e-02
1956  	 1.7579e-01 	2.5487e-01 	5.0973e-03
1957  	 1.1444e-01 	7.1519e-01 	1.4304e-02
1958  	 6.6407e-02 	1.0580e+00 	2.1159e-02
1959  	 3.6281e-02 	2.4762e+00 	4.9525e-02
1960  	 1.3530e-01 	5.5528e-01 	1.1106e-02
1961  	 1.2624e-01 	7.0946e-01 	1.4189e-02
1962  	 7.0744e-02 	2.5755e-01 	5.1511e-03
1963  	 7.7292e-02 	2.7414e+00 	5.4829e-02
1964  	 2.7378e-01 	3.0634e+00 	6.1268e-02
1965  	 2.0647e-01 	2.0160e-01 	4.0321e-03
1966  	 8.8073e-02 	5.3746e-01 	1.0749e-02
1967  	 7.2524e-02 	2.9319e-01 	5.8638e-03
1968  	 1.9840e-01 	1.5444e+00 	3.0888e-02
1969  	 1.7263e-01 	1.4978e+00 	2.9956e-02
1970  	 8.7077e-02 	1.5521e-01 	3.1041e-03
1971  	 4.5362e-02 	7.6785e-01 	1.5357e-02
1972  	 1.7954e-01 	7.3826e-01 	1.4765e-02
1973  	 7.0900e-02 	2.4083e+00 	4.8167e-02
1974  	 1.2210e-01 	2.4467e+00 	4.8934e-02
1975  	 8.6493e-02 	5.2109e+00 	1.0422e-01
1976  	 1.9845e-01 	3.1880e+00 	6.3761e-02
1977  	 1.2638e-01 	8.4539e-01 	1.6908e-02
1978  	 9.1041e-02 	1.4443e+00 	2.8886e-02
1979  	 1.5806e-01 	1.4858e-01 	2.9717e-03
1980  	 1.0738e-01 	9.1925e-01 	1.8385e-02
1981  	 5.7534e-02 	6.5645e-01 	1.3129e-02
1982  	 1.4278e-01 	8.6014e-01 	1.7203e-02
1983  	 3.7459e-02 	3.4997e+00 	6.9995e-02
1984  	 2.5481e-01 	5.2142e+00 	1.0428e-01
1985  	 1.7530e-01 	3.0689e+00 	6.1377e-02
1986  	 1.9990e-01 	8.6111e-01 	1.7222e-02
1987  	 6.4873e-02 	1.2463e+00 	2.4927e-02
1988  	 1.2593e-01 	7.5920e-01 	1.5184e-02
1989  	 4.3356e-02 	3.5284e-01 	7.0568e-03
1990  	 1.0807e-01 	1.3690e+00 	2.7381e-02
1991  	 9.7573e-02 	1.9280e+00 	3.8560e-02
1992  	 8.5831e-02 	1.2436e+00 	2.4872e-02
1993  	 1.2321e-01 	1.6323e+00 	3.2645e-02
1994  	 6.3976e-02 	8.4671e-01 	1.6934e-02
1995  	 7.0228e-02 	2.4493e-01 	4.8986e-03
1996  	 1.2681e-01 	1.6167e+00 	3.2334e-02
1997  	 1.1186e-01 	1.2150e+00 	2.4300e-02
1998  	 1.0786e-01 	6.1138e-01 	1.2228e-02
1999  	 6.0731e-02 	1.2685e+00 	2.5371e-02
2000  	 1.8502e-01 	1.8547e+00 	3.7093e-02
2001  	 1.0442e-01 	1.0985e+00 	2.1971e-02
2002  	 4.2935e-02 	1.1923e+00 	2.3845e-02
2003  	 1.4920e-01 	9.1788e-01 	1.8358e-02
2004  	 2.2925e-01 	7.6097e-01 	1.5219e-02
2005  	 2.0661e-01 	7.1333e-01 	1.4267e-02
2006  	 3.7566e-02 	4.6169e-01 	9.2338e-03
2007  	 1.6286e-01 	1.6140e+00 	3.2279e-02
2008  	 7.5085e-02 	2.0576e+00 	4.1152e-02
2009  	 9.1053e-02 	1.6309e+00 	3.2617e-02
2010  	 8.3444e-02 	1.9204e+00 	3.8409e-02
2011  	 2.2802e-01 	1.5169e+00 	3.0337e-02
2012  	 9.7018e-02 	1.6031e+00 	3.2062e-02
2013  	 1.8890e-01 	3.5219e-01 	7.0438e-03
2014  	 4.8654e-02 	8.5458e-01 	1.7092e-02
2015  	 9.0424e-02 	2.5257e+00 	5.0513e-02
2016  	 1.4839e-01 	7.7673e+00 	1.5535e-01
2017  	 4.5569e-01 	1.0886e+01 	2.1772e-01
2018  	 5.1008e-01 	1.4453e+01 	2.8906e-01
2019  	 1.0569e+00 	5.3982e+00 	1.0796e-01
2020  	 5.9554e-01 	2.2594e+00 	4.5188e-02
2021  	 1.9103e-01 	2.9086e-01 	5.8172e-03
2022  	 5.0700e-02 	7.5909e-01 	1.5182e-02
2023  	 1.3381e-01 	1.7498e+00 	3.4995e-02
2024  	 1.4859e-01 	1.4261e+00 	2.8521e-02
2025  	 8.7650e-02 	7.0889e-01 	1.4178e-02
2026  	 8.0625e-02 	1.8083e+00 	3.6166e-02
2027  	 9.1610e-02 	5.3613e-01 	1.0723e-02
2028  	 8.7686e-02 	1.7690e+00 	3.5380e-02
2029  	 2.1821e-01 	1.6368e+00 	3.2737e-02
2030  	 1.4494e-01 	1.2233e+00 	2.4466e-02
2031  	 1.0725e-01 	2.8371e-01 	5.6742e-03
2032  	 1.6949e-02 	4.9725e-01 	9.9449e-03
2033  	 7.9516e-02 	1.3165e+00 	2.6330e-02
2034  	 8.2418e-02 	1.5285e+00 	3.0570e-02
2035  	 8.3276e-02 	1.5920e+00 	3.1840e-02
2036  	 8.1040e-02 	1.3056e+00 	2.6113e-02
2037  	 1.0839e-01 	4.9605e-01 	9.9210e-03
2038  	 7.8592e-02 	2.7614e+00 	5.5228e-02
2039  	 1.1198e-01 	2.4575e+00 	4.9150e-02
2040  	 1.3117e-01 	2.3507e+00 	4.7014e-02
2041  	 9.3087e-02 	2.5565e+00 	5.1131e-02
2042  	 1.1899e-01 	2.6677e+00 	5.3354e-02
2043  	 1.8728e-01 	1.7191e+00 	3.4382e-02
2044  	 8.1293e-02 	8.6435e-01 	1.7287e-02
2045  	 7.5969e-02 	1.1778e+00 	2.3556e-02
2046  	 1.0037e-01 	7.5443e-01 	1.5089e-02
2047  	 9.9655e-02 	8.9186e-01 	1.7837e-02
2048  	 2.0804e-01 	1.4123e+00 	2.8247e-02
2049  	 6.5043e-02 	1.7848e+00 	3.5696e-02
2050  	 1.0987e-01 	1.5136e+00 	3.0271e-02
2051  	 1.3092e-01 	3.7465e-01 	7.4931e-03
2052  	 5.5731e-02 	2.1687e+00 	4.3375e-02
2053  	 1.6116e-01 	1.3403e+00 	2.6805e-02
2054  	 1.2229e-01 	1.0299e+00 	2.0598e-02
2055  	 5.5451e-02 	3.5788e+00 	7.1575e-02
2056  	 1.6564e-01 	5.2198e+00 	1.0440e-01
2057  	 3.5243e-01 	8.5386e+00 	1.7077e-01
2058  	 3.6776e-01 	1.1575e+01 	2.3150e-01
2059  	 7.3516e-01 	1.1629e+01 	2.3258e-01
2060  	 8.2923e-01 	6.1818e+00 	1.2364e-01
2061  	 4.6288e-01 	9.9625e-01 	1.9925e-02
2062  	 1.0522e-01 	9.5923e-01 	1.9185e-02
2063  	 1.0672e-01 	6.0729e-01 	1.2146e-02
2064  	 5.7470e-02 	1.6496e+00 	3.2992e-02
2065  	 1.8353e-01 	2.6852e+00 	5.3705e-02
2066  	 6.8529e-02 	1.8643e+00 	3.7286e-02
2067  	 2.1003e-01 	2.9670e+00 	5.9341e-02
2068  	 2.1023e-01 	3.6190e+00 	7.2379e-02
2069  	 1.7887e-01 	3.1301e+00 	6.2602e-02
2070  	 2.3411e-01 	2.2872e+00 	4.5745e-02
2071  	 2.7496e-01 	4.4413e-01 	8.8827e-03
2072  	 5.3011e-02 	1.0380e+00 	2.0760e-02
2073  	 6.1207e-02 	1.3682e+00 	2.7365e-02
2074  	 6.5202e-02 	2.4005e+00 	4.8010e-02
2075  	 1.7414e-01 	1.1580e+00 	2.3160e-02
2076  	 1.6027e-01 	1.1066e+00 	2.2132e-02
2077  	 1.9142e-01 	1.6087e+00 	3.2174e-02
2078  	 1.1183e-01 	2.0840e+00 	4.1679e-02
2079  	 1.5283e-01 	3.2284e+00 	6.4568e-02
2080  	 1.4069e-01 	2.2495e+00 	4.4991e-02
2081  	 2.0067e-01 	7.9478e-01 	1.5896e-02
2082  	 2.3022e-01 	1.7513e+00 	3.5026e-02
2083  	 7.5563e-02 	2.0869e+00 	4.1738e-02
2084  	 1.6372e-01 	7.1877e-01 	1.4375e-02
2085  	 1.2043e-01 	9.7588e-01 	1.9518e-02
2086  	 1.6319e-01 	4.8913e-01 	9.7825e-03
2087  	 1.9898e-02 	9.0456e-01 	1.8091e-02
2088  	 8.8083e-02 	8.6641e-01 	1.7328e-02
2089  	 1.0479e-01 	5.4518e-01 	1.0904e-02
2090  	 1.2480e-01 	3.3120e-01 	6.6240e-03
2091  	 1.5256e-01 	1.3744e+00 	2.7488e-02
2092  	 1.3690e-01 	2.7035e+00 	5.4071e-02
2093  	 1.7356e-01 	2.8808e+00 	5.7616e-02
2094  	 1.5093e-01 	1.8738e+00 	3.7476e-02
2095  	 1.2860e-01 	1.1063e+00 	2.2125e-02
2096  	 1.6935e-01 	1.1228e+00 	2.2456e-02
2097  	 1.2660e-01 	9.2785e-01 	1.8557e-02
2098  	 6.5076e-02 	2.1093e+00 	4.2185e-02
2099  	 1.6707e-01 	3.5297e+00 	7.0593e-02
2100  	 9.5974e-02 	1.3725e+00 	2.7451e-02
2101  	 1.2174e-01 	2.7548e-01 	5.5097e-03
2102  	 3.4663e-02 	4.7658e-01 	9.5315e-03
2103  	 7.6486e-02 	8.1494e-01 	1.6299e-02
2104  	 1.0205e-01 	1.0229e+00 	2.0457e-02
2105  	 9.9186e-02 	2.0765e+00 	4.1531e-02
2106  	 1.0041e-01 	1.1257e+00 	2.2514e-02
2107  	 1.8859e-01 	3.0780e+00 	6.1559e-02
2108  	 1.1487e-01 	1.0154e+00 	2.0307e-02
2109  	 3.1725e-02 	1.5380e+00 	3.0760e-02
2110  	 9.7464e-02 	6.4752e-01 	1.2950e-02
2111  	 1.2655e-01 	3.5170e-01 	7.0339e-03
2112  	 1.2077e-01 	9.3318e-01 	1.8664e-02
2113  	 1.1512e-01 	1.2001e+00 	2.4002e-02
2114  	 6.0615e-02 	3.4847e+00 	6.9693e-02
2115  	 1.8366e-01 	3.1111e+00 	6.2222e-02
2116  	 1.6960e-01 	2.0250e+00 	4.0500e-02
2117  	 6.7972e-02 	4.0508e-01 	8.1016e-03
2118  	 5.4624e-02 	3.1445e+00 	6.2891e-02
2119  	 1.6482e-01 	3.5222e+00 	7.0445e-02
2120  	 1.7812e-01 	3.2443e+00 	6.4886e-02
2121  	 1.0503e-01 	1.9079e+00 	3.8159e-02
2122  	 1.3915e-01 	3.4628e-01 	6.9257e-03
2123  	 9.7044e-02 	2.4037e+00 	4.8074e-02
2124  	 1.9822e-01 	2.8336e+00 	5.6672e-02
2125  	 1.6102e-01 	4.4760e-01 	8.9519e-03
2126  	 4.8598e-02 	2.1742e+00 	4.3485e-02
2127  	 1.7436e-01 	2.0699e+00 	4.1397e-02
2128  	 1.1870e-01 	1.5192e+00 	3.0384e-02
2129  	 1.4505e-01 	2.8394e+00 	5.6787e-02
2130  	 1.1588e-01 	4.0695e-01 	8.1389e-03
2131  	 9.3013e-02 	3.3955e+00 	6.7909e-02
2132  	 1.6123e-01 	5.8763e+00 	1.1753e-01
2133  	 3.7225e-01 	2.6396e+00 	5.2792e-02
2134  	 1.6044e-01 	1.4994e+00 	2.9988e-02
2135  	 1.8719e-01 	3.8248e+00 	7.6495e-02
2136  	 1.2028e-01 	1.8621e+00 	3.7242e-02
2137  	 1.4823e-01 	5.9401e-01 	1.1880e-02
2138  	 6.4287e-02 	1.7072e+00 	3.4143e-02
2139  	 6.5966e-02 	1.8398e+00 	3.6797e-02
2140  	 1.1883e-01 	3.2550e+00 	6.5101e-02
2141  	 2.0571e-01 	5.3845e+00 	1.0769e-01
2142  	 3.4267e-01 	3.7210e+00 	7.4420e-02
2143  	 1.9276e-01 	2.4247e+00 	4.8494e-02
2144  	 6.7441e-02 	5.2629e-01 	1.0526e-02
2145  	 3.7863e-02 	3.7791e+00 	7.5581e-02
2146  	 1.9335e-01 	3.1657e+00 	6.3313e-02
2147  	 2.3684e-01 	1.1345e+00 	2.2691e-02
2148  	 9.3942e-02 	6.7936e-01 	1.3587e-02
2149  	 1.4316e-01 	9.6831e-01 	1.9366e-02
2150  	 7.2044e-02 	1.3875e+00 	2.7751e-02
2151  	 2.5922e-01 	8.6087e-01 	1.7217e-02
2152  	 4.8980e-02 	2.9915e+00 	5.9831e-02
2153  	 2.9643e-01 	3.6901e+00 	7.3802e-02
2154  	 1.5660e-01 	7.8684e+00 	1.5737e-01
2155  	 2.9603e-01 	1.3460e+01 	2.6920e-01
2156  	 8.0396e-01 	1.7045e+01 	3.4091e-01
2157  	 1.3068e+00 	1.1471e+01 	2.2943e-01
2158  	 1.1997e+00 	2.1925e+00 	4.3851e-02
2159  	 8.7510e-02 	4.3122e-01 	8.6244e-03
2160  	 7.2350e-02 	1.2516e+00 	2.5033e-02
2161  	 1.7387e-01 	6.3072e-01 	1.2614e-02
2162  	 7.2033e-02 	3.7470e-01 	7.4941e-03
2163  	 4.1665e-02 	2.3547e+00 	4.7094e-02
2164  	 1.2082e-01 	1.0901e+00 	2.1803e-02
2165  	 1.0695e-01 	1.7757e+00 	3.5514e-02
2166  	 1.9228e-01 	2.7451e+00 	5.4903e-02
2167  	 1.7706e-01 	1.6736e+00 	3.3471e-02
2168  	 2.5833e-01 	4.0818e-01 	8.1636e-03
2169  	 6.8852e-02 	2.0061e+00 	4.0122e-02
2170  	 5.7373e-02 	6.6544e-01 	1.3309e-02
2171  	 1.6370e-01 	3.1358e+00 	6.2715e-02
2172  	 1.1040e-01 	3.0547e+00 	6.1094e-02
2173  	 2.3773e-01 	2.1720e+00 	4.3440e-02
2174  	 4.6164e-02 	3.3756e+00 	6.7513e-02
2175  	 1.5512e-01 	4.2409e+00 	8.4818e-02
2176  	 1.5168e-01 	5.9123e+00 	1.1825e-01
2177  	 2.1441e-01 	6.0527e+00 	1.2105e-01
2178  	 3.6148e-01 	1.6409e+00 	3.2817e-02
2179  	 6.6700e-02 	1.3231e+00 	2.6462e-02
2180  	 6.7793e-02 	1.4064e+00 	2.8128e-02
2181  	 1.4769e-01 	3.6814e+00 	7.3627e-02
2182  	 1.4613e-01 	2.8703e+00 	5.7406e-02
2183  	 1.6589e-01 	2.3695e-01 	4.7391e-03
2184  	 3.2420e-02 	2.2006e-01 	4.4013e-03
2185  	 1.4413e-01 	6.3860e-01 	1.2772e-02
2186  	 1.1156e-01 	5.8754e-01 	1.1751e-02
2187  	 1.1730e-01 	2.4794e+00 	4.9589e-02
2188  	 1.4859e-01 	5.4012e+00 	1.0802e-01
2189  	 2.3880e-01 	9.6190e+00 	1.9238e-01
2190  	 5.4049e-01 	1.0374e+01 	2.0748e-01
2191  	 6.9736e-01 	5.1179e+00 	1.0236e-01
2192  	 3.1324e-01 	3.1300e+00 	6.2600e-02
2193  	 2.1003e-01 	5.0865e+00 	1.0173e-01
2194  	 1.8987e-01 	8.1828e+00 	1.6366e-01
2195  	 4.1606e-01 	7.6580e+00 	1.5316e-01
2196  	 5.1185e-01 	5.7949e+00 	1.1590e-01
2197  	 3.0157e-01 	7.7805e+00 	1.5561e-01
2198  	 4.0808e-01 	1.4001e+01 	2.8001e-01
2199  	 9.5753e-01 	1.3821e+01 	2.7641e-01
2200  	 1.3688e+00 	5.7890e+00 	1.1578e-01
2201  	 3.0217e-01 	2.8049e+00 	5.6098e-02
2202  	 9.9270e-02 	8.8668e-01 	1.7734e-02
2203  	 8.3806e-02 	1.0391e+00 	2.0781e-02
2204  	 1.1347e-01 	1.9152e+00 	3.8304e-02
2205  	 9.1253e-02 	2.6580e+00 	5.3160e-02
2206  	 1.6662e-01 	6.0785e-01 	1.2157e-02
2207  	 7.0185e-02 	1.3565e+00 	2.7131e-02
2208  	 1.5550e-01 	8.4762e-01 	1.6952e-02
2209  	 1.2713e-01 	1.0855e+00 	2.1709e-02
2210  	 1.8417e-01 	5.3327e-01 	1.0665e-02
2211  	 6.2896e-02 	1.2504e+00 	2.5009e-02
2212  	 8.7678e-02 	6.9991e-01 	1.3998e-02
2213  	 8.3729e-02 	1.3881e+00 	2.7762e-02
2214  	 9.3424e-02 	1.3725e+00 	2.7449e-02
2215  	 1.2577e-01 	6.0811e-01 	1.2162e-02
2216  	 1.0462e-01 	1.5788e+00 	3.1576e-02
2217  	 6.3673e-02 	3.4424e+00 	6.8848e-02
2218  	 1.0131e-01 	2.3383e+00 	4.6766e-02
2219  	 1.3563e-01 	1.1839e+00 	2.3677e-02
2220  	 2.1136e-01 	5.2792e-01 	1.0558e-02
2221  	 8.4103e-02 	9.4250e-01 	1.8850e-02
2222  	 1.2403e-01 	4.5309e-01 	9.0617e-03
2223  	 8.6781e-02 	1.3928e+00 	2.7856e-02
2224  	 3.5988e-02 	4.6810e+00 	9.3619e-02
2225  	 2.0965e-01 	7.1766e+00 	1.4353e-01
2226  	 3.7788e-01 	9.0952e+00 	1.8190e-01
2227  	 6.5567e-01 	7.3672e+00 	1.4734e-01
2228  	 3.8250e-01 	3.2878e+00 	6.5756e-02
2229  	 2.0448e-01 	5.2716e-01 	1.0543e-02
2230  	 1.3168e-01 	7.9473e-01 	1.5895e-02
2231  	 2.0521e-01 	8.7404e-01 	1.7481e-02
2232  	 4.0793e-02 	2.3828e-01 	4.7656e-03
2233  	 5.2118e-02 	1.8097e+00 	3.6194e-02
2234  	 9.5236e-02 	4.9057e+00 	9.8115e-02
2235  	 2.4030e-01 	6.8074e+00 	1.3615e-01
2236  	 3.3426e-01 	6.5784e+00 	1.3157e-01
2237  	 2.5862e-01 	7.0853e+00 	1.4171e-01
2238  	 2.8364e-01 	3.6794e+00 	7.3588e-02
2239  	 1.6008e-01 	2.1706e+00 	4.3412e-02
2240  	 6.0727e-02 	1.9373e+00 	3.8746e-02
2241  	 1.4246e-01 	6.5450e-01 	1.3090e-02
2242  	 1.2686e-01 	4.3598e+00 	8.7195e-02
2243  	 2.1860e-01 	2.0241e+00 	4.0482e-02
2244  	 1.8497e-01 	2.8491e+00 	5.6982e-02
2245  	 2.1118e-01 	1.0300e+00 	2.0601e-02
2246  	 2.2639e-01 	1.9833e+00 	3.9666e-02
2247  	 9.8213e-02 	2.8394e+00 	5.6788e-02
2248  	 1.0931e-01 	2.4342e+00 	4.8685e-02
2249  	 1.8067e-01 	3.8829e+00 	7.7657e-02
2250  	 1.7479e-01 	5.8216e+00 	1.1643e-01
2251  	 2.5209e-01 	5.8243e+00 	1.1649e-01
2252  	 2.8792e-01 	6.9949e+00 	1.3990e-01
2253  	 3.6688e-01 	4.0601e+00 	8.1201e-02
2254  	 2.9644e-01 	3.9218e+00 	7.8436e-02
2255  	 1.4473e-01 	7.6511e+00 	1.5302e-01
2256  	 3.1201e-01 	1.1501e+01 	2.3001e-01
2257  	 4.9358e-01 	7.7438e+00 	1.5488e-01
2258  	 5.3996e-01 	1.9558e+00 	3.9115e-02
2259  	 1.3474e-01 	7.6924e-01 	1.5385e-02
2260  	 1.1411e-01 	5.0089e+00 	1.0018e-01
2261  	 1.9254e-01 	5.6368e+00 	1.1274e-01
2262  	 3.5754e-01 	5.3794e+00 	1.0759e-01
2263  	 1.8842e-01 	2.8280e+00 	5.6560e-02
2264  	 1.2802e-01 	3.3526e-01 	6.7052e-03
2265  	 1.5972e-02 	7.9524e-01 	1.5905e-02
2266  	 7.4927e-02 	6.8708e-01 	1.3742e-02
2267  	 1.0132e-01 	2.6877e-01 	5.3753e-03
2268  	 9.1350e-02 	1.5278e+00 	3.0555e-02
2269  	 9.6797e-02 	4.4229e+00 	8.8459e-02
2270  	 2.9755e-01 	3.8100e+00 	7.6201e-02
2271  	 2.3090e-01 	1.8642e+00 	3.7284e-02
2272  	 9.1176e-02 	3.6009e-01 	7.2017e-03
2273  	 8.6759e-02 	1.8498e+00 	3.6996e-02
2274  	 2.1525e-01 	1.0172e+00 	2.0344e-02
2275  	 1.2790e-01 	3.1122e+00 	6.2243e-02
2276  	 1.0956e-01 	7.7247e+00 	1.5449e-01
2277  	 2.9351e-01 	1.0094e+01 	2.0188e-01
2278  	 7.3441e-01 	4.0568e+00 	8.1136e-02
2279  	 3.0184e-01 	1.9389e+00 	3.8778e-02
2280  	 7.0883e-02 	6.8926e-01 	1.3785e-02
2281  	 1.0422e-01 	3.1846e+00 	6.3692e-02
2282  	 9.4418e-02 	4.5872e+00 	9.1744e-02
2283  	 2.6016e-01 	4.1787e+00 	8.3574e-02
2284  	 2.0147e-01 	1.2987e+00 	2.5974e-02
2285  	 5.1840e-02 	1.5987e+00 	3.1974e-02
2286  	 1.1738e-01 	5.8509e-01 	1.1702e-02
2287  	 1.0256e-01 	2.2189e+00 	4.4379e-02
2288  	 2.0072e-01 	2.0610e+00 	4.1220e-02
2289  	 1.1141e-01 	1.2144e+00 	2.4289e-02
2290  	 1.3881e-01 	1.8435e+00 	3.6871e-02
2291  	 9.5743e-02 	5.9004e-01 	1.1801e-02
2292  	 1.3393e-01 	1.3676e+00 	2.7351e-02
2293  	 6.8255e-02 	2.2232e-01 	4.4463e-03
2294  	 7.4368e-02 	1.3626e+00 	2.7253e-02
2295  	 1.2237e-01 	4.6617e-01 	9.3234e-03
2296  	 1.2385e-01 	1.5263e+00 	3.0526e-02
2297  	 1.7698e-01 	5.7740e-01 	1.1548e-02
2298  	 5.3717e-02 	8.2864e-02 	1.6573e-03
2299  	 1.4160e-01 	1.3893e+00 	2.7786e-02
2300  	 1.8150e-01 	1.1125e+00 	2.2249e-02
2301  	 1.1011e-01 	2.4440e-01 	4.8880e-03
2302  	 5.4434e-02 	1.3657e-01 	2.7313e-03
2303  	 1.4871e-01 	1.7561e-01 	3.5122e-03
2304  	 5.6689e-02 	8.5462e-01 	1.7092e-02
2305  	 1.1994e-01 	1.4072e+00 	2.8144e-02
2306  	 5.6674e-02 	8.6142e-01 	1.7228e-02
2307  	 2.0283e-01 	9.3212e-01 	1.8642e-02
2308  	 4.0550e-02 	2.9502e+00 	5.9003e-02
2309  	 1.6818e-01 	3.5323e+00 	7.0647e-02
2310  	 1.5023e-01 	1.1400e+00 	2.2801e-02
2311  	 1.7727e-01 	4.5812e-01 	9.1625e-03
2312  	 4.3053e-02 	1.0376e+00 	2.0753e-02
2313  	 3.3849e-02 	5.7139e-01 	1.1428e-02
2314  	 3.4032e-02 	3.5595e+00 	7.1190e-02
2315  	 2.0661e-01 	2.4680e+00 	4.9359e-02
2316  	 1.4942e-01 	5.0726e-01 	1.0145e-02
2317  	 3.5418e-02 	1.3135e+00 	2.6269e-02
2318  	 9.6163e-02 	1.6894e+00 	3.3788e-02
2319  	 2.2454e-01 	4.2664e-01 	8.5327e-03
2320  	 6.0077e-02 	3.6486e-01 	7.2972e-03
2321  	 7.8387e-02 	9.9875e-01 	1.9975e-02
2322  	 5.7379e-02 	1.0755e+00 	2.1510e-02
2323  	 1.1511e-01 	1.7922e+00 	3.5844e-02
2324  	 1.4695e-01 	1.1108e+00 	2.2216e-02
2325  	 1.4504e-01 	1.9789e+00 	3.9578e-02
2326  	 1.3972e-01 	2.0066e+00 	4.0132e-02
2327  	 1.0169e-01 	1.1816e+00 	2.3632e-02
2328  	 2.3029e-01 	1.6922e+00 	3.3843e-02
2329  	 9.4972e-02 	2.7151e+00 	5.4301e-02
2330  	 1.0408e-01 	4.4854e+00 	8.9708e-02
2331  	 1.3108e-01 	4.6296e+00 	9.2593e-02
2332  	 2.6579e-01 	3.4120e+00 	6.8240e-02
2333  	 1.8284e-01 	1.8916e+00 	3.7832e-02
2334  	 1.4306e-01 	5.8301e+00 	1.1660e-01
2335  	 1.6354e-01 	3.2554e+00 	6.5107e-02
2336  	 1.5364e-01 	1.2963e+00 	2.5926e-02
2337  	 2.0055e-01 	1.4767e+00 	2.9534e-02
2338  	 1.2550e-01 	2.8813e+00 	5.7627e-02
2339  	 1.8623e-01 	3.2179e+00 	6.4358e-02
2340  	 1.5566e-01 	1.3331e+00 	2.6662e-02
2341  	 6.0289e-02 	3.3953e+00 	6.7906e-02
2342  	 2.0521e-01 	1.5967e+00 	3.1934e-02
2343  	 1.1234e-01 	1.2134e+00 	2.4268e-02
2344  	 1.6001e-01 	1.1485e-01 	2.2969e-03
2345  	 5.0518e-02 	1.8648e+00 	3.7296e-02
2346  	 1.0030e-01 	2.5135e+00 	5.0271e-02
2347  	 2.1295e-01 	2.3202e+00 	4.6404e-02
2348  	 1.1617e-01 	1.9356e+00 	3.8712e-02
2349  	 9.3764e-02 	1.4064e+00 	2.8129e-02
2350  	 1.4162e-01 	1.7666e+00 	3.5331e-02
2351  	 8.2009e-02 	1.6006e+00 	3.2013e-02
2352  	 1.5694e-01 	7.3183e-01 	1.4637e-02
2353  	 1.7047e-01 	1.3089e+00 	2.6178e-02
2354  	 7.3695e-02 	4.1962e+00 	8.3923e-02
2355  	 1.7390e-01 	1.7429e+00 	3.4858e-02
2356  	 1.2123e-01 	1.6196e+00 	3.2392e-02
2357  	 8.5194e-02 	1.1126e+00 	2.2251e-02
2358  	 7.9911e-02 	5.0938e-01 	1.0188e-02
2359  	 5.2747e-02 	2.5799e+00 	5.1597e-02
2360  	 9.6711e-02 	3.9619e+00 	7.9238e-02
2361  	 2.1210e-01 	1.8835e+00 	3.7671e-02
2362  	 8.2683e-02 	9.8353e-01 	1.9671e-02
2363  	 5.0421e-02 	1.3291e+00 	2.6582e-02
2364  	 3.3742e-02 	2.1804e+00 	4.3608e-02
2365  	 1.3285e-01 	2.2991e+00 	4.5981e-02
2366  	 1.3859e-01 	1.3281e+00 	2.6562e-02
2367  	 2.1333e-01 	4.3781e-01 	8.7562e-03
2368  	 9.3499e-02 	3.1451e+00 	6.2901e-02
2369  	 2.7219e-01 	3.6090e-01 	7.2180e-03
2370  	 9.4166e-02 	1.6580e+00 	3.3161e-02
2371  	 1.4780e-01 	3.2432e+00 	6.4864e-02
2372  	 1.9616e-01 	6.2231e-01 	1.2446e-02
2373  	 9.7888e-02 	6.1721e-01 	1.2344e-02
2374  	 1.5296e-01 	4.0282e+00 	8.0563e-02
2375  	 1.8153e-01 	6.5510e+00 	1.3102e-01
2376  	 3.4129e-01 	5.5372e+00 	1.1074e-01
2377  	 2.2147e-01 	7.7485e+00 	1.5497e-01
2378  	 2.8443e-01 	5.3553e+00 	1.0711e-01
2379  	 3.5624e-01 	3.1016e-01 	6.2031e-03
2380  	 5.7643e-02 	2.3912e+00 	4.7824e-02
2381  	 1.8838e-01 	3.6462e+00 	7.2925e-02
2382  	 1.4918e-01 	1.2246e+00 	2.4492e-02
2383  	 9.1617e-02 	3.4625e+00 	6.9249e-02
2384  	 2.2809e-01 	8.8504e-01 	1.7701e-02
2385  	 1.0548e-01 	9.8681e-01 	1.9736e-02
2386  	 7.6795e-02 	4.9593e-01 	9.9186e-03
2387  	 1.5638e-01 	5.3653e-01 	1.0731e-02
2388  	 1.4480e-01 	2.3976e+00 	4.7951e-02
2389  	 1.8840e-01 	4.2782e+00 	8.5563e-02
2390  	 1.3066e-01 	2.1630e+00 	4.3259e-02
2391  	 1.6714e-01 	1.0289e+00 	2.0578e-02
2392  	 6.9536e-02 	3.5298e+00 	7.0596e-02
2393  	 1.7861e-01 	2.2961e+00 	4.5922e-02
2394  	 1.1918e-01 	3.5966e-01 	7.1932e-03
2395  	 9.6037e-02 	1.4322e+00 	2.8643e-02
2396  	 1.1572e-01 	3.4786e+00 	6.9572e-02
2397  	 2.2369e-01 	2.1084e+00 	4.2169e-02
2398  	 2.0250e-01 	1.4580e+00 	2.9160e-02
2399  	 2.0106e-01 	1.4165e+00 	2.8330e-02
2400  	 2.1279e-01 	2.7271e+00 	5.4542e-02
2401  	 2.0203e-01 	2.3557e+00 	4.7114e-02
2402  	 9.6254e-02 	3.4622e+00 	6.9243e-02
2403  	 1.9533e-01 	2.5739e+00 	5.1479e-02
2404  	 1.5918e-01 	3.8923e+00 	7.7846e-02
2405  	 1.6811e-01 	5.1887e+00 	1.0377e-01
2406  	 2.4596e-01 	5.4816e+00 	1.0963e-01
2407  	 3.0404e-01 	4.5546e+00 	9.1092e-02
2408  	 2.2242e-01 	5.7037e+00 	1.1407e-01
2409  	 3.6950e-01 	4.6811e+00 	9.3623e-02
2410  	 3.0651e-01 	1.1484e+00 	2.2969e-02
2411  	 7.9923e-02 	1.2938e+00 	2.5876e-02
2412  	 1.3158e-01 	3.5476e+00 	7.0952e-02
2413  	 1.3087e-01 	5.9639e+00 	1.1928e-01
2414  	 3.0587e-01 	4.7352e+00 	9.4704e-02
2415  	 3.2645e-01 	2.7799e+00 	5.5598e-02
2416  	 1.4615e-01 	1.0390e+00 	2.0779e-02
2417  	 1.1401e-01 	2.4745e+00 	4.9491e-02
2418  	 1.0820e-01 	4.2301e+00 	8.4601e-02
2419  	 2.3941e-01 	6.4828e+00 	1.2966e-01
2420  	 2.8057e-01 	4.4693e+00 	8.9387e-02
2421  	 1.8571e-01 	6.9767e-01 	1.3953e-02
2422  	 1.8155e-01 	6.2960e-01 	1.2592e-02
2423  	 1.1893e-01 	1.2086e+00 	2.4172e-02
2424  	 1.0471e-01 	2.6474e+00 	5.2948e-02
2425  	 1.6287e-01 	2.3481e-01 	4.6962e-03
2426  	 4.0830e-02 	1.7818e+00 	3.5636e-02
2427  	 1.2581e-01 	1.4774e+00 	2.9547e-02
2428  	 8.9872e-02 	3.7908e-01 	7.5816e-03
2429  	 2.5730e-02 	1.9433e+00 	3.8866e-02
2430  	 1.0445e-01 	1.2150e+00 	2.4301e-02
2431  	 1.4860e-01 	2.3394e+00 	4.6788e-02
2432  	 1.3779e-01 	5.6085e-01 	1.1217e-02
2433  	 7.3221e-02 	5.8108e-01 	1.1622e-02
2434  	 9.6231e-02 	3.4176e-01 	6.8351e-03
2435  	 1.0870e-01 	5.5069e-01 	1.1014e-02
2436  	 9.4992e-02 	7.9156e-01 	1.5831e-02
2437  	 1.0732e-01 	2.4197e+00 	4.8394e-02
2438  	 9.6099e-02 	2.5182e-01 	5.0364e-03
2439  	 6.4415e-02 	2.0591e+00 	4.1182e-02
2440  	 1.7379e-01 	2.1680e+00 	4.3361e-02
2441  	 1.1773e-01 	2.6060e+00 	5.2121e-02
2442  	 1.4293e-01 	1.3739e+00 	2.7478e-02
2443  	 1.4869e-01 	6.3772e-01 	1.2754e-02
2444  	 1.2167e-01 	2.0335e-01 	4.0670e-03
2445  	 2.2241e-01 	1.8498e-01 	3.6996e-03
2446  	 7.2217e-02 	7.3846e-01 	1.4769e-02
2447  	 1.3569e-01 	2.3233e-01 	4.6466e-03
2448  	 2.5290e-02 	7.9146e-01 	1.5829e-02
2449  	 1.0766e-01 	2.4913e+00 	4.9825e-02
2450  	 8.4117e-02 	4.5927e+00 	9.1853e-02
2451  	 2.2549e-01 	3.5633e+00 	7.1265e-02
2452  	 2.3505e-01 	1.2245e+00 	2.4490e-02
2453  	 6.9261e-02 	1.1883e-01 	2.3767e-03
2454  	 7.6620e-02 	5.3236e-01 	1.0647e-02
2455  	 1.3435e-01 	1.1545e+00 	2.3090e-02
2456  	 5.5790e-02 	2.8297e+00 	5.6594e-02
2457  	 2.3003e-01 	3.6402e-01 	7.2804e-03
2458  	 5.7402e-02 	3.8684e-01 	7.7368e-03
2459  	 6.9149e-02 	2.7810e+00 	5.5620e-02
2460  	 1.2400e-01 	7.0632e+00 	1.4126e-01
2461  	 2.7075e-01 	1.3370e+01 	2.6740e-01
2462  	 1.1519e+00 	1.2193e+01 	2.4386e-01
2463  	 1.0256e+00 	1.6797e+00 	3.3594e-02
2464  	 1.9807e-01 	2.7986e+00 	5.5973e-02
2465  	 1.3018e-01 	1.1082e+00 	2.2164e-02
2466  	 2.3774e-01 	1.4953e+00 	2.9906e-02
2467  	 1.8883e-01 	2.8204e+00 	5.6407e-02
2468  	 1.1754e-01 	1.4136e+00 	2.8272e-02
2469  	 1.4780e-01 	1.9938e+00 	3.9876e-02
2470  	 7.1289e-02 	3.6370e+00 	7.2741e-02
2471  	 1.7706e-01 	3.3571e+00 	6.7142e-02
2472  	 1.8795e-01 	3.4287e+00 	6.8574e-02
2473  	 9.0816e-02 	4.8214e+00 	9.6429e-02
2474  	 2.3259e-01 	4.0401e+00 	8.0803e-02
2475  	 2.3142e-01 	2.8694e-01 	5.7389e-03
2476  	 1.1627e-01 	7.4363e-01 	1.4873e-02
2477  	 7.4481e-02 	3.5545e+00 	7.1089e-02
2478  	 1.6648e-01 	4.2057e+00 	8.4115e-02
2479  	 3.5428e-01 	4.8060e+00 	9.6121e-02
2480  	 2.5495e-01 	9.3275e+00 	1.8655e-01
2481  	 4.1163e-01 	5.8887e+00 	1.1777e-01
2482  	 4.9713e-01 	2.8077e+00 	5.6154e-02
2483  	 1.4058e-01 	3.1943e+00 	6.3885e-02
2484  	 1.7483e-01 	2.1859e+00 	4.3718e-02
2485  	 1.1043e-01 	1.9243e+00 	3.8486e-02
2486  	 6.9444e-02 	2.4308e+00 	4.8616e-02
2487  	 1.8949e-01 	1.3048e+00 	2.6096e-02
2488  	 1.8421e-01 	5.6468e-01 	1.1294e-02
2489  	 9.5921e-02 	6.4879e-01 	1.2976e-02
2490  	 1.0878e-01 	1.0109e+00 	2.0219e-02
2491  	 9.5252e-02 	1.3547e+00 	2.7094e-02
2492  	 1.2788e-01 	3.8931e+00 	7.7863e-02
2493  	 2.1830e-01 	6.6845e+00 	1.3369e-01
2494  	 2.6948e-01 	2.9333e+00 	5.8667e-02
2495  	 1.9496e-01 	3.1798e+00 	6.3597e-02
2496  	 2.4547e-01 	2.1004e+00 	4.2008e-02
2497  	 1.3895e-01 	5.2407e-02 	1.0481e-03
2498  	 2.8129e-02 	1.6922e-01 	3.3845e-03
2499  	 1.6088e-01 	7.3929e-01 	1.4786e-02
2500  	 1.8626e-01 	3.3806e+00 	6.7612e-02
2501  	 1.4168e-01 	3.1436e+00 	6.2873e-02
2502  	 1.4230e-01 	9.5283e-01 	1.9057e-02
2503  	 1.4692e-01 	3.7442e-01 	7.4884e-03
2504  	 8.5760e-02 	5.7829e-01 	1.1566e-02
2505  	 6.5964e-02 	1.2859e+00 	2.5717e-02
2506  	 1.3806e-01 	3.9210e-01 	7.8420e-03
2507  	 6.5883e-02 	6.1874e-01 	1.2375e-02
2508  	 5.6976e-02 	4.7877e-01 	9.5755e-03
2509  	 8.8077e-02 	1.7770e+00 	3.5541e-02
2510  	 1.5013e-01 	3.9838e+00 	7.9675e-02
2511  	 1.8271e-01 	3.5397e+00 	7.0795e-02
2512  	 1.5639e-01 	1.5877e+00 	3.1754e-02
2513  	 1.9310e-01 	7.8992e-01 	1.5798e-02
2514  	 1.6714e-01 	1.2940e+00 	2.5880e-02
2515  	 1.1061e-01 	1.6636e+00 	3.3272e-02
2516  	 1.2467e-01 	1.6657e+00 	3.3314e-02
2517  	 7.6552e-02 	1.1553e+00 	2.3106e-02
2518  	 9.0155e-02 	1.8340e+00 	3.6681e-02
2519  	 9.0648e-02 	1.5463e+00 	3.0927e-02
2520  	 2.2423e-01 	9.9359e-01 	1.9872e-02
2521  	 1.0684e-01 	5.5043e-01 	1.1009e-02
2522  	 8.3905e-02 	8.6926e-01 	1.7385e-02
2523  	 1.4756e-01 	1.3372e+00 	2.6744e-02
2524  	 8.8420e-02 	2.5054e+00 	5.0107e-02
2525  	 7.9540e-02 	1.9914e+00 	3.9829e-02
2526  	 1.3735e-01 	2.9016e+00 	5.8033e-02
2527  	 2.2177e-01 	8.4614e-01 	1.6923e-02
2528  	 1.5833e-01 	3.6884e+00 	7.3768e-02
2529  	 1.8796e-01 	3.9080e+00 	7.8160e-02
2530  	 2.7879e-01 	2.6643e+00 	5.3285e-02
2531  	 1.2568e-01 	1.6957e+00 	3.3913e-02
2532  	 1.1766e-01 	8.4813e-01 	1.6963e-02
2533  	 9.4003e-02 	1.1370e+00 	2.2741e-02
2534  	 1.0157e-01 	3.6790e+00 	7.3579e-02
2535  	 2.0812e-01 	1.8989e+00 	3.7978e-02
2536  	 4.4422e-02 	1.5355e+00 	3.0710e-02
2537  	 1.5149e-01 	3.0648e+00 	6.1296e-02
2538  	 1.7763e-01 	2.9364e+00 	5.8727e-02
2539  	 1.3332e-01 	9.5211e-01 	1.9042e-02
2540  	 2.0333e-01 	3.4920e+00 	6.9841e-02
2541  	 2.3537e-01 	9.2218e-01 	1.8444e-02
2542  	 1.8655e-01 	2.4355e+00 	4.8710e-02
2543  	 1.2683e-01 	3.1966e+00 	6.3931e-02
2544  	 1.6780e-01 	5.9831e+00 	1.1966e-01
2545  	 2.0905e-01 	8.2326e+00 	1.6465e-01
2546  	 3.2706e-01 	8.2223e+00 	1.6445e-01
2547  	 5.5224e-01 	1.0154e+01 	2.0309e-01
2548  	 7.3083e-01 	7.3276e+00 	1.4655e-01
2549  	 5.6008e-01 	2.6887e+00 	5.3773e-02
2550  	 1.2950e-01 	1.7966e+00 	3.5932e-02
2551  	 1.6053e-01 	5.7697e-01 	1.1539e-02
2552  	 1.1072e-01 	1.5731e+00 	3.1462e-02
2553  	 1.4882e-01 	2.3327e-01 	4.6654e-03
2554  	 1.2905e-01 	1.3816e+00 	2.7631e-02
2555  	 1.1284e-01 	3.6930e-01 	7.3860e-03
2556  	 6.8876e-02 	2.8587e+00 	5.7174e-02
2557  	 1.7451e-01 	2.5507e+00 	5.1014e-02
2558  	 2.2778e-01 	5.7257e-01 	1.1451e-02
2559  	 1.1788e-01 	8.8994e-01 	1.7799e-02
2560  	 1.2223e-01 	1.6771e+00 	3.3542e-02
2561  	 6.1820e-02 	3.3221e-01 	6.6441e-03
2562  	 9.7860e-02 	5.6063e-01 	1.1213e-02
2563  	 6.4433e-02 	1.2612e+00 	2.5224e-02
2564  	 1.0827e-01 	3.0324e+00 	6.0649e-02
2565  	 1.9142e-01 	1.1120e+00 	2.2240e-02
2566  	 1.0898e-01 	7.8716e-01 	1.5743e-02
2567  	 9.5970e-02 	1.2049e+00 	2.4097e-02
2568  	 9.6796e-02 	1.9607e+00 	3.9213e-02
2569  	 1.1106e-01 	2.2577e+00 	4.5154e-02
2570  	 1.1602e-01 	7.5645e-01 	1.5129e-02
2571  	 6.8700e-02 	4.5517e-01 	9.1034e-03
2572  	 9.9818e-02 	2.4420e-01 	4.8839e-03
2573  	 5.3531e-02 	6.6134e-01 	1.3227e-02
2574  	 9.3193e-02 	6.0385e-01 	1.2077e-02
2575  	 1.0106e-01 	1.9285e+00 	3.8571e-02
2576  	 1.4679e-01 	3.1783e+00 	6.3566e-02
2577  	 1.7703e-01 	1.7714e+00 	3.5428e-02
2578  	 1.2816e-01 	6.8558e-01 	1.3712e-02
2579  	 7.1419e-02 	7.9675e-01 	1.5935e-02
2580  	 1.2635e-01 	3.2933e-01 	6.5865e-03
2581  	 5.1175e-02 	2.0537e+00 	4.1075e-02
2582  	 1.6147e-01 	2.1723e+00 	4.3447e-02
2583  	 6.9703e-02 	1.7242e+00 	3.4484e-02
2584  	 6.8066e-02 	2.5667e+00 	5.1334e-02
2585  	 1.2280e-01 	3.8251e+00 	7.6501e-02
2586  	 1.7124e-01 	2.8422e+00 	5.6845e-02
2587  	 8.1908e-02 	1.0035e+00 	2.0069e-02
2588  	 1.1336e-01 	6.7248e-01 	1.3450e-02
2589  	 1.2536e-01 	4.7526e-01 	9.5053e-03
2590  	 6.8643e-02 	8.6996e-01 	1.7399e-02
2591  	 1.6913e-01 	4.1124e-01 	8.2248e-03
2592  	 4.0118e-02 	8.3328e-01 	1.6666e-02
2593  	 1.0757e-01 	2.4364e+00 	4.8728e-02
2594  	 1.5975e-01 	2.7942e+00 	5.5885e-02
2595  	 1.1072e-01 	1.6063e+00 	3.2125e-02
2596  	 7.2917e-02 	4.4118e+00 	8.8237e-02
2597  	 2.7272e-01 	5.7205e+00 	1.1441e-01
2598  	 2.9059e-01 	3.4472e+00 	6.8944e-02
2599  	 2.8441e-01 	5.2016e-01 	1.0403e-02
2600  	 1.0120e-01 	3.1216e+00 	6.2432e-02
2601  	 1.7877e-01 	3.8018e+00 	7.6037e-02
2602  	 2.3774e-01 	1.3333e+00 	2.6665e-02
2603  	 1.9628e-01 	1.8402e+00 	3.6804e-02
2604  	 9.1802e-02 	2.3840e+00 	4.7680e-02
2605  	 1.8646e-01 	3.4119e+00 	6.8238e-02
2606  	 1.6510e-01 	6.2578e+00 	1.2516e-01
2607  	 2.8313e-01 	1.1552e+01 	2.3104e-01
2608  	 5.6788e-01 	1.1913e+01 	2.3826e-01
2609  	 1.1986e+00 	6.5619e+00 	1.3124e-01
2610  	 4.3374e-01 	2.0578e+00 	4.1155e-02
2611  	 1.6080e-01 	5.9406e-01 	1.1881e-02
2612  	 1.0370e-01 	2.1125e+00 	4.2249e-02
2613  	 1.1838e-01 	2.9670e+00 	5.9340e-02
2614  	 2.0817e-01 	7.5854e-01 	1.5171e-02
2615  	 8.3463e-02 	3.8353e+00 	7.6706e-02
2616  	 1.9037e-01 	1.6647e+00 	3.3295e-02
2617  	 6.7136e-02 	2.8271e+00 	5.6542e-02
2618  	 2.8382e-01 	4.9513e-01 	9.9025e-03
2619  	 8.8661e-02 	1.8199e+00 	3.6398e-02
2620  	 1.8713e-01 	1.7686e+00 	3.5373e-02
2621  	 1.3050e-01 	3.8619e+00 	7.7238e-02
2622  	 2.1089e-01 	4.7938e+00 	9.5877e-02
2623  	 1.9976e-01 	8.0193e-01 	1.6039e-02
2624  	 8.4929e-02 	5.1546e+00 	1.0309e-01
2625  	 2.0123e-01 	4.3362e+00 	8.6724e-02
2626  	 2.0153e-01 	4.8673e+00 	9.7346e-02
2627  	 2.9004e-01 	4.1781e+00 	8.3562e-02
2628  	 3.0814e-01 	1.5044e+00 	3.0088e-02
2629  	 7.9919e-02 	1.1226e+00 	2.2451e-02
2630  	 1.4228e-01 	5.8256e-01 	1.1651e-02
2631  	 6.2040e-02 	3.4809e+00 	6.9619e-02
2632  	 9.0112e-02 	5.8517e+00 	1.1703e-01
2633  	 2.2350e-01 	8.6724e+00 	1.7345e-01
2634  	 4.0934e-01 	8.4341e+00 	1.6868e-01
2635  	 4.7716e-01 	5.7758e+00 	1.1552e-01
2636  	 2.6934e-01 	8.0815e+00 	1.6163e-01
2637  	 3.8471e-01 	5.2700e+00 	1.0540e-01
2638  	 3.5896e-01 	6.6120e-01 	1.3224e-02
2639  	 6.9253e-02 	8.8190e-01 	1.7638e-02
2640  	 1.1341e-01 	1.0254e+00 	2.0507e-02
2641  	 3.5716e-02 	1.5867e+00 	3.1734e-02
2642  	 4.9697e-02 	1.0711e+00 	2.1422e-02
2643  	 1.8850e-01 	2.2752e+00 	4.5503e-02
2644  	 1.4954e-01 	1.3852e+00 	2.7704e-02
2645  	 6.6595e-02 	2.0807e+00 	4.1615e-02
2646  	 1.3343e-01 	3.0702e+00 	6.1403e-02
2647  	 1.4597e-01 	1.2246e+00 	2.4491e-02
2648  	 1.1900e-01 	6.3958e-01 	1.2792e-02
2649  	 1.4787e-01 	5.6963e-01 	1.1393e-02
2650  	 5.5634e-02 	8.6845e-01 	1.7369e-02
2651  	 1.4972e-01 	2.9785e+00 	5.9570e-02
2652  	 1.1305e-01 	5.0552e-01 	1.0110e-02
2653  	 2.9027e-01 	1.3950e+00 	2.7900e-02
2654  	 1.1593e-01 	7.1832e-01 	1.4366e-02
2655  	 5.4467e-02 	3.2774e-01 	6.5547e-03
2656  	 5.9862e-02 	2.5447e+00 	5.0894e-02
2657  	 1.7681e-01 	3.0206e+00 	6.0412e-02
2658  	 2.2039e-01 	2.6772e+00 	5.3544e-02
2659  	 9.3637e-02 	3.5500e+00 	7.1001e-02
2660  	 1.5093e-01 	9.4269e-01 	1.8854e-02
2661  	 9.5386e-02 	3.0934e+00 	6.1867e-02
2662  	 7.7829e-02 	2.7523e+00 	5.5046e-02
2663  	 1.2088e-01 	6.4572e-01 	1.2914e-02
2664  	 1.7230e-01 	2.1980e+00 	4.3960e-02
2665  	 7.4038e-02 	4.8918e+00 	9.7836e-02
2666  	 3.6300e-01 	2.3620e+00 	4.7241e-02
2667  	 1.2187e-01 	7.5310e-01 	1.5062e-02
2668  	 4.8250e-02 	6.4839e-01 	1.2968e-02
2669  	 8.9745e-02 	1.8277e-01 	3.6554e-03
2670  	 5.0180e-02 	3.2280e-01 	6.4560e-03
2671  	 2.7003e-01 	3.5911e-01 	7.1823e-03
2672  	 9.7129e-02 	6.1830e-01 	1.2366e-02
2673  	 3.8970e-02 	7.7084e-01 	1.5417e-02
2674  	 1.0722e-01 	5.8140e-01 	1.1628e-02
2675  	 5.9021e-02 	7.9239e-01 	1.5848e-02
2676  	 1.0603e-01 	8.0216e-01 	1.6043e-02
2677  	 5.6424e-02 	9.8115e-01 	1.9623e-02
2678  	 9.0392e-02 	2.1020e+00 	4.2039e-02
2679  	 1.1658e-01 	4.5057e+00 	9.0115e-02
2680  	 2.3625e-01 	5.9160e+00 	1.1832e-01
2681  	 3.0423e-01 	5.2604e+00 	1.0521e-01
2682  	 4.1711e-01 	6.1621e+00 	1.2324e-01
2683  	 1.9830e-01 	5.3744e+00 	1.0749e-01
2684  	 2.2723e-01 	5.7133e-01 	1.1427e-02
2685  	 5.4765e-02 	8.6154e-01 	1.7231e-02
2686  	 8.2076e-02 	1.5019e+00 	3.0037e-02
2687  	 1.0314e-01 	3.1430e+00 	6.2860e-02
2688  	 2.5036e-01 	4.3185e+00 	8.6369e-02
2689  	 1.7452e-01 	1.9109e+00 	3.8218e-02
2690  	 1.4258e-01 	1.2220e+00 	2.4440e-02
2691  	 9.5405e-02 	1.1158e+00 	2.2315e-02
2692  	 7.4136e-02 	2.3775e-01 	4.7551e-03
2693  	 4.1318e-02 	5.1045e+00 	1.0209e-01
2694  	 4.3411e-01 	4.9431e+00 	9.8862e-02
2695  	 3.6783e-01 	4.3258e-01 	8.6516e-03
2696  	 6.7326e-02 	3.5910e+00 	7.1819e-02
2697  	 2.2858e-01 	1.5603e+00 	3.1205e-02
2698  	 7.3413e-02 	1.4776e+00 	2.9551e-02
2699  	 5.4618e-02 	1.1850e+00 	2.3700e-02
2700  	 8.5601e-02 	2.2677e+00 	4.5354e-02
2701  	 2.5646e-01 	3.1334e+00 	6.2667e-02
2702  	 9.2256e-02 	4.1776e+00 	8.3551e-02
2703  	 2.2672e-01 	2.6126e+00 	5.2252e-02
2704  	 1.9267e-01 	2.4334e+00 	4.8668e-02
2705  	 1.8942e-01 	3.4145e+00 	6.8290e-02
2706  	 2.5662e-01 	1.9754e+00 	3.9507e-02
2707  	 9.5785e-02 	3.5614e-01 	7.1227e-03
2708  	 5.1691e-02 	1.2103e+00 	2.4206e-02
2709  	 6.3208e-02 	9.2817e-01 	1.8563e-02
2710  	 6.5889e-02 	3.1135e+00 	6.2271e-02
2711  	 1.3154e-01 	1.9636e+00 	3.9272e-02
2712  	 1.4618e-01 	6.2188e-01 	1.2438e-02
2713  	 1.8948e-02 	1.0282e+00 	2.0564e-02
2714  	 9.8403e-02 	1.1929e+00 	2.3859e-02
2715  	 2.7092e-01 	4.3708e-01 	8.7416e-03
2716  	 5.0666e-02 	3.8419e-01 	7.6839e-03
2717  	 1.6301e-01 	2.7644e+00 	5.5287e-02
2718  	 1.4417e-01 	2.3230e+00 	4.6461e-02
2719  	 1.5885e-01 	6.4094e-01 	1.2819e-02
2720  	 1.8714e-01 	2.1310e+00 	4.2621e-02
2721  	 9.8050e-02 	1.9229e+00 	3.8458e-02
2722  	 6.4763e-02 	2.8713e+00 	5.7427e-02
2723  	 3.1531e-01 	1.4279e+01 	2.8558e-01
2724  	 7.2085e-01 	1.5480e+01 	3.0960e-01
2725  	 1.8310e+00 	5.7305e+00 	1.1461e-01
2726  	 3.5016e-01 	1.3757e+00 	2.7513e-02
2727  	 9.2513e-02 	8.5773e-01 	1.7155e-02
2728  	 1.4153e-01 	1.4614e+00 	2.9228e-02
2729  	 1.2364e-01 	5.2023e+00 	1.0405e-01
2730  	 3.2533e-01 	5.6019e+00 	1.1204e-01
2731  	 4.2532e-01 	1.2026e+00 	2.4052e-02
2732  	 5.9781e-02 	3.5871e+00 	7.1742e-02
2733  	 2.0076e-01 	1.2370e+00 	2.4741e-02
2734  	 7.5263e-02 	2.4833e+00 	4.9666e-02
2735  	 2.2311e-01 	1.8016e+00 	3.6032e-02
2736  	 1.6639e-01 	2.3305e+00 	4.6610e-02
2737  	 1.1366e-01 	4.9111e+00 	9.8222e-02
2738  	 1.2597e-01 	4.3772e+00 	8.7545e-02
2739  	 2.5543e-01 	1.8179e+00 	3.6358e-02
2740  	 9.4245e-02 	1.6960e+00 	3.3919e-02
2741  	 1.6770e-01 	7.3805e-01 	1.4761e-02
2742  	 9.7591e-02 	2.1301e+00 	4.2602e-02
2743  	 8.5398e-02 	2.3571e+00 	4.7143e-02
2744  	 1.2662e-01 	1.4008e+00 	2.8016e-02
2745  	 1.8064e-01 	3.8216e-01 	7.6431e-03
2746  	 1.0064e-01 	4.5233e-01 	9.0467e-03
2747  	 8.2625e-02 	3.1150e+00 	6.2299e-02
2748  	 1.3657e-01 	3.5465e+00 	7.0931e-02
2749  	 1.6245e-01 	5.6428e-01 	1.1286e-02
2750  	 9.6619e-02 	9.7532e-01 	1.9506e-02
2751  	 7.6153e-02 	5.1247e-01 	1.0249e-02
2752  	 1.2343e-01 	1.6286e+00 	3.2573e-02
2753  	 1.4928e-01 	1.6405e+00 	3.2811e-02
2754  	 6.2751e-02 	4.3151e+00 	8.6302e-02
2755  	 2.5014e-01 	5.9388e+00 	1.1878e-01
2756  	 4.1552e-01 	2.6282e+00 	5.2564e-02
2757  	 7.9846e-02 	9.7890e-01 	1.9578e-02
2758  	 1.2023e-01 	1.3325e+00 	2.6649e-02
2759  	 1.0438e-01 	7.4778e-01 	1.4956e-02
2760  	 8.0549e-02 	1.7728e+00 	3.5456e-02
2761  	 1.4047e-01 	6.8217e-01 	1.3643e-02
2762  	 5.9093e-02 	1.1173e+00 	2.2345e-02
2763  	 1.1274e-01 	1.1257e+00 	2.2513e-02
2764  	 1.7891e-01 	8.9787e-01 	1.7957e-02
2765  	 1.2303e-01 	2.2169e+00 	4.4339e-02
2766  	 5.8315e-02 	1.9351e+00 	3.8702e-02
2767  	 1.7048e-01 	3.4198e+00 	6.8397e-02
2768  	 1.5868e-01 	4.3793e+00 	8.7587e-02
2769  	 1.3863e-01 	3.7052e+00 	7.4104e-02
2770  	 2.7719e-01 	7.4397e-01 	1.4879e-02
2771  	 9.6681e-02 	4.1155e+00 	8.2310e-02
2772  	 2.0111e-01 	7.7057e+00 	1.5411e-01
2773  	 3.8642e-01 	6.5287e+00 	1.3057e-01
2774  	 5.2602e-01 	5.0142e-01 	1.0028e-02
2775  	 1.1744e-01 	1.7003e+00 	3.4005e-02
2776  	 1.2692e-01 	9.3607e-01 	1.8721e-02
2777  	 1.1344e-01 	7.5249e-02 	1.5050e-03
2778  	 9.6446e-02 	3.7171e-01 	7.4343e-03
2779  	 6.1431e-02 	3.7577e+00 	7.5154e-02
2780  	 2.0568e-01 	1.1368e+00 	2.2737e-02
2781  	 1.4984e-01 	3.4172e+00 	6.8343e-02
2782  	 1.9695e-01 	4.1365e+00 	8.2729e-02
2783  	 1.7547e-01 	3.4085e+00 	6.8169e-02
2784  	 1.1683e-01 	2.7829e+00 	5.5658e-02
2785  	 1.6762e-01 	4.8516e+00 	9.7033e-02
2786  	 1.3327e-01 	4.3586e+00 	8.7172e-02
2787  	 1.9819e-01 	9.2812e-01 	1.8562e-02
2788  	 1.2794e-01 	3.4827e-01 	6.9655e-03
2789  	 1.0496e-01 	8.7232e-01 	1.7446e-02
2790  	 1.0012e-01 	2.2365e-01 	4.4730e-03
2791  	 3.5701e-02 	1.1082e+00 	2.2165e-02
2792  	 8.4236e-02 	1.0736e+00 	2.1473e-02
2793  	 8.1202e-02 	2.9653e+00 	5.9306e-02
2794  	 1.7659e-01 	2.6198e+00 	5.2397e-02
2795  	 1.7173e-01 	8.1344e-01 	1.6269e-02
2796  	 8.8020e-02 	1.4797e+00 	2.9593e-02
2797  	 1.0252e-01 	2.0485e+00 	4.0970e-02
2798  	 1.4067e-01 	7.8415e-01 	1.5683e-02
2799  	 6.7943e-02 	1.5417e+00 	3.0834e-02
2800  	 1.3051e-01 	2.0384e+00 	4.0769e-02
2801  	 2.0527e-01 	1.2294e+00 	2.4589e-02
2802  	 6.7416e-02 	2.5202e-01 	5.0404e-03
2803  	 2.3046e-02 	3.7256e+00 	7.4512e-02
2804  	 2.6107e-01 	5.1241e+00 	1.0248e-01
2805  	 1.4826e-01 	7.3968e+00 	1.4794e-01
2806  	 5.0691e-01 	8.7221e+00 	1.7444e-01
2807  	 5.5723e-01 	5.6334e+00 	1.1267e-01
2808  	 3.6040e-01 	2.6235e+00 	5.2469e-02
2809  	 1.3971e-01 	1.0325e+00 	2.0650e-02
2810  	 4.3765e-02 	3.7124e-01 	7.4247e-03
2811  	 9.9671e-02 	3.8160e+00 	7.6319e-02
2812  	 1.2379e-01 	7.0279e+00 	1.4056e-01
2813  	 3.5886e-01 	3.4629e+00 	6.9259e-02
2814  	 1.7000e-01 	1.8857e+00 	3.7714e-02
2815  	 9.6479e-02 	1.6672e-01 	3.3344e-03
2816  	 8.4732e-02 	7.1001e-01 	1.4200e-02
2817  	 1.3667e-01 	2.1569e+00 	4.3138e-02
2818  	 1.2254e-01 	2.4623e+00 	4.9245e-02
2819  	 4.0991e-01 	3.4967e+00 	6.9933e-02
2820  	 1.0093e-01 	4.8302e+00 	9.6605e-02
2821  	 3.2301e-01 	1.4707e+00 	2.9414e-02
2822  	 7.9992e-02 	7.1874e-01 	1.4375e-02
2823  	 7.2782e-02 	8.8616e-01 	1.7723e-02
2824  	 2.2477e-02 	7.8232e-01 	1.5646e-02
2825  	 1.1925e-01 	1.5063e+00 	3.0125e-02
2826  	 1.4757e-01 	2.3407e+00 	4.6814e-02
2827  	 1.2620e-01 	8.8742e-01 	1.7748e-02
2828  	 1.0551e-01 	7.2217e-01 	1.4443e-02
2829  	 1.2061e-01 	2.0064e-01 	4.0129e-03
2830  	 1.3745e-01 	6.4410e+00 	1.2882e-01
2831  	 2.5190e-01 	8.0746e+00 	1.6149e-01
2832  	 5.7182e-01 	2.4012e+00 	4.8024e-02
2833  	 1.4514e-01 	9.3560e-01 	1.8712e-02
2834  	 2.8086e-01 	6.1559e-01 	1.2312e-02
2835  	 9.6334e-02 	1.0699e+00 	2.1398e-02
2836  	 1.7039e-01 	4.1486e+00 	8.2972e-02
2837  	 3.1348e-01 	3.9045e+00 	7.8090e-02
2838  	 1.9861e-01 	4.4056e+00 	8.8112e-02
2839  	 2.2767e-01 	1.5406e+00 	3.0812e-02
2840  	 1.3670e-01 	2.6954e+00 	5.3908e-02
2841  	 1.1273e-01 	1.7040e+00 	3.4079e-02
2842  	 1.3628e-01 	1.9107e+00 	3.8213e-02
2843  	 1.2979e-01 	1.8188e+00 	3.6376e-02
2844  	 1.5937e-01 	3.2919e-01 	6.5839e-03
2845  	 6.6887e-02 	8.9683e-01 	1.7937e-02
2846  	 8.9778e-02 	8.3946e-01 	1.6789e-02
2847  	 3.6484e-02 	4.4601e+00 	8.9202e-02
2848  	 1.4460e-01 	7.2819e+00 	1.4564e-01
2849  	 4.4807e-01 	7.2110e+00 	1.4422e-01
2850  	 4.6443e-01 	6.6335e+00 	1.3267e-01
2851  	 2.3701e-01 	6.3365e+00 	1.2673e-01
2852  	 2.8824e-01 	8.4316e+00 	1.6863e-01
2853  	 4.3967e-01 	7.4866e+00 	1.4973e-01
2854  	 4.4590e-01 	2.9949e+00 	5.9897e-02
2855  	 1.6065e-01 	4.5295e-01 	9.0589e-03
2856  	 1.0292e-01 	3.1132e-01 	6.2263e-03
2857  	 2.0936e-01 	4.2896e-01 	8.5791e-03
2858  	 1.5138e-01 	5.4626e-01 	1.0925e-02
2859  	 1.0552e-01 	8.7210e-01 	1.7442e-02
2860  	 9.7142e-02 	5.0632e-01 	1.0126e-02
2861  	 1.1746e-01 	1.7095e+00 	3.4189e-02
2862  	 9.6259e-02 	1.2197e+00 	2.4393e-02
2863  	 1.4482e-01 	1.0504e+00 	2.1009e-02
2864  	 1.7065e-01 	1.8860e-01 	3.7719e-03
2865  	 5.5212e-02 	2.1920e+00 	4.3840e-02
2866  	 1.3801e-01 	2.7480e+00 	5.4960e-02
2867  	 2.1929e-01 	1.9307e+00 	3.8614e-02
2868  	 7.6956e-02 	9.0509e-01 	1.8102e-02
2869  	 5.9522e-02 	1.0271e+00 	2.0542e-02
2870  	 1.8989e-01 	2.6979e+00 	5.3959e-02
2871  	 1.5127e-01 	3.3927e+00 	6.7854e-02
2872  	 1.7206e-01 	2.6212e+00 	5.2424e-02
2873  	 1.5145e-01 	4.5209e-01 	9.0418e-03
2874  	 7.7238e-02 	2.2379e+00 	4.4758e-02
2875  	 1.5327e-01 	5.5552e+00 	1.1110e-01
2876  	 2.2547e-01 	4.1237e+00 	8.2473e-02
2877  	 1.7785e-01 	1.8860e+00 	3.7721e-02
2878  	 1.8149e-01 	6.7499e-01 	1.3500e-02
2879  	 6.7908e-02 	2.0264e+00 	4.0528e-02
2880  	 1.9300e-01 	5.0637e-01 	1.0127e-02
2881  	 9.9882e-02 	8.5557e-01 	1.7111e-02
2882  	 5.1442e-02 	1.2722e+00 	2.5444e-02
2883  	 1.8772e-01 	3.3890e+00 	6.7780e-02
2884  	 1.0341e-01 	3.5363e+00 	7.0727e-02
2885  	 1.3384e-01 	3.0089e-01 	6.0179e-03
2886  	 3.2561e-02 	1.9400e+00 	3.8800e-02
2887  	 7.2537e-02 	3.4785e-01 	6.9571e-03
2888  	 6.9712e-02 	9.8244e-01 	1.9649e-02
2889  	 2.0582e-01 	6.8630e-01 	1.3726e-02
2890  	 3.7210e-02 	1.1695e-01 	2.3390e-03
2891  	 8.8052e-02 	6.4608e-01 	1.2922e-02
2892  	 1.4510e-01 	6.2457e-01 	1.2491e-02
2893  	 1.5648e-01 	2.1349e+00 	4.2698e-02
2894  	 7.9967e-02 	5.6475e-01 	1.1295e-02
2895  	 1.6624e-01 	2.2829e+00 	4.5657e-02
2896  	 1.6805e-01 	4.7504e+00 	9.5009e-02
2897  	 2.1179e-01 	2.4830e+00 	4.9659e-02
2898  	 1.9572e-01 	2.8761e-01 	5.7523e-03
2899  	 5.6131e-02 	7.3916e-01 	1.4783e-02
2900  	 1.3663e-01 	2.8692e-01 	5.7385e-03
2901  	 1.0526e-01 	1.1107e+00 	2.2215e-02
2902  	 6.4172e-02 	2.1011e-01 	4.2023e-03
2903  	 9.1740e-02 	1.3186e+00 	2.6372e-02
2904  	 8.6882e-02 	3.8557e+00 	7.7114e-02
2905  	 1.9326e-01 	4.4943e+00 	8.9886e-02
2906  	 2.1033e-01 	3.3815e+00 	6.7630e-02
2907  	 2.4061e-01 	3.1920e+00 	6.3839e-02
2908  	 1.5130e-01 	3.2184e+00 	6.4368e-02
2909  	 2.6346e-01 	2.4222e-01 	4.8443e-03
2910  	 9.3754e-02 	2.6862e+00 	5.3723e-02
2911  	 1.1757e-01 	2.9999e+00 	5.9999e-02
2912  	 1.9838e-01 	1.6558e+00 	3.3116e-02
2913  	 1.5440e-01 	2.1030e+00 	4.2060e-02
2914  	 1.1062e-01 	1.6631e+00 	3.3262e-02
2915  	 1.3095e-01 	8.9619e-01 	1.7924e-02
2916  	 6.2986e-02 	1.7041e+00 	3.4082e-02
2917  	 8.1322e-02 	2.9640e+00 	5.9279e-02
2918  	 9.5945e-02 	2.5086e+00 	5.0173e-02
2919  	 1.5866e-01 	2.4483e+00 	4.8966e-02
2920  	 1.0597e-01 	5.1563e+00 	1.0313e-01
2921  	 2.9670e-01 	3.4919e+00 	6.9839e-02
2922  	 1.2512e-01 	3.3980e+00 	6.7960e-02
2923  	 1.9858e-01 	3.3374e+00 	6.6748e-02
2924  	 9.4619e-02 	4.1551e+00 	8.3101e-02
2925  	 1.5591e-01 	6.5470e+00 	1.3094e-01
2926  	 4.2310e-01 	8.9771e+00 	1.7954e-01
2927  	 5.3643e-01 	3.6545e+00 	7.3090e-02
2928  	 2.4520e-01 	5.1371e+00 	1.0274e-01
2929  	 2.5662e-01 	6.0028e+00 	1.2006e-01
2930  	 3.0816e-01 	1.8094e+00 	3.6187e-02
2931  	 9.5742e-02 	1.6876e+00 	3.3753e-02
2932  	 1.9861e-01 	2.1398e+00 	4.2795e-02
2933  	 2.2799e-01 	4.1760e+00 	8.3520e-02
2934  	 2.9260e-01 	4.5439e+00 	9.0879e-02
2935  	 2.8557e-01 	2.1141e+00 	4.2282e-02
2936  	 1.0255e-01 	6.1617e-01 	1.2323e-02
2937  	 3.2348e-02 	7.9131e-01 	1.5826e-02
2938  	 5.7156e-02 	6.8241e-01 	1.3648e-02
2939  	 1.0585e-01 	1.0960e+00 	2.1920e-02
2940  	 8.3934e-02 	9.0611e-01 	1.8122e-02
2941  	 1.6966e-02 	1.3046e-01 	2.6092e-03
2942  	 6.4837e-02 	7.4279e-01 	1.4856e-02
2943  	 1.7674e-01 	1.2907e+00 	2.5813e-02
2944  	 9.4684e-02 	2.4477e+00 	4.8955e-02
2945  	 1.4539e-01 	1.7585e+00 	3.5170e-02
2946  	 1.4193e-01 	5.4494e-01 	1.0899e-02
2947  	 1.0053e-01 	1.5048e+00 	3.0097e-02
2948  	 8.2857e-02 	6.0337e-01 	1.2067e-02
2949  	 7.3953e-02 	3.4981e+00 	6.9963e-02
2950  	 1.5052e-01 	3.2589e+00 	6.5178e-02
2951  	 1.5511e-01 	3.3652e+00 	6.7303e-02
2952  	 1.8267e-01 	3.2630e+00 	6.5260e-02
2953  	 1.3831e-01 	1.1921e+00 	2.3842e-02
2954  	 1.5507e-01 	1.9292e+00 	3.8583e-02
2955  	 2.0886e-01 	3.2348e+00 	6.4697e-02
2956  	 1.0343e-01 	1.4535e+00 	2.9070e-02
2957  	 1.1002e-01 	2.0092e-01 	4.0184e-03
2958  	 1.9204e-01 	2.7962e-01 	5.5924e-03
2959  	 4.5293e-02 	3.2997e+00 	6.5993e-02
2960  	 1.4597e-01 	6.1830e+00 	1.2366e-01
2961  	 3.1041e-01 	5.2894e+00 	1.0579e-01
2962  	 2.1305e-01 	4.4362e+00 	8.8723e-02
2963  	 1.3341e-01 	2.9983e+00 	5.9967e-02
2964  	 2.0649e-01 	1.6075e+00 	3.2150e-02
2965  	 2.0000e-01 	2.2904e+00 	4.5809e-02
2966  	 8.3540e-02 	3.8275e+00 	7.6549e-02
2967  	 2.7194e-01 	4.4208e+00 	8.8417e-02
2968  	 3.1705e-01 	3.7167e+00 	7.4333e-02
2969  	 1.9677e-01 	3.3292e+00 	6.6584e-02
2970  	 1.3572e-01 	6.9827e-01 	1.3965e-02
2971  	 5.6116e-02 	1.1197e+00 	2.2394e-02
2972  	 8.9114e-02 	9.0005e-01 	1.8001e-02
2973  	 5.6703e-02 	1.5569e+00 	3.1139e-02
2974  	 9.7458e-02 	2.5397e+00 	5.0793e-02
2975  	 2.2942e-01 	2.5859e+00 	5.1718e-02
2976  	 9.6085e-02 	2.2150e+00 	4.4300e-02
2977  	 1.6398e-01 	2.9541e+00 	5.9081e-02
2978  	 1.2281e-01 	2.4172e+00 	4.8344e-02
2979  	 1.4273e-01 	7.9644e-01 	1.5929e-02
2980  	 1.0841e-01 	5.0967e-01 	1.0193e-02
2981  	 1.7502e-01 	6.3616e-02 	1.2723e-03
2982  	 6.4782e-02 	6.2271e-01 	1.2454e-02
2983  	 8.1760e-02 	2.3913e+00 	4.7826e-02
2984  	 2.2675e-01 	3.3442e+00 	6.6884e-02
2985  	 1.0254e-01 	1.1462e+00 	2.2925e-02
2986  	 1.4487e-01 	3.1289e-01 	6.2578e-03
2987  	 5.9831e-02 	1.1583e+00 	2.3167e-02
2988  	 1.0733e-01 	1.9999e+00 	3.9998e-02
2989  	 9.8397e-02 	1.3591e+00 	2.7181e-02
2990  	 5.6100e-02 	1.0352e+00 	2.0703e-02
2991  	 9.9483e-02 	1.6136e+00 	3.2273e-02
2992  	 8.7766e-02 	1.6222e+00 	3.2445e-02
2993  	 8.4050e-02 	1.5287e+00 	3.0574e-02
2994  	 1.0012e-01 	7.0662e-01 	1.4132e-02
2995  	 8.5428e-02 	2.2340e+00 	4.4680e-02
2996  	 2.0530e-01 	2.2202e+00 	4.4403e-02
2997  	 1.8552e-01 	7.3693e-01 	1.4739e-02
2998  	 1.1039e-01 	4.3087e+00 	8.6174e-02
2999  	 1.7033e-01 	2.7052e+00 	5.4104e-02
3000  	 1.5302e-01 	6.6417e-01 	1.3283e-02
3001  	 2.3044e-01 	2.5318e+00 	5.0635e-02
3002  	 1.2839e-01 	3.2787e+00 	6.5574e-02
3003  	 2.5190e-01 	6.9670e-01 	1.3934e-02
3004  	 1.4383e-01 	2.0006e+00 	4.0011e-02
3005  	 1.3072e-01 	5.7053e+00 	1.1411e-01
3006  	 2.9571e-01 	4.3097e+00 	8.6195e-02
3007  	 2.2319e-01 	2.1175e+00 	4.2350e-02
3008  	 1.3388e-01 	1.1142e+00 	2.2284e-02
3009  	 1.7296e-01 	6.5681e-01 	1.3136e-02
3010  	 1.7201e-01 	3.5614e-01 	7.1228e-03
3011  	 9.9887e-02 	1.0177e+00 	2.0355e-02
3012  	 1.1720e-01 	3.5987e-01 	7.1974e-03
3013  	 8.5321e-02 	5.6500e-01 	1.1300e-02
3014  	 8.3446e-02 	6.0359e-01 	1.2072e-02
3015  	 8.2060e-02 	1.4091e+00 	2.8183e-02
3016  	 7.3595e-02 	2.3483e+00 	4.6966e-02
3017  	 1.6483e-01 	2.1765e+00 	4.3530e-02
3018  	 1.5427e-01 	5.3859e+00 	1.0772e-01
3019  	 2.6420e-01 	1.2702e+01 	2.5404e-01
3020  	 5.9434e-01 	1.3810e+01 	2.7620e-01
3021  	 1.1281e+00 	9.8314e+00 	1.9663e-01
3022  	 6.7931e-01 	3.9656e+00 	7.9311e-02
3023  	 2.3642e-01 	4.8834e-01 	9.7668e-03
3024  	 8.1890e-02 	5.0712e-01 	1.0142e-02
3025  	 5.9166e-02 	2.2850e+00 	4.5700e-02
3026  	 1.0701e-01 	4.3140e+00 	8.6281e-02
3027  	 1.3453e-01 	3.3640e+00 	6.7280e-02
3028  	 1.2385e-01 	3.2086e-01 	6.4171e-03
3029  	 7.7983e-02 	2.9919e+00 	5.9839e-02
3030  	 1.4745e-01 	1.7297e+00 	3.4595e-02
3031  	 1.1128e-01 	2.1333e+00 	4.2667e-02
3032  	 9.3177e-02 	5.5606e+00 	1.1121e-01
3033  	 2.5710e-01 	6.2987e+00 	1.2597e-01
3034  	 2.8173e-01 	4.9717e+00 	9.9434e-02
3035  	 2.1164e-01 	3.4061e+00 	6.8123e-02
3036  	 1.5929e-01 	1.4792e+00 	2.9584e-02
3037  	 7.1787e-02 	7.1198e-01 	1.4240e-02
3038  	 9.3758e-02 	9.3565e-01 	1.8713e-02
3039  	 3.6475e-02 	6.8657e-01 	1.3731e-02
3040  	 1.5237e-01 	5.2464e-01 	1.0493e-02
3041  	 6.7469e-02 	4.8454e-01 	9.6908e-03
3042  	 1.1675e-01 	9.0936e-01 	1.8187e-02
3043  	 1.0035e-01 	8.5913e-01 	1.7183e-02
3044  	 5.9282e-02 	1.5033e+00 	3.0067e-02
3045  	 1.5255e-01 	2.1702e+00 	4.3405e-02
3046  	 7.1788e-02 	2.2606e+00 	4.5212e-02
3047  	 1.3864e-01 	3.7165e+00 	7.4330e-02
3048  	 1.4911e-01 	5.9931e+00 	1.1986e-01
3049  	 2.2169e-01 	3.5412e+00 	7.0824e-02
3050  	 1.7369e-01 	5.4080e-01 	1.0816e-02
3051  	 1.5758e-01 	2.8587e+00 	5.7174e-02
3052  	 2.1089e-01 	4.2062e+00 	8.4125e-02
3053  	 2.7715e-01 	4.0411e+00 	8.0821e-02
3054  	 1.9176e-01 	3.6305e+00 	7.2610e-02
3055  	 2.4532e-01 	5.4358e+00 	1.0872e-01
3056  	 2.2682e-01 	3.5196e+00 	7.0391e-02
3057  	 1.8998e-01 	8.2891e-01 	1.6578e-02
3058  	 6.9828e-02 	3.5862e-01 	7.1724e-03
3059  	 1.9504e-01 	5.4092e-01 	1.0818e-02
3060  	 3.3630e-02 	3.3995e-01 	6.7990e-03
3061  	 6.1868e-02 	7.4861e-01 	1.4972e-02
3062  	 9.8374e-02 	2.0150e+00 	4.0299e-02
3063  	 1.8347e-01 	1.6568e+00 	3.3135e-02
3064  	 1.7210e-01 	1.2720e+00 	2.5441e-02
3065  	 6.8351e-02 	8.6528e-01 	1.7306e-02
3066  	 9.8648e-02 	3.5024e+00 	7.0048e-02
3067  	 1.3361e-01 	5.7283e+00 	1.1457e-01
3068  	 2.3381e-01 	6.7820e+00 	1.3564e-01
3069  	 3.8417e-01 	2.6127e+00 	5.2254e-02
3070  	 1.0421e-01 	1.0076e+00 	2.0152e-02
3071  	 1.6910e-01 	2.3606e+00 	4.7213e-02
3072  	 1.2997e-01 	4.9886e+00 	9.9773e-02
3073  	 2.5702e-01 	3.7174e+00 	7.4348e-02
3074  	 2.6748e-01 	2.3377e-01 	4.6754e-03
3075  	 1.8053e-01 	1.4656e+00 	2.9312e-02
3076  	 9.8230e-02 	3.1456e-01 	6.2912e-03
3077  	 1.1961e-01 	2.6317e+00 	5.2633e-02
3078  	 1.3872e-01 	3.1688e+00 	6.3375e-02
3079  	 1.7342e-01 	2.1040e+00 	4.2079e-02
3080  	 1.1141e-01 	4.9846e-01 	9.9691e-03
3081  	 1.1354e-01 	1.0363e+00 	2.0727e-02
3082  	 7.0782e-02 	1.2292e+00 	2.4583e-02
3083  	 5.1050e-02 	8.5367e-01 	1.7073e-02
3084  	 2.0295e-01 	2.4060e+00 	4.8121e-02
3085  	 1.4052e-01 	2.8892e+00 	5.7783e-02
3086  	 2.0485e-01 	2.2231e+00 	4.4463e-02
3087  	 7.9527e-02 	2.9412e+00 	5.8824e-02
3088  	 1.5643e-01 	3.0630e+00 	6.1259e-02
3089  	 1.7568e-01 	1.4889e+00 	2.9778e-02
3090  	 1.5799e-01 	8.4065e-01 	1.6813e-02
3091  	 8.2939e-02 	7.9486e-01 	1.5897e-02
3092  	 7.2343e-02 	8.9748e-01 	1.7950e-02
3093  	 9.4889e-02 	7.8835e-01 	1.5767e-02
3094  	 9.2134e-02 	1.0732e+00 	2.1463e-02
3095  	 1.0681e-01 	6.8668e-01 	1.3734e-02
3096  	 3.4466e-02 	6.2318e-01 	1.2464e-02
3097  	 1.4792e-01 	3.0157e-01 	6.0315e-03
3098  	 4.9453e-02 	1.1203e+00 	2.2407e-02
3099  	 4.6873e-02 	6.3117e-01 	1.2623e-02
3100  	 9.4162e-02 	6.4550e-01 	1.2910e-02
3101  	 1.2588e-01 	2.5104e+00 	5.0207e-02
3102  	 1.1871e-01 	3.3431e+00 	6.6863e-02
3103  	 1.1470e-01 	3.4704e+00 	6.9408e-02
3104  	 9.7839e-02 	2.8097e+00 	5.6193e-02
3105  	 1.4039e-01 	2.1555e+00 	4.3110e-02
3106  	 8.5381e-02 	3.3065e+00 	6.6131e-02
3107  	 1.2908e-01 	4.4515e+00 	8.9030e-02
3108  	 2.3255e-01 	4.3802e-01 	8.7604e-03
3109  	 6.9557e-02 	1.1502e+00 	2.3005e-02
3110  	 8.6830e-02 	3.2492e+00 	6.4984e-02
3111  	 1.8547e-01 	1.8231e+00 	3.6463e-02
3112  	 1.7189e-01 	7.1797e-01 	1.4359e-02
3113  	 8.0118e-02 	9.3738e-01 	1.8748e-02
3114  	 1.9083e-01 	8.8514e-01 	1.7703e-02
3115  	 1.6946e-01 	6.3756e-01 	1.2751e-02
3116  	 6.1186e-02 	2.8715e+00 	5.7429e-02
3117  	 1.5818e-01 	2.8146e+00 	5.6292e-02
3118  	 1.1048e-01 	9.7184e-01 	1.9437e-02
3119  	 8.1050e-02 	1.3059e+00 	2.6117e-02
3120  	 1.4620e-01 	6.0738e-01 	1.2148e-02
3121  	 1.1679e-01 	1.7478e+00 	3.4956e-02
3122  	 1.3425e-01 	1.9325e+00 	3.8651e-02
3123  	 1.6942e-01 	2.9971e+00 	5.9942e-02
3124  	 1.6670e-01 	8.0971e-01 	1.6194e-02
3125  	 1.1601e-01 	4.9193e+00 	9.8386e-02
3126  	 3.7886e-01 	6.7476e+00 	1.3495e-01
3127  	 2.6118e-01 	4.2879e+00 	8.5758e-02
3128  	 2.8356e-01 	1.5633e+00 	3.1265e-02
3129  	 1.3855e-01 	7.4320e-01 	1.4864e-02
3130  	 1.0954e-01 	1.6502e+00 	3.3004e-02
3131  	 6.6914e-02 	1.7740e+00 	3.5480e-02
3132  	 1.0076e-01 	2.1622e+00 	4.3245e-02
3133  	 1.6673e-01 	2.9791e+00 	5.9582e-02
3134  	 1.8084e-01 	3.9228e+00 	7.8456e-02
3135  	 1.3882e-01 	3.6190e+00 	7.2380e-02
3136  	 2.1088e-01 	1.6393e+00 	3.2787e-02
3137  	 8.1888e-02 	8.7176e-01 	1.7435e-02
3138  	 1.5979e-01 	3.7705e+00 	7.5409e-02
3139  	 1.5232e-01 	3.5809e+00 	7.1617e-02
3140  	 2.2240e-01 	3.3829e+00 	6.7658e-02
3141  	 2.1776e-01 	2.7730e+00 	5.5460e-02
3142  	 1.6957e-01 	5.8462e-01 	1.1692e-02
3143  	 4.7470e-02 	9.1084e-01 	1.8217e-02
3144  	 1.4514e-01 	2.5899e+00 	5.1798e-02
3145  	 2.1364e-01 	2.9514e+00 	5.9027e-02
3146  	 2.0463e-01 	5.2383e-01 	1.0477e-02
3147  	 1.3676e-01 	1.4089e+00 	2.8177e-02
3148  	 1.0108e-01 	3.8276e+00 	7.6552e-02
3149  	 1.9824e-01 	6.2796e+00 	1.2559e-01
3150  	 3.2084e-01 	4.2323e+00 	8.4646e-02
3151  	 2.2959e-01 	1.4362e+00 	2.8724e-02
3152  	 1.0673e-01 	2.9490e+00 	5.8980e-02
3153  	 1.2264e-01 	1.0121e+00 	2.0241e-02
3154  	 1.9823e-01 	3.3349e+00 	6.6698e-02
3155  	 1.9797e-01 	4.6002e+00 	9.2004e-02
3156  	 2.5454e-01 	3.8308e+00 	7.6616e-02
3157  	 1.9932e-01 	7.8784e-01 	1.5757e-02
3158  	 1.2549e-01 	4.4239e-01 	8.8478e-03
3159  	 1.2052e-01 	5.9900e-01 	1.1980e-02
3160  	 1.6048e-01 	7.0340e-01 	1.4068e-02
3161  	 2.1631e-01 	1.2323e+00 	2.4646e-02
3162  	 8.6226e-02 	2.2831e-01 	4.5663e-03
3163  	 8.1167e-02 	2.4077e-01 	4.8153e-03
3164  	 5.0017e-02 	6.7915e-01 	1.3583e-02
3165  	 7.3589e-02 	1.3150e+00 	2.6299e-02
3166  	 1.1374e-01 	1.3386e+00 	2.6771e-02
3167  	 1.1054e-01 	7.7457e-01 	1.5491e-02
3168  	 1.9249e-01 	4.1397e+00 	8.2793e-02
3169  	 1.9852e-01 	5.0619e+00 	1.0124e-01
3170  	 2.8858e-01 	1.8027e+00 	3.6054e-02
3171  	 1.2074e-01 	8.8955e-01 	1.7791e-02
3172  	 1.2106e-01 	1.6082e+00 	3.2163e-02
3173  	 1.4534e-01 	3.8641e-01 	7.7282e-03
3174  	 4.7754e-02 	2.5864e+00 	5.1729e-02
3175  	 1.1923e-01 	1.3308e+00 	2.6616e-02
3176  	 1.9660e-01 	6.7836e-01 	1.3567e-02
3177  	 1.2398e-01 	6.5178e-01 	1.3036e-02
3178  	 1.4198e-01 	1.4929e+00 	2.9857e-02
3179  	 9.2450e-02 	1.4905e+00 	2.9810e-02
3180  	 1.4799e-01 	5.2426e-01 	1.0485e-02
3181  	 1.1182e-01 	2.4550e+00 	4.9101e-02
3182  	 8.5824e-02 	4.6075e+00 	9.2149e-02
3183  	 2.0860e-01 	3.8711e+00 	7.7422e-02
3184  	 1.9160e-01 	9.7300e-01 	1.9460e-02
3185  	 2.4117e-01 	5.1391e-01 	1.0278e-02
3186  	 1.2628e-01 	5.0349e-01 	1.0070e-02
3187  	 2.2582e-01 	1.4016e+00 	2.8032e-02
3188  	 1.2170e-01 	1.0762e+00 	2.1524e-02
3189  	 9.1133e-02 	2.3600e+00 	4.7200e-02
3190  	 9.1501e-02 	2.1042e+00 	4.2085e-02
3191  	 1.5857e-01 	2.4467e-01 	4.8934e-03
3192  	 1.1496e-01 	5.4947e-01 	1.0989e-02
3193  	 7.7721e-02 	9.8805e-01 	1.9761e-02
3194  	 7.5348e-02 	6.8646e-01 	1.3729e-02
3195  	 5.9420e-02 	1.5917e+00 	3.1834e-02
3196  	 8.8958e-02 	2.0717e+00 	4.1434e-02
3197  	 2.4219e-01 	3.3445e+00 	6.6891e-02
3198  	 1.6616e-01 	1.1312e+00 	2.2623e-02
3199  	 6.4745e-02 	6.4358e-01 	1.2872e-02
3200  	 4.0753e-02 	8.3852e-01 	1.6770e-02
3201  	 4.8415e-02 	2.2923e+00 	4.5846e-02
3202  	 8.2356e-02 	2.3974e+00 	4.7948e-02
3203  	 1.3102e-01 	1.0035e+00 	2.0071e-02
3204  	 1.4424e-01 	6.6883e-01 	1.3377e-02
3205  	 1.0200e-01 	4.7198e-01 	9.4396e-03
3206  	 8.9952e-02 	2.0819e+00 	4.1638e-02
3207  	 1.7697e-01 	6.8108e-01 	1.3622e-02
3208  	 5.4044e-02 	2.5721e+00 	5.1443e-02
3209  	 1.6088e-01 	1.8580e+00 	3.7160e-02
3210  	 1.0498e-01 	2.0486e+00 	4.0973e-02
3211  	 1.7170e-01 	9.5839e-01 	1.9168e-02
3212  	 6.2809e-02 	1.8536e+00 	3.7073e-02
3213  	 1.2747e-01 	1.6311e+00 	3.2621e-02
3214  	 1.0793e-01 	3.4594e+00 	6.9188e-02
3215  	 1.4275e-01 	4.0667e+00 	8.1333e-02
3216  	 2.2592e-01 	6.3272e+00 	1.2654e-01
3217  	 2.6879e-01 	4.1966e+00 	8.3932e-02
3218  	 2.5523e-01 	2.8256e-01 	5.6512e-03
3219  	 5.7732e-02 	1.8190e+00 	3.6380e-02
3220  	 1.0095e-01 	4.6089e+00 	9.2177e-02
3221  	 2.4420e-01 	2.0636e+00 	4.1273e-02
3222  	 9.9665e-02 	1.6874e+00 	3.3748e-02
3223  	 1.2907e-01 	2.4415e+00 	4.8829e-02
3224  	 2.1145e-01 	2.5680e+00 	5.1359e-02
3225  	 1.3043e-01 	4.4875e+00 	8.9750e-02
3226  	 1.7892e-01 	3.3204e+00 	6.6409e-02
3227  	 2.5353e-01 	2.3174e+00 	4.6348e-02
3228  	 1.3395e-01 	3.7211e+00 	7.4422e-02
3229  	 2.2968e-01 	3.6922e-01 	7.3845e-03
3230  	 2.3689e-01 	4.5687e-01 	9.1374e-03
3231  	 9.6195e-02 	1.4281e+00 	2.8562e-02
3232  	 8.5023e-02 	2.1522e+00 	4.3044e-02
3233  	 9.7231e-02 	2.1476e+00 	4.2952e-02
3234  	 1.0624e-01 	7.2004e-01 	1.4401e-02
3235  	 3.5746e-02 	5.2141e-01 	1.0428e-02
3236  	 6.2551e-02 	1.5403e+00 	3.0805e-02
3237  	 1.0826e-01 	1.9568e+00 	3.9136e-02
3238  	 7.4430e-02 	4.0084e+00 	8.0168e-02
3239  	 1.8287e-01 	2.4378e+00 	4.8756e-02
3240  	 1.6201e-01 	1.7861e+00 	3.5722e-02
3241  	 1.6664e-01 	4.0482e+00 	8.0964e-02
3242  	 1.7752e-01 	3.1046e+00 	6.2092e-02
3243  	 1.2376e-01 	5.9791e-01 	1.1958e-02
3244  	 1.2688e-01 	1.4427e+00 	2.8855e-02
3245  	 1.9465e-01 	2.5708e+00 	5.1416e-02
3246  	 1.0687e-01 	6.6802e-01 	1.3360e-02
3247  	 1.8743e-01 	1.6472e+00 	3.2944e-02
3248  	 1.0145e-01 	1.3027e+00 	2.6055e-02
3249  	 2.3057e-01 	1.3092e+00 	2.6184e-02
3250  	 1.5714e-01 	2.5907e+00 	5.1814e-02
3251  	 1.2739e-01 	1.9626e+00 	3.9252e-02
3252  	 1.5043e-01 	1.5698e+00 	3.1395e-02
3253  	 1.0726e-01 	2.6785e+00 	5.3570e-02
3254  	 2.1106e-01 	3.7800e+00 	7.5600e-02
3255  	 1.9550e-01 	1.9287e+00 	3.8574e-02
3256  	 1.3105e-01 	2.5037e-01 	5.0075e-03
3257  	 8.8125e-02 	6.1987e-01 	1.2397e-02
3258  	 4.8975e-02 	1.0571e+00 	2.1142e-02
3259  	 4.5477e-02 	1.2266e+00 	2.4533e-02
3260  	 5.2193e-02 	5.6948e-01 	1.1390e-02
3261  	 8.3839e-02 	7.1708e-01 	1.4342e-02
3262  	 4.4821e-02 	1.7465e+00 	3.4929e-02
3263  	 9.0164e-02 	2.7047e+00 	5.4094e-02
3264  	 7.6451e-02 	2.7234e+00 	5.4468e-02
3265  	 1.0972e-01 	5.1660e-01 	1.0332e-02
3266  	 1.5665e-01 	4.4556e-01 	8.9112e-03
3267  	 1.5854e-01 	2.3512e+00 	4.7025e-02
3268  	 5.1836e-02 	9.3015e-01 	1.8603e-02
3269  	 1.0178e-01 	4.2039e-01 	8.4077e-03
3270  	 1.1050e-01 	4.9159e-01 	9.8319e-03
3271  	 2.6811e-02 	5.8989e-01 	1.1798e-02
3272  	 1.0855e-01 	2.1287e-01 	4.2575e-03
3273  	 3.7788e-02 	6.4680e-01 	1.2936e-02
3274  	 1.6227e-01 	7.4852e-01 	1.4970e-02
3275  	 1.8977e-01 	6.0250e-02 	1.2050e-03
3276  	 5.3200e-02 	1.4066e+00 	2.8133e-02
3277  	 9.8691e-02 	4.7968e+00 	9.5936e-02
3278  	 1.4279e-01 	2.6294e+00 	5.2588e-02
3279  	 1.9038e-01 	1.0086e+00 	2.0173e-02
3280  	 9.4556e-02 	2.6738e+00 	5.3475e-02
3281  	 2.2719e-01 	1.5737e+00 	3.1474e-02
3282  	 1.2165e-01 	9.9430e-01 	1.9886e-02
3283  	 7.1925e-02 	8.7887e-01 	1.7577e-02
3284  	 8.0966e-02 	3.6876e-01 	7.3752e-03
3285  	 1.1843e-01 	1.1843e+00 	2.3687e-02
3286  	 1.7549e-01 	1.6636e+00 	3.3272e-02
3287  	 8.2256e-02 	1.0940e-01 	2.1879e-03
3288  	 7.2665e-02 	8.2303e-01 	1.6461e-02
3289  	 3.2016e-02 	1.5664e+00 	3.1327e-02
3290  	 1.0267e-01 	3.1182e+00 	6.2364e-02
3291  	 1.3379e-01 	6.2624e-01 	1.2525e-02
3292  	 6.3105e-02 	2.0002e+00 	4.0005e-02
3293  	 2.2932e-01 	1.4295e+00 	2.8591e-02
3294  	 1.0906e-01 	1.9285e+00 	3.8569e-02
3295  	 8.4865e-02 	2.5227e-01 	5.0454e-03
3296  	 6.4410e-02 	2.5732e+00 	5.1463e-02
3297  	 1.9849e-01 	3.0222e+00 	6.0444e-02
3298  	 1.1201e-01 	8.0051e-02 	1.6010e-03
3299  	 7.1108e-02 	1.8096e+00 	3.6192e-02
3300  	 1.3442e-01 	1.0511e+00 	2.1021e-02
3301  	 5.3240e-02 	4.5161e+00 	9.0322e-02
3302  	 2.1404e-01 	4.1743e+00 	8.3486e-02
3303  	 1.9252e-01 	3.2446e+00 	6.4892e-02
3304  	 1.2947e-01 	4.2591e+00 	8.5181e-02
3305  	 1.7793e-01 	3.0388e+00 	6.0776e-02
3306  	 3.2288e-01 	3.9548e+00 	7.9095e-02
3307  	 1.6100e-01 	9.2976e+00 	1.8595e-01
3308  	 3.9571e-01 	3.3145e+00 	6.6289e-02
3309  	 2.4393e-01 	1.8366e+00 	3.6732e-02
3310  	 1.2367e-01 	7.0743e-01 	1.4149e-02
3311  	 8.1260e-02 	7.4739e-01 	1.4948e-02
3312  	 6.0797e-02 	2.1542e+00 	4.3084e-02
3313  	 1.0327e-01 	2.7103e+00 	5.4205e-02
3314  	 1.1944e-01 	7.1547e-01 	1.4309e-02
3315  	 2.1768e-01 	3.7492e+00 	7.4984e-02
3316  	 2.8948e-01 	6.3271e+00 	1.2654e-01
3317  	 2.4129e-01 	4.8469e+00 	9.6938e-02
3318  	 2.5620e-01 	1.9626e+00 	3.9251e-02
3319  	 7.2531e-02 	3.7523e-01 	7.5046e-03
3320  	 7.9063e-02 	3.9502e-01 	7.9003e-03
3321  	 3.6220e-02 	2.5955e-01 	5.1911e-03
3322  	 8.8905e-02 	2.1604e-01 	4.3207e-03
3323  	 6.5030e-02 	1.7269e+00 	3.4538e-02
3324  	 8.0128e-02 	2.8141e+00 	5.6282e-02
3325  	 1.4517e-01 	5.9656e-01 	1.1931e-02
3326  	 1.6215e-01 	2.1385e+00 	4.2769e-02
3327  	 1.1541e-01 	1.7158e+00 	3.4317e-02
3328  	 1.7383e-01 	2.0340e+00 	4.0680e-02
3329  	 9.4443e-02 	1.8102e+00 	3.6204e-02
3330  	 1.5545e-01 	1.2147e+00 	2.4295e-02
3331  	 3.2587e-02 	6.9479e+00 	1.3896e-01
3332  	 2.4913e-01 	6.4668e+00 	1.2934e-01
3333  	 4.5272e-01 	1.0245e+00 	2.0490e-02
3334  	 9.0512e-02 	2.3777e+00 	4.7553e-02
3335  	 8.1297e-02 	2.3479e+00 	4.6959e-02
3336  	 1.7130e-01 	5.5747e+00 	1.1149e-01
3337  	 2.5544e-01 	3.7109e+00 	7.4217e-02
3338  	 2.2075e-01 	2.9813e+00 	5.9625e-02
3339  	 1.0706e-01 	3.9346e+00 	7.8693e-02
3340  	 1.7102e-01 	5.4360e+00 	1.0872e-01
3341  	 3.3997e-01 	6.7442e+00 	1.3488e-01
3342  	 3.4563e-01 	9.2694e-01 	1.8539e-02
3343  	 2.0922e-01 	3.3591e+00 	6.7181e-02
3344  	 2.3690e-01 	1.9779e+00 	3.9558e-02
3345  	 1.3651e-01 	1.1581e+00 	2.3162e-02
3346  	 9.2114e-02 	2.0777e+00 	4.1553e-02
3347  	 1.1511e-01 	2.1358e+00 	4.2716e-02
3348  	 1.7924e-01 	1.9129e+00 	3.8258e-02
3349  	 9.4726e-02 	2.0770e+00 	4.1541e-02
3350  	 6.3179e-02 	2.1821e+00 	4.3643e-02
3351  	 1.3015e-01 	5.1368e+00 	1.0274e-01
3352  	 1.8504e-01 	9.1508e+00 	1.8302e-01
3353  	 4.3843e-01 	6.9030e+00 	1.3806e-01
3354  	 4.1328e-01 	2.7415e+00 	5.4831e-02
3355  	 1.4801e-01 	3.2201e-01 	6.4401e-03
3356  	 1.0935e-01 	1.3390e+00 	2.6779e-02
3357  	 8.3961e-02 	2.3154e+00 	4.6307e-02
3358  	 1.3544e-01 	3.8983e+00 	7.7967e-02
3359  	 3.3815e-01 	2.0051e+00 	4.0102e-02
3360  	 1.4127e-01 	1.3156e+00 	2.6312e-02
3361  	 1.8056e-01 	1.9105e-01 	3.8211e-03
3362  	 4.9049e-02 	1.0776e+00 	2.1552e-02
3363  	 2.1552e-02 	6.3923e-01 	1.2785e-02
3364  	 3.3511e-02 	2.7911e-01 	5.5822e-03
3365  	 4.7311e-02 	1.0172e+00 	2.0343e-02
3366  	 1.2031e-01 	1.3048e+00 	2.6096e-02
3367  	 5.2889e-02 	5.8938e-01 	1.1788e-02
3368  	 1.6735e-02 	2.4419e+00 	4.8838e-02
3369  	 1.1480e-01 	4.9903e+00 	9.9805e-02
3370  	 2.9280e-01 	3.6177e+00 	7.2354e-02
3371  	 2.0746e-01 	1.9328e+00 	3.8656e-02
3372  	 1.0346e-01 	1.3510e+00 	2.7020e-02
3373  	 3.0365e-02 	4.9340e+00 	9.8680e-02
3374  	 2.2133e-01 	5.6071e+00 	1.1214e-01
3375  	 3.3270e-01 	2.2970e+00 	4.5939e-02
3376  	 1.7080e-01 	5.5791e-01 	1.1158e-02
3377  	 7.9101e-02 	1.2380e+00 	2.4760e-02
3378  	 1.1616e-01 	2.8281e+00 	5.6563e-02
3379  	 1.7535e-01 	1.2254e+00 	2.4508e-02
3380  	 7.6198e-02 	7.7647e-01 	1.5529e-02
3381  	 7.9685e-02 	3.8197e-01 	7.6393e-03
3382  	 1.3503e-01 	7.5473e-01 	1.5095e-02
3383  	 1.8156e-02 	1.6621e+00 	3.3242e-02
3384  	 1.1854e-01 	1.5884e+00 	3.1767e-02
3385  	 1.0311e-01 	5.1195e+00 	1.0239e-01
3386  	 1.8304e-01 	9.5914e+00 	1.9183e-01
3387  	 5.5475e-01 	5.3043e+00 	1.0609e-01
3388  	 3.8763e-01 	1.5985e-01 	3.1969e-03
3389  	 5.8304e-02 	5.4586e-01 	1.0917e-02
3390  	 1.0652e-01 	4.2788e-01 	8.5576e-03
3391  	 8.1603e-02 	1.6217e-01 	3.2434e-03
3392  	 9.9890e-02 	2.7722e+00 	5.5444e-02
3393  	 5.7832e-02 	4.6887e+00 	9.3773e-02
3394  	 1.7647e-01 	4.4389e+00 	8.8779e-02
3395  	 2.3750e-01 	5.6279e+00 	1.1256e-01
3396  	 1.8402e-01 	4.1301e+00 	8.2602e-02
3397  	 2.1005e-01 	5.2432e-01 	1.0486e-02
3398  	 1.3898e-02 	2.4377e+00 	4.8754e-02
3399  	 9.9036e-02 	3.2514e+00 	6.5029e-02
3400  	 1.1090e-01 	3.3559e-01 	6.7119e-03
3401  	 1.0993e-01 	2.5799e+00 	5.1597e-02
3402  	 1.1962e-01 	2.9683e+00 	5.9367e-02
3403  	 1.8291e-01 	2.3498e+00 	4.6997e-02
3404  	 1.2761e-01 	4.6239e-01 	9.2478e-03
3405  	 1.5659e-01 	4.1458e+00 	8.2917e-02
3406  	 1.3907e-01 	1.4505e+00 	2.9011e-02
3407  	 1.3196e-01 	8.1517e-01 	1.6303e-02
3408  	 1.0269e-01 	1.6699e+00 	3.3399e-02
3409  	 1.3058e-01 	4.2506e-01 	8.5012e-03
3410  	 5.5252e-02 	1.7384e+00 	3.4768e-02
3411  	 1.8929e-01 	9.6837e-01 	1.9367e-02
3412  	 5.3100e-02 	1.8601e+00 	3.7202e-02
3413  	 1.2861e-01 	2.9643e+00 	5.9286e-02
3414  	 9.8533e-02 	2.7722e+00 	5.5444e-02
3415  	 1.0753e-01 	2.2638e+00 	4.5277e-02
3416  	 2.2058e-01 	1.0085e+00 	2.0170e-02
3417  	 6.0998e-02 	5.0807e-01 	1.0161e-02
3418  	 5.5050e-02 	1.9090e+00 	3.8180e-02
3419  	 7.7691e-02 	2.0271e+00 	4.0542e-02
3420  	 8.5016e-02 	1.7453e+00 	3.4907e-02
3421  	 1.3703e-01 	2.1576e+00 	4.3151e-02
3422  	 2.1671e-01 	1.4277e+00 	2.8555e-02
3423  	 7.5918e-02 	8.2523e-01 	1.6505e-02
3424  	 3.7413e-02 	1.0720e+00 	2.1440e-02
3425  	 1.1569e-01 	1.0018e+00 	2.0035e-02
3426  	 1.1223e-01 	1.7560e+00 	3.5120e-02
3427  	 9.0419e-02 	6.4434e-01 	1.2887e-02
3428  	 6.6811e-02 	8.3864e-01 	1.6773e-02
3429  	 7.3524e-02 	3.3612e+00 	6.7224e-02
3430  	 1.9648e-01 	3.7975e+00 	7.5951e-02
3431  	 1.6830e-01 	3.3110e+00 	6.6221e-02
3432  	 2.1085e-01 	3.1848e+00 	6.3696e-02
3433  	 2.3600e-01 	3.1672e+00 	6.3344e-02
3434  	 1.5963e-01 	3.5326e+00 	7.0652e-02
3435  	 2.1476e-01 	3.8611e-01 	7.7223e-03
3436  	 1.1962e-01 	2.8633e+00 	5.7265e-02
3437  	 1.1125e-01 	3.4027e+00 	6.8054e-02
3438  	 2.3121e-01 	2.3908e+00 	4.7815e-02
3439  	 2.0775e-01 	1.0871e+00 	2.1742e-02
3440  	 1.5398e-01 	3.5003e+00 	7.0006e-02
3441  	 1.2109e-01 	3.8287e-01 	7.6574e-03
3442  	 6.6239e-02 	1.3696e+00 	2.7393e-02
3443  	 8.1614e-02 	2.6352e-01 	5.2704e-03
3444  	 2.4783e-02 	1.4286e+00 	2.8572e-02
3445  	 8.7537e-02 	1.5473e+00 	3.0946e-02
3446  	 1.3329e-01 	9.5073e-01 	1.9015e-02
3447  	 1.0441e-01 	2.7005e+00 	5.4010e-02
3448  	 2.0809e-01 	8.2591e-01 	1.6518e-02
3449  	 1.5505e-02 	1.5479e+00 	3.0959e-02
3450  	 6.5149e-02 	1.4769e+00 	2.9537e-02
3451  	 7.4396e-02 	2.6944e+00 	5.3889e-02
3452  	 1.7267e-01 	4.8335e+00 	9.6670e-02
3453  	 1.9674e-01 	7.4592e+00 	1.4918e-01
3454  	 2.9196e-01 	6.1045e+00 	1.2209e-01
3455  	 3.5135e-01 	2.1155e+00 	4.2310e-02
3456  	 8.9014e-02 	1.8956e+00 	3.7912e-02
3457  	 1.8166e-01 	4.3349e+00 	8.6697e-02
3458  	 1.1932e-01 	5.6653e+00 	1.1331e-01
3459  	 3.6605e-01 	4.9074e+00 	9.8148e-02
3460  	 1.5832e-01 	3.2122e+00 	6.4243e-02
3461  	 2.4190e-01 	5.4964e-01 	1.0993e-02
3462  	 9.4913e-02 	1.6635e+00 	3.3269e-02
3463  	 1.3680e-01 	1.9947e+00 	3.9893e-02
3464  	 9.0894e-02 	2.6924e-01 	5.3849e-03
3465  	 7.2236e-02 	4.0211e-01 	8.0422e-03
3466  	 2.3967e-02 	2.9287e+00 	5.8574e-02
3467  	 1.4804e-01 	4.6639e+00 	9.3278e-02
3468  	 2.0231e-01 	4.6728e+00 	9.3457e-02
3469  	 1.6799e-01 	1.6787e+00 	3.3574e-02
3470  	 5.7860e-02 	3.6788e-01 	7.3575e-03
3471  	 1.0422e-01 	5.3595e-01 	1.0719e-02
3472  	 7.2585e-02 	6.6329e-02 	1.3266e-03
3473  	 5.3936e-02 	9.9167e-01 	1.9833e-02
3474  	 7.9539e-02 	1.4670e+00 	2.9341e-02
3475  	 1.0635e-01 	1.4768e+00 	2.9535e-02
3476  	 7.8997e-02 	1.2505e+00 	2.5010e-02
3477  	 3.2211e-02 	1.4183e+00 	2.8365e-02
3478  	 6.8580e-02 	1.3059e+00 	2.6119e-02
3479  	 1.0282e-01 	1.1833e+00 	2.3667e-02
3480  	 5.7084e-02 	1.7088e+00 	3.4175e-02
3481  	 6.1088e-02 	9.7499e-01 	1.9500e-02
3482  	 9.3895e-02 	2.4868e+00 	4.9737e-02
3483  	 1.6721e-01 	5.8942e+00 	1.1788e-01
3484  	 2.6902e-01 	5.7185e+00 	1.1437e-01
3485  	 3.7139e-01 	3.6815e+00 	7.3630e-02
3486  	 1.6004e-01 	4.9113e+00 	9.8225e-02
3487  	 1.1948e-01 	1.5561e+00 	3.1123e-02
3488  	 1.4526e-01 	2.5743e+00 	5.1486e-02
3489  	 1.2871e-01 	9.8067e-01 	1.9613e-02
3490  	 6.1224e-02 	1.0364e+00 	2.0729e-02
3491  	 1.2029e-01 	2.9295e+00 	5.8589e-02
3492  	 1.2766e-01 	1.8478e+00 	3.6957e-02
3493  	 1.0352e-01 	3.8929e+00 	7.7858e-02
3494  	 1.2990e-01 	1.4083e+00 	2.8166e-02
3495  	 9.1522e-02 	6.3670e+00 	1.2734e-01
3496  	 3.6141e-01 	5.3323e+00 	1.0665e-01
3497  	 4.4911e-01 	1.9464e+00 	3.8928e-02
3498  	 1.1140e-01 	5.6957e-01 	1.1391e-02
3499  	 2.0642e-02 	2.1807e-01 	4.3613e-03
3500  	 7.6088e-02 	1.1920e+00 	2.3841e-02
3501  	 9.9293e-02 	7.4630e-01 	1.4926e-02
3502  	 8.1705e-02 	1.4175e+00 	2.8350e-02
3503  	 1.7246e-01 	5.7601e-01 	1.1520e-02
3504  	 8.9972e-02 	2.1354e-01 	4.2707e-03
3505  	 3.5873e-02 	7.3182e-01 	1.4636e-02
3506  	 1.0772e-01 	1.4454e+00 	2.8907e-02
3507  	 1.3168e-01 	1.3671e+00 	2.7342e-02
3508  	 1.3788e-01 	1.2998e+00 	2.5996e-02
3509  	 1.8631e-01 	1.6998e+00 	3.3997e-02
3510  	 1.2563e-01 	2.1545e-01 	4.3090e-03
3511  	 1.7191e-01 	2.4087e+00 	4.8173e-02
3512  	 1.4226e-01 	1.1095e+00 	2.2189e-02
3513  	 1.7095e-01 	5.3855e-01 	1.0771e-02
3514  	 8.3116e-02 	2.1297e+00 	4.2593e-02
3515  	 1.3284e-01 	3.7468e-01 	7.4937e-03
3516  	 6.8910e-02 	1.2168e+00 	2.4337e-02
3517  	 1.5352e-01 	8.4657e-01 	1.6931e-02
3518  	 1.1915e-01 	1.1779e+00 	2.3558e-02
3519  	 8.6847e-02 	2.2113e-01 	4.4226e-03
3520  	 4.3180e-02 	1.3213e+00 	2.6425e-02
3521  	 1.0369e-01 	1.8994e+00 	3.7989e-02
3522  	 1.7111e-01 	3.0015e+00 	6.0030e-02
3523  	 1.5440e-01 	2.8685e+00 	5.7369e-02
3524  	 1.3769e-01 	3.1764e+00 	6.3527e-02
3525  	 2.1233e-01 	4.0470e+00 	8.0941e-02
3526  	 1.7693e-01 	3.3014e+00 	6.6028e-02
3527  	 1.4908e-01 	3.4839e+00 	6.9679e-02
3528  	 1.5389e-01 	4.0346e+00 	8.0692e-02
3529  	 2.6398e-01 	3.0976e+00 	6.1952e-02
3530  	 2.2359e-01 	3.7491e+00 	7.4983e-02
3531  	 2.0613e-01 	4.3377e+00 	8.6755e-02
3532  	 2.5019e-01 	5.2004e+00 	1.0401e-01
3533  	 1.5306e-01 	3.9459e+00 	7.8917e-02
3534  	 1.3898e-01 	6.8486e-01 	1.3697e-02
3535  	 1.1006e-01 	2.5006e+00 	5.0011e-02
3536  	 1.4101e-01 	5.9858e-01 	1.1972e-02
3537  	 4.1889e-02 	1.7219e+00 	3.4438e-02
3538  	 5.7102e-02 	1.7937e+00 	3.5874e-02
3539  	 1.4755e-01 	1.2723e+00 	2.5446e-02
3540  	 1.8530e-01 	1.2655e+00 	2.5309e-02
3541  	 2.1936e-01 	4.8442e-01 	9.6884e-03
3542  	 9.3122e-02 	2.6021e+00 	5.2041e-02
3543  	 8.4612e-02 	2.7766e+00 	5.5531e-02
3544  	 2.3235e-01 	3.2253e+00 	6.4505e-02
3545  	 1.4733e-01 	5.1639e+00 	1.0328e-01
3546  	 3.0486e-01 	5.8409e+00 	1.1682e-01
3547  	 3.3065e-01 	5.2438e+00 	1.0488e-01
3548  	 1.5950e-01 	2.5945e+00 	5.1891e-02
3549  	 2.3544e-01 	1.1091e+00 	2.2182e-02
3550  	 9.1061e-02 	5.3662e-01 	1.0732e-02
3551  	 6.4505e-02 	1.0393e+00 	2.0786e-02
3552  	 9.4645e-02 	1.9589e+00 	3.9178e-02
3553  	 1.2176e-01 	3.1758e+00 	6.3515e-02
3554  	 1.0231e-01 	1.8792e+00 	3.7584e-02
3555  	 5.2531e-02 	3.3991e-01 	6.7982e-03
3556  	 6.1404e-02 	3.7958e-01 	7.5917e-03
3557  	 3.3159e-02 	1.4556e+00 	2.9112e-02
3558  	 8.0932e-02 	4.8184e+00 	9.6369e-02
3559  	 2.0335e-01 	9.8396e+00 	1.9679e-01
3560  	 5.7135e-01 	1.1003e+01 	2.2006e-01
3561  	 8.2389e-01 	5.1991e+00 	1.0398e-01
3562  	 3.4799e-01 	4.2542e-01 	8.5085e-03
3563  	 6.6239e-02 	1.4601e+00 	2.9203e-02
3564  	 9.1506e-02 	5.9740e+00 	1.1948e-01
3565  	 2.6862e-01 	8.8880e+00 	1.7776e-01
3566  	 5.4942e-01 	4.0760e+00 	8.1520e-02
3567  	 2.1807e-01 	1.8347e+00 	3.6693e-02
3568  	 1.2310e-01 	2.1114e+00 	4.2227e-02
3569  	 1.1210e-01 	2.7292e+00 	5.4583e-02
3570  	 1.6347e-01 	2.5862e+00 	5.1725e-02
3571  	 1.3481e-01 	1.0778e+00 	2.1556e-02
3572  	 1.1697e-01 	8.5725e-01 	1.7145e-02
3573  	 1.2384e-01 	1.6205e+00 	3.2410e-02
3574  	 1.4364e-01 	7.6679e-01 	1.5336e-02
3575  	 1.3498e-01 	4.4863e-01 	8.9726e-03
3576  	 5.0977e-02 	1.9535e+00 	3.9070e-02
3577  	 7.4743e-02 	3.6985e+00 	7.3970e-02
3578  	 1.5208e-01 	1.6508e+00 	3.3017e-02
3579  	 1.2121e-01 	7.6934e-01 	1.5387e-02
3580  	 8.9850e-02 	1.2020e+00 	2.4040e-02
3581  	 1.3279e-01 	3.6767e-01 	7.3533e-03
3582  	 1.2936e-01 	1.1350e+00 	2.2701e-02
3583  	 1.1796e-01 	6.9898e-01 	1.3980e-02
3584  	 4.1150e-02 	9.5354e-01 	1.9071e-02
3585  	 1.4656e-01 	3.0359e-01 	6.0719e-03
3586  	 1.1687e-01 	4.3861e-01 	8.7721e-03
3587  	 6.2183e-02 	1.8729e+00 	3.7458e-02
3588  	 1.6626e-01 	2.8007e+00 	5.6014e-02
3589  	 1.1308e-01 	2.6307e+00 	5.2614e-02
3590  	 1.4162e-01 	1.1650e+00 	2.3301e-02
3591  	 1.2004e-01 	8.0594e-01 	1.6119e-02
3592  	 8.8450e-02 	1.4446e+00 	2.8893e-02
3593  	 1.1362e-01 	5.7977e-01 	1.1595e-02
3594  	 9.2471e-02 	3.7666e+00 	7.5331e-02
3595  	 1.6177e-01 	4.3734e+00 	8.7467e-02
3596  	 2.3164e-01 	5.9297e+00 	1.1859e-01
3597  	 2.5528e-01 	6.7664e+00 	1.3533e-01
3598  	 3.3155e-01 	4.7858e+00 	9.5716e-02
3599  	 1.8482e-01 	1.0356e+00 	2.0711e-02
3600  	 1.2309e-01 	5.9035e-01 	1.1807e-02
3601  	 6.2012e-02 	1.3379e+00 	2.6757e-02
3602  	 1.4458e-01 	1.9364e+00 	3.8728e-02
3603  	 1.1529e-01 	1.7605e+00 	3.5210e-02
3604  	 6.0397e-02 	1.2203e+00 	2.4406e-02
3605  	 4.7452e-02 	2.4619e+00 	4.9238e-02
3606  	 9.7974e-02 	1.3828e+00 	2.7655e-02
3607  	 8.5164e-02 	9.3508e-01 	1.8702e-02
3608  	 1.2828e-01 	2.0004e+00 	4.0009e-02
3609  	 2.3203e-01 	2.0767e+00 	4.1534e-02
3610  	 1.6885e-01 	1.8111e+00 	3.6223e-02
3611  	 1.1524e-01 	2.0828e+00 	4.1656e-02
3612  	 1.3537e-01 	1.8020e+00 	3.6040e-02
3613  	 1.9682e-01 	1.8558e+00 	3.7115e-02
3614  	 7.8585e-02 	6.5142e-01 	1.3028e-02
3615  	 1.2533e-01 	1.8364e+00 	3.6728e-02
3616  	 1.1537e-01 	3.6564e+00 	7.3127e-02
3617  	 1.2877e-01 	4.0963e+00 	8.1926e-02
3618  	 2.1857e-01 	3.5111e+00 	7.0223e-02
3619  	 1.2072e-01 	4.7672e+00 	9.5343e-02
3620  	 2.1361e-01 	3.6815e+00 	7.3630e-02
3621  	 2.1979e-01 	1.2245e+00 	2.4489e-02
3622  	 9.4859e-02 	8.5961e-01 	1.7192e-02
3623  	 1.4259e-01 	1.3176e+00 	2.6353e-02
3624  	 1.0475e-01 	7.6731e-01 	1.5346e-02
3625  	 1.5077e-01 	3.7274e+00 	7.4548e-02
3626  	 1.6793e-01 	3.6206e+00 	7.2412e-02
3627  	 2.3494e-01 	1.9139e+00 	3.8279e-02
3628  	 1.1444e-01 	3.4791e-01 	6.9581e-03
3629  	 8.2703e-02 	1.1520e+00 	2.3041e-02
3630  	 2.7941e-02 	4.8266e-01 	9.6532e-03
3631  	 1.6468e-02 	1.3441e+00 	2.6881e-02
3632  	 1.1054e-01 	5.9287e-01 	1.1857e-02
3633  	 1.4973e-01 	3.1756e+00 	6.3513e-02
3634  	 9.6974e-02 	1.1448e+00 	2.2897e-02
3635  	 6.6573e-02 	6.1441e+00 	1.2288e-01
3636  	 3.6408e-01 	7.4607e+00 	1.4921e-01
3637  	 2.5447e-01 	1.1048e+01 	2.2096e-01
3638  	 4.7671e-01 	9.6263e+00 	1.9253e-01
3639  	 7.0986e-01 	5.2823e+00 	1.0565e-01
3640  	 3.5460e-01 	3.7501e+00 	7.5003e-02
3641  	 1.5736e-01 	2.9199e+00 	5.8398e-02
3642  	 1.2845e-01 	1.9092e+00 	3.8184e-02
3643  	 1.6039e-01 	1.6138e-01 	3.2277e-03
3644  	 8.3885e-02 	1.0131e+00 	2.0263e-02
3645  	 1.5983e-01 	3.2357e+00 	6.4713e-02
3646  	 1.5314e-01 	2.7342e+00 	5.4684e-02
3647  	 1.4806e-01 	1.2210e+00 	2.4420e-02
3648  	 1.4664e-01 	1.1568e+00 	2.3135e-02
3649  	 4.6319e-02 	2.7332e+00 	5.4663e-02
3650  	 1.4530e-01 	2.7760e+00 	5.5520e-02
3651  	 1.3993e-01 	6.6552e-01 	1.3310e-02
3652  	 7.3811e-02 	1.8184e+00 	3.6367e-02
3653  	 1.5077e-01 	8.7337e-01 	1.7467e-02
3654  	 7.1509e-02 	5.7687e-01 	1.1537e-02
3655  	 1.4942e-01 	1.8334e+00 	3.6668e-02
3656  	 1.8638e-01 	2.0741e+00 	4.1481e-02
3657  	 1.2484e-01 	2.4357e+00 	4.8715e-02
3658  	 1.0877e-01 	3.0364e+00 	6.0728e-02
3659  	 9.8472e-02 	2.1396e+00 	4.2793e-02
3660  	 1.0380e-01 	7.3172e-01 	1.4634e-02
3661  	 1.2384e-01 	1.2000e+00 	2.3999e-02
3662  	 1.3055e-01 	4.4459e+00 	8.8918e-02
3663  	 2.2105e-01 	1.7328e+00 	3.4657e-02
3664  	 1.2083e-01 	3.0033e+00 	6.0067e-02
3665  	 1.5457e-01 	1.8200e+00 	3.6400e-02
3666  	 1.2990e-01 	8.3801e-01 	1.6760e-02
3667  	 8.2616e-02 	3.4921e+00 	6.9843e-02
3668  	 1.4268e-01 	2.5838e+00 	5.1677e-02
3669  	 1.4257e-01 	1.7702e+00 	3.5403e-02
3670  	 1.1499e-01 	3.5970e-01 	7.1939e-03
3671  	 8.8546e-02 	3.7213e+00 	7.4426e-02
3672  	 2.0490e-01 	1.3323e-01 	2.6646e-03
3673  	 6.0587e-02 	3.0461e+00 	6.0923e-02
3674  	 2.3552e-01 	1.6837e+00 	3.3674e-02
3675  	 1.3774e-01 	3.4689e+00 	6.9378e-02
3676  	 2.0680e-01 	5.5927e+00 	1.1185e-01
3677  	 2.5907e-01 	7.6278e+00 	1.5256e-01
3678  	 4.0919e-01 	9.6512e+00 	1.9302e-01
3679  	 5.4937e-01 	1.3346e+01 	2.6692e-01
3680  	 7.1637e-01 	1.2816e+01 	2.5632e-01
3681  	 1.1600e+00 	5.1310e+00 	1.0262e-01
3682  	 2.7424e-01 	7.7360e-01 	1.5472e-02
3683  	 1.6971e-01 	1.3613e+00 	2.7226e-02
3684  	 1.5084e-01 	9.0673e-01 	1.8135e-02
3685  	 4.7542e-02 	2.2112e+00 	4.4224e-02
3686  	 1.8779e-01 	2.0269e+00 	4.0539e-02
3687  	 1.3470e-01 	1.8681e+00 	3.7362e-02
3688  	 1.5182e-01 	6.0471e-01 	1.2094e-02
3689  	 2.3238e-02 	8.8686e-01 	1.7737e-02
3690  	 3.4715e-02 	2.5394e-01 	5.0788e-03
3691  	 7.0289e-02 	1.3755e+00 	2.7510e-02
3692  	 2.9147e-01 	1.0873e-01 	2.1746e-03
3693  	 6.6195e-02 	1.3911e+00 	2.7823e-02
3694  	 1.6541e-01 	2.8188e+00 	5.6376e-02
3695  	 2.0327e-01 	3.6898e+00 	7.3796e-02
3696  	 1.5699e-01 	1.8794e+00 	3.7589e-02
3697  	 1.2453e-01 	2.3819e+00 	4.7638e-02
3698  	 1.3697e-01 	1.2893e+00 	2.5785e-02
3699  	 6.2862e-02 	2.2027e+00 	4.4054e-02
3700  	 9.7095e-02 	4.4824e+00 	8.9648e-02
3701  	 1.7659e-01 	4.4916e+00 	8.9832e-02
3702  	 2.1280e-01 	2.0231e+00 	4.0463e-02
3703  	 1.2469e-01 	4.2255e-01 	8.4510e-03
3704  	 3.7712e-02 	1.9953e+00 	3.9906e-02
3705  	 4.7188e-02 	4.4830e+00 	8.9660e-02
3706  	 1.5858e-01 	5.2623e+00 	1.0525e-01
3707  	 3.4248e-01 	6.7052e-01 	1.3410e-02
3708  	 6.5144e-02 	5.6788e-01 	1.1358e-02
3709  	 1.1172e-01 	2.0458e+00 	4.0916e-02
3710  	 1.2518e-01 	2.8378e-01 	5.6755e-03
3711  	 8.4412e-02 	1.9000e+00 	3.8000e-02
3712  	 8.8156e-02 	2.4638e-01 	4.9275e-03
3713  	 9.6707e-02 	1.0138e+00 	2.0276e-02
3714  	 1.4690e-01 	1.0462e+00 	2.0924e-02
3715  	 7.4503e-02 	9.8055e-01 	1.9611e-02
3716  	 8.2831e-02 	1.5721e+00 	3.1441e-02
3717  	 8.3210e-02 	2.2096e-01 	4.4191e-03
3718  	 1.6779e-01 	3.8101e+00 	7.6202e-02
3719  	 1.3796e-01 	3.5831e+00 	7.1662e-02
3720  	 1.7964e-01 	1.1565e+00 	2.3129e-02
3721  	 6.5830e-02 	8.8561e-01 	1.7712e-02
3722  	 1.4045e-01 	7.6261e-01 	1.5252e-02
3723  	 9.7037e-02 	9.4234e-01 	1.8847e-02
3724  	 6.7672e-02 	1.9861e+00 	3.9722e-02
3725  	 1.8358e-01 	2.8679e+00 	5.7359e-02
3726  	 1.0147e-01 	1.5442e+00 	3.0884e-02
3727  	 2.8890e-01 	5.6755e-01 	1.1351e-02
3728  	 1.3166e-01 	3.3730e+00 	6.7460e-02
3729  	 1.6273e-01 	8.2505e+00 	1.6501e-01
3730  	 5.5290e-01 	7.1527e+00 	1.4305e-01
3731  	 4.4891e-01 	2.6772e+00 	5.3545e-02
3732  	 1.8589e-01 	2.2119e+00 	4.4238e-02
3733  	 1.3191e-01 	3.8015e+00 	7.6030e-02
3734  	 1.8809e-01 	4.2060e+00 	8.4120e-02
3735  	 2.2080e-01 	9.3656e-01 	1.8731e-02
3736  	 4.5233e-02 	1.6682e+00 	3.3364e-02
3737  	 1.4008e-01 	4.1757e-01 	8.3514e-03
3738  	 7.9210e-02 	2.9315e-01 	5.8630e-03
3739  	 7.6038e-02 	3.3821e-01 	6.7642e-03
3740  	 5.7515e-02 	1.3642e+00 	2.7284e-02
3741  	 1.2727e-01 	3.4150e+00 	6.8299e-02
3742  	 1.1674e-01 	5.5265e+00 	1.1053e-01
3743  	 2.4094e-01 	5.3224e+00 	1.0645e-01
3744  	 2.5698e-01 	5.1483e+00 	1.0297e-01
3745  	 2.4383e-01 	3.1255e+00 	6.2511e-02
3746  	 1.6557e-01 	4.1434e+00 	8.2867e-02
3747  	 1.6906e-01 	4.6874e+00 	9.3749e-02
3748  	 2.7514e-01 	2.6711e+00 	5.3422e-02
3749  	 1.0440e-01 	4.2715e+00 	8.5431e-02
3750  	 2.6675e-01 	2.8178e+00 	5.6357e-02
3751  	 1.0245e-01 	6.3004e-01 	1.2601e-02
3752  	 9.2880e-02 	2.5857e+00 	5.1715e-02
3753  	 1.4984e-01 	5.0895e+00 	1.0179e-01
3754  	 2.2395e-01 	2.6875e+00 	5.3750e-02
3755  	 1.2528e-01 	1.2686e+00 	2.5371e-02
3756  	 1.5742e-01 	1.5001e+00 	3.0002e-02
3757  	 5.3928e-02 	8.8535e-01 	1.7707e-02
3758  	 8.6198e-02 	8.3335e-02 	1.6667e-03
3759  	 1.1351e-01 	1.9565e+00 	3.9130e-02
3760  	 1.4295e-01 	2.7915e+00 	5.5831e-02
3761  	 1.8148e-01 	1.1046e+00 	2.2092e-02
3762  	 1.7719e-01 	1.5231e+00 	3.0462e-02
3763  	 1.9457e-01 	1.4868e+00 	2.9736e-02
3764  	 1.6765e-01 	1.2550e+00 	2.5099e-02
3765  	 1.0872e-01 	3.6986e+00 	7.3972e-02
3766  	 1.2119e-01 	1.8354e+00 	3.6708e-02
3767  	 6.5910e-02 	1.2925e+00 	2.5850e-02
3768  	 1.5946e-01 	5.0771e-01 	1.0154e-02
3769  	 1.6712e-01 	1.7783e+00 	3.5565e-02
3770  	 1.4048e-01 	1.8000e+00 	3.6000e-02
3771  	 8.5340e-02 	2.3507e-01 	4.7014e-03
3772  	 2.3050e-01 	8.0078e-01 	1.6016e-02
3773  	 9.6540e-02 	1.4170e+00 	2.8340e-02
3774  	 8.8723e-02 	9.5944e-01 	1.9189e-02
3775  	 1.4357e-01 	2.6724e-01 	5.3447e-03
3776  	 1.0037e-01 	3.4426e+00 	6.8853e-02
3777  	 1.5234e-01 	2.0101e+00 	4.0201e-02
3778  	 1.1005e-01 	7.0947e-01 	1.4189e-02
3779  	 6.8308e-02 	3.0609e-01 	6.1217e-03
3780  	 8.9344e-02 	4.2515e-01 	8.5030e-03
3781  	 1.3131e-01 	1.1996e+00 	2.3992e-02
3782  	 7.4741e-02 	1.4380e+00 	2.8760e-02
3783  	 1.6987e-01 	1.6026e+00 	3.2051e-02
3784  	 5.7982e-02 	1.9109e+00 	3.8217e-02
3785  	 1.0983e-01 	5.2191e-01 	1.0438e-02
3786  	 5.3627e-02 	1.5940e+00 	3.1880e-02
3787  	 2.0334e-01 	1.0547e+00 	2.1095e-02
3788  	 8.9142e-02 	1.4512e+00 	2.9024e-02
3789  	 7.8193e-02 	1.4059e+00 	2.8119e-02
3790  	 6.7770e-02 	4.3970e-01 	8.7939e-03
3791  	 9.5886e-02 	1.5186e+00 	3.0372e-02
3792  	 1.7217e-01 	2.2649e+00 	4.5298e-02
3793  	 2.3331e-01 	3.7721e+00 	7.5441e-02
3794  	 3.0886e-01 	2.0550e+00 	4.1100e-02
3795  	 9.3207e-02 	1.4113e+00 	2.8226e-02
3796  	 6.7643e-02 	2.0145e+00 	4.0291e-02
3797  	 1.1016e-01 	4.2099e+00 	8.4198e-02
3798  	 1.5474e-01 	3.4105e+00 	6.8209e-02
3799  	 1.2266e-01 	4.1688e-01 	8.3376e-03
3800  	 4.6692e-02 	1.1514e+00 	2.3029e-02
3801  	 4.0216e-02 	1.1861e+00 	2.3721e-02
3802  	 8.1520e-02 	1.2009e+00 	2.4018e-02
3803  	 1.0739e-01 	1.5054e-01 	3.0109e-03
3804  	 3.9458e-02 	6.7282e-01 	1.3456e-02
3805  	 8.7328e-02 	1.1597e+00 	2.3193e-02
3806  	 9.8815e-02 	3.5898e+00 	7.1796e-02
3807  	 1.8494e-01 	1.8236e+00 	3.6472e-02
3808  	 8.4797e-02 	5.3219e-01 	1.0644e-02
3809  	 1.0342e-01 	2.0166e+00 	4.0331e-02
3810  	 1.3899e-01 	2.1933e+00 	4.3866e-02
3811  	 1.2100e-01 	8.0462e-01 	1.6092e-02
3812  	 1.0912e-01 	8.2527e-01 	1.6505e-02
3813  	 7.7343e-02 	2.7596e+00 	5.5191e-02
3814  	 1.2185e-01 	3.3859e+00 	6.7717e-02
3815  	 2.0015e-01 	2.2328e+00 	4.4656e-02
3816  	 7.3531e-02 	2.2121e+00 	4.4242e-02
3817  	 7.2362e-02 	2.1508e+00 	4.3015e-02
3818  	 1.2061e-01 	7.4669e-01 	1.4934e-02
3819  	 6.7269e-02 	1.7079e+00 	3.4158e-02
3820  	 1.9564e-01 	7.9326e-01 	1.5865e-02
3821  	 6.9161e-02 	3.9372e-01 	7.8744e-03
3822  	 1.0895e-01 	1.2728e+00 	2.5457e-02
3823  	 7.9351e-02 	2.8300e+00 	5.6601e-02
3824  	 1.5684e-01 	1.8261e+00 	3.6522e-02
3825  	 9.2210e-02 	1.2190e+00 	2.4380e-02
3826  	 8.9285e-02 	2.7032e+00 	5.4064e-02
3827  	 1.5175e-01 	1.5538e+00 	3.1075e-02
3828  	 4.6728e-02 	7.0449e-01 	1.4090e-02
3829  	 9.0632e-02 	1.7438e+00 	3.4875e-02
3830  	 2.5200e-01 	1.0456e+00 	2.0913e-02
3831  	 8.5278e-02 	5.1259e-01 	1.0252e-02
3832  	 1.1659e-01 	1.0916e+00 	2.1833e-02
3833  	 2.7364e-01 	3.5366e-01 	7.0732e-03
3834  	 1.1104e-01 	1.9029e+00 	3.8058e-02
3835  	 1.0735e-01 	2.7801e+00 	5.5602e-02
3836  	 1.0781e-01 	5.2530e+00 	1.0506e-01
3837  	 2.0518e-01 	5.6158e+00 	1.1232e-01
3838  	 3.8730e-01 	3.1488e+00 	6.2976e-02
3839  	 1.3246e-01 	7.9944e-01 	1.5989e-02
3840  	 1.3665e-01 	1.4187e+00 	2.8374e-02
3841  	 1.1273e-01 	1.0295e+00 	2.0590e-02
3842  	 1.3553e-01 	1.9998e+00 	3.9995e-02
3843  	 8.9036e-02 	1.3511e+00 	2.7022e-02
3844  	 1.9355e-01 	1.1104e+00 	2.2208e-02
3845  	 6.5101e-02 	2.3484e+00 	4.6967e-02
3846  	 2.2167e-01 	1.8746e+00 	3.7492e-02
3847  	 1.3488e-01 	7.0692e-01 	1.4138e-02
3848  	 9.1938e-02 	2.9227e-01 	5.8455e-03
3849  	 8.2183e-02 	2.2877e+00 	4.5754e-02
3850  	 1.8459e-01 	2.4656e+00 	4.9311e-02
3851  	 1.0723e-01 	1.1675e+00 	2.3350e-02
3852  	 5.0731e-02 	1.1317e+00 	2.2634e-02
3853  	 9.2785e-02 	7.1639e-01 	1.4328e-02
3854  	 2.0764e-01 	1.0350e+00 	2.0700e-02
3855  	 8.5424e-02 	1.6519e+00 	3.3039e-02
3856  	 1.6468e-01 	2.9129e+00 	5.8259e-02
3857  	 7.2926e-02 	2.5533e+00 	5.1065e-02
3858  	 1.2330e-01 	8.7567e-01 	1.7513e-02
3859  	 1.1857e-01 	2.1888e+00 	4.3776e-02
3860  	 1.1326e-01 	4.0218e+00 	8.0437e-02
3861  	 1.6630e-01 	4.7885e+00 	9.5771e-02
3862  	 3.0681e-01 	1.8196e+00 	3.6391e-02
3863  	 6.5708e-02 	3.8765e-01 	7.7529e-03
3864  	 4.5058e-02 	3.5070e+00 	7.0139e-02
3865  	 2.1973e-01 	2.9242e+00 	5.8484e-02
3866  	 1.2841e-01 	1.9240e+00 	3.8479e-02
3867  	 1.1295e-01 	3.9421e+00 	7.8843e-02
3868  	 2.3558e-01 	3.0113e+00 	6.0225e-02
3869  	 1.7858e-01 	1.7410e+00 	3.4820e-02
3870  	 9.5102e-02 	2.3317e+00 	4.6633e-02
3871  	 1.8112e-01 	1.4613e+00 	2.9226e-02
3872  	 9.4060e-02 	4.9275e-01 	9.8550e-03
3873  	 1.1512e-01 	1.4599e+00 	2.9199e-02
3874  	 1.4188e-01 	2.6179e+00 	5.2358e-02
3875  	 1.1151e-01 	2.6377e+00 	5.2754e-02
3876  	 9.0244e-02 	2.1996e+00 	4.3992e-02
3877  	 1.1550e-01 	4.9218e-01 	9.8435e-03
3878  	 1.1242e-01 	1.1988e+00 	2.3975e-02
3879  	 1.4109e-01 	8.1508e-01 	1.6302e-02
3880  	 1.8524e-01 	5.5894e-01 	1.1179e-02
3881  	 1.2650e-01 	9.1420e-01 	1.8284e-02
3882  	 8.3128e-02 	1.3450e+00 	2.6899e-02
3883  	 2.4305e-01 	2.9217e+00 	5.8434e-02
3884  	 1.3344e-01 	4.2468e+00 	8.4936e-02
3885  	 2.5387e-01 	3.3938e+00 	6.7875e-02
3886  	 1.1515e-01 	1.8836e+00 	3.7672e-02
3887  	 1.0109e-01 	2.6287e-01 	5.2575e-03
3888  	 5.5070e-02 	1.8824e+00 	3.7649e-02
3889  	 9.1481e-02 	1.7421e+00 	3.4842e-02
3890  	 5.9081e-02 	1.0055e+00 	2.0110e-02
3891  	 6.4455e-02 	2.8349e+00 	5.6699e-02
3892  	 1.6131e-01 	3.4893e+00 	6.9787e-02
3893  	 2.2033e-01 	3.2692e+00 	6.5384e-02
3894  	 1.4857e-01 	2.3499e+00 	4.6998e-02
3895  	 1.4872e-01 	8.8093e-01 	1.7619e-02
3896  	 9.7131e-02 	2.0819e+00 	4.1638e-02
3897  	 1.1167e-01 	3.0932e+00 	6.1865e-02
3898  	 6.7503e-02 	6.0252e-01 	1.2050e-02
3899  	 1.6505e-01 	8.5284e-01 	1.7057e-02
3900  	 1.9646e-01 	6.9749e-01 	1.3950e-02
3901  	 9.4257e-02 	8.9286e-01 	1.7857e-02
3902  	 1.3346e-01 	1.0180e+00 	2.0361e-02
3903  	 5.6212e-02 	8.4752e-01 	1.6950e-02
3904  	 7.7704e-02 	6.2581e-01 	1.2516e-02
3905  	 1.3159e-01 	1.9657e+00 	3.9315e-02
3906  	 1.8891e-01 	3.3744e+00 	6.7489e-02
3907  	 2.0552e-01 	2.1576e+00 	4.3152e-02
3908  	 1.2216e-01 	1.7044e+00 	3.4087e-02
3909  	 8.8331e-02 	5.8793e-01 	1.1759e-02
3910  	 2.2905e-01 	8.8747e-02 	1.7749e-03
3911  	 1.6686e-01 	9.4651e-03 	1.8930e-04
3912  	 5.8296e-02 	2.1111e+00 	4.2221e-02
3913  	 5.5147e-02 	3.3682e-01 	6.7365e-03
3914  	 8.1983e-02 	1.4618e-01 	2.9236e-03
3915  	 9.0559e-02 	2.1844e+00 	4.3687e-02
3916  	 1.3007e-01 	1.3138e+00 	2.6276e-02
3917  	 1.3690e-01 	2.0266e+00 	4.0532e-02
3918  	 1.3040e-01 	2.9389e+00 	5.8778e-02
3919  	 2.3153e-01 	3.9826e+00 	7.9652e-02
3920  	 2.8861e-01 	5.0855e+00 	1.0171e-01
3921  	 3.2430e-01 	1.1969e+00 	2.3937e-02
3922  	 1.0443e-01 	5.4734e-01 	1.0947e-02
3923  	 5.8184e-02 	1.7732e+00 	3.5465e-02
3924  	 2.1174e-01 	1.7028e+00 	3.4056e-02
3925  	 1.0380e-01 	2.1279e+00 	4.2558e-02
3926  	 9.4831e-02 	1.3979e+00 	2.7959e-02
3927  	 7.1239e-02 	4.3806e-01 	8.7613e-03
3928  	 7.4245e-02 	1.6962e+00 	3.3925e-02
3929  	 4.6371e-02 	3.4534e+00 	6.9069e-02
3930  	 1.0728e-01 	2.8977e+00 	5.7953e-02
3931  	 1.7764e-01 	1.6912e+00 	3.3825e-02
3932  	 1.2322e-01 	2.5795e-01 	5.1589e-03
3933  	 1.4895e-01 	1.4199e+00 	2.8398e-02
3934  	 1.0820e-01 	1.3219e+00 	2.6438e-02
3935  	 1.1155e-01 	7.1806e-01 	1.4361e-02
3936  	 1.4693e-01 	1.7340e+00 	3.4680e-02
3937  	 7.2269e-02 	1.6864e+00 	3.3727e-02
3938  	 1.4993e-01 	1.7506e+00 	3.5011e-02
3939  	 2.1774e-01 	1.4078e+00 	2.8157e-02
3940  	 6.3377e-02 	1.7125e+00 	3.4250e-02
3941  	 7.1423e-02 	5.7712e-01 	1.1542e-02
3942  	 8.6876e-02 	8.2074e-01 	1.6415e-02
3943  	 1.5509e-01 	1.3918e+00 	2.7837e-02
3944  	 1.6146e-01 	3.3388e-01 	6.6776e-03
3945  	 6.3265e-02 	2.5622e+00 	5.1243e-02
3946  	 8.6919e-02 	1.1227e+01 	2.2453e-01
3947  	 4.6732e-01 	8.2485e+00 	1.6497e-01
3948  	 8.5957e-01 	2.7985e+00 	5.5970e-02
3949  	 1.7989e-01 	1.5524e+00 	3.1048e-02
3950  	 7.8262e-02 	2.4429e-01 	4.8859e-03
3951  	 1.2097e-01 	7.2479e-01 	1.4496e-02
3952  	 1.4437e-01 	9.1649e-01 	1.8330e-02
3953  	 1.2961e-01 	5.2889e-01 	1.0578e-02
3954  	 9.5575e-02 	1.8830e+00 	3.7660e-02
3955  	 1.2302e-01 	3.0683e-01 	6.1365e-03
3956  	 3.3482e-02 	3.0494e-02 	6.0988e-04
3957  	 1.3462e-01 	2.2133e-01 	4.4266e-03
3958  	 1.6221e-01 	5.7208e-01 	1.1442e-02
3959  	 1.0604e-01 	3.2980e+00 	6.5959e-02
3960  	 1.1385e-01 	6.1847e+00 	1.2369e-01
3961  	 3.7288e-01 	3.9647e+00 	7.9295e-02
3962  	 2.1515e-01 	3.8953e+00 	7.7906e-02
3963  	 1.4145e-01 	6.7008e+00 	1.3402e-01
3964  	 2.9277e-01 	8.8676e+00 	1.7735e-01
3965  	 4.0667e-01 	6.8810e+00 	1.3762e-01
3966  	 5.0706e-01 	3.7357e+00 	7.4714e-02
3967  	 9.2659e-02 	2.6761e+00 	5.3523e-02
3968  	 1.9388e-01 	1.0707e+00 	2.1413e-02
3969  	 1.9040e-01 	3.8391e+00 	7.6782e-02
3970  	 1.9846e-01 	5.0181e+00 	1.0036e-01
3971  	 1.9668e-01 	8.2938e+00 	1.6588e-01
3972  	 4.9111e-01 	1.1558e+01 	2.3115e-01
3973  	 7.6029e-01 	9.1600e+00 	1.8320e-01
3974  	 5.9738e-01 	6.0774e+00 	1.2155e-01
3975  	 2.5805e-01 	1.8690e+00 	3.7381e-02
3976  	 1.0252e-01 	1.4972e+00 	2.9944e-02
3977  	 5.5549e-02 	3.7894e+00 	7.5788e-02
3978  	 1.4094e-01 	4.7463e+00 	9.4926e-02
3979  	 2.2471e-01 	3.0604e-01 	6.1208e-03
3980  	 5.5362e-02 	2.1578e+00 	4.3157e-02
3981  	 1.6637e-01 	1.6946e+00 	3.3893e-02
3982  	 1.4555e-01 	2.0752e+00 	4.1505e-02
3983  	 8.6457e-02 	8.4564e-01 	1.6913e-02
3984  	 8.4127e-02 	5.6968e-01 	1.1394e-02
3985  	 1.1886e-01 	4.8900e-01 	9.7801e-03
3986  	 1.5537e-01 	9.1031e-01 	1.8206e-02
3987  	 7.0202e-02 	2.2561e+00 	4.5122e-02
3988  	 1.8168e-01 	3.8415e+00 	7.6831e-02
3989  	 1.5199e-01 	1.0952e+00 	2.1904e-02
3990  	 1.4518e-01 	6.0283e-01 	1.2057e-02
3991  	 9.6620e-02 	1.2711e+00 	2.5421e-02
3992  	 1.1566e-01 	5.4082e+00 	1.0816e-01
3993  	 2.1802e-01 	9.4345e+00 	1.8869e-01
3994  	 6.2174e-01 	1.5894e+01 	3.1788e-01
3995  	 1.0782e+00 	1.0555e+01 	2.1110e-01
3996  	 1.0728e+00 	1.1991e+00 	2.3981e-02
3997  	 1.7140e-01 	7.9164e-01 	1.5833e-02
3998  	 1.1379e-01 	5.0624e-01 	1.0125e-02
3999  	 8.7693e-02 	7.4738e-01 	1.4948e-02
4000  	 7.7834e-02 	1.4274e+00 	2.8549e-02
4001  	 9.2800e-02 	1.7018e+00 	3.4035e-02
4002  	 1.0355e-01 	9.8574e-01 	1.9715e-02
4003  	 8.8984e-02 	1.0410e+00 	2.0820e-02
4004  	 9.3082e-02 	1.5354e+00 	3.0707e-02
4005  	 1.3241e-01 	1.4330e+00 	2.8660e-02
4006  	 1.6475e-01 	5.2754e-01 	1.0551e-02
4007  	 1.2210e-01 	1.0224e+00 	2.0448e-02
4008  	 1.1140e-01 	3.2548e-01 	6.5097e-03
4009  	 9.4677e-02 	6.6627e-01 	1.3325e-02
4010  	 7.8479e-02 	2.2745e+00 	4.5490e-02
4011  	 1.8317e-01 	6.0787e-01 	1.2157e-02
4012  	 1.1621e-01 	2.4305e+00 	4.8610e-02
4013  	 1.2773e-01 	1.6693e+00 	3.3386e-02
4014  	 1.1909e-01 	6.0697e-01 	1.2139e-02
4015  	 1.2926e-01 	6.5013e-01 	1.3003e-02
4016  	 7.1727e-02 	3.7120e+00 	7.4240e-02
4017  	 1.2623e-01 	5.8567e+00 	1.1713e-01
4018  	 2.9700e-01 	4.8242e+00 	9.6483e-02
4019  	 2.1064e-01 	5.9177e-01 	1.1835e-02
4020  	 1.6226e-01 	1.3048e+00 	2.6096e-02
4021  	 1.2376e-01 	2.4924e+00 	4.9848e-02
4022  	 1.1870e-01 	2.3374e+00 	4.6748e-02
4023  	 1.1371e-01 	3.5769e-01 	7.1538e-03
4024  	 4.0567e-02 	4.9011e-01 	9.8023e-03
4025  	 8.8157e-02 	8.8576e-01 	1.7715e-02
4026  	 9.9406e-02 	2.7865e+00 	5.5731e-02
4027  	 1.7598e-01 	7.1395e+00 	1.4279e-01
4028  	 2.7506e-01 	9.1734e+00 	1.8347e-01
4029  	 6.7407e-01 	9.7915e+00 	1.9583e-01
4030  	 5.9373e-01 	9.5494e+00 	1.9099e-01
4031  	 9.5290e-01 	5.1868e+00 	1.0374e-01
4032  	 2.4104e-01 	3.8123e+00 	7.6246e-02
4033  	 2.0860e-01 	2.1842e+00 	4.3684e-02
4034  	 2.0491e-01 	1.6176e+00 	3.2351e-02
4035  	 1.4043e-01 	1.8872e+00 	3.7745e-02
4036  	 9.6926e-02 	8.0088e-01 	1.6018e-02
4037  	 1.8031e-01 	2.0887e+00 	4.1774e-02
4038  	 1.2121e-01 	4.5610e+00 	9.1220e-02
4039  	 1.2245e-01 	1.0645e+01 	2.1290e-01
4040  	 5.3327e-01 	1.0864e+01 	2.1729e-01
4041  	 8.6087e-01 	3.4040e+00 	6.8079e-02
4042  	 2.2193e-01 	2.1073e+00 	4.2145e-02
4043  	 4.7139e-02 	8.5931e+00 	1.7186e-01
4044  	 3.4602e-01 	7.5574e+00 	1.5115e-01
4045  	 5.6221e-01 	5.9543e+00 	1.1909e-01
4046  	 2.6906e-01 	3.1754e+00 	6.3509e-02
4047  	 1.8965e-01 	3.0435e+00 	6.0870e-02
4048  	 1.3542e-01 	3.0204e+00 	6.0408e-02
4049  	 1.9997e-01 	1.9724e+00 	3.9448e-02
4050  	 7.3157e-02 	4.5633e-01 	9.1267e-03
4051  	 1.0974e-01 	1.3301e+00 	2.6601e-02
4052  	 1.1242e-01 	1.8936e+00 	3.7872e-02
4053  	 1.1609e-01 	1.8922e+00 	3.7843e-02
4054  	 1.7593e-01 	1.0834e+00 	2.1667e-02
4055  	 7.8337e-02 	1.3926e+00 	2.7851e-02
4056  	 8.3932e-02 	5.1615e+00 	1.0323e-01
4057  	 1.7717e-01 	5.1681e+00 	1.0336e-01
4058  	 3.2022e-01 	5.3541e-01 	1.0708e-02
4059  	 9.4868e-02 	5.3362e-01 	1.0672e-02
4060  	 1.0419e-01 	1.1586e+00 	2.3172e-02
4061  	 8.4846e-02 	9.4857e-01 	1.8971e-02
4062  	 7.7589e-02 	5.2365e-01 	1.0473e-02
4063  	 1.2579e-01 	2.5187e+00 	5.0375e-02
4064  	 1.7012e-01 	2.2392e+00 	4.4785e-02
4065  	 1.6272e-01 	2.5807e+00 	5.1614e-02
4066  	 1.1604e-01 	2.1382e+00 	4.2763e-02
4067  	 1.2419e-01 	7.6481e-01 	1.5296e-02
4068  	 1.2912e-01 	1.6664e+00 	3.3329e-02
4069  	 1.4512e-01 	5.6483e-01 	1.1297e-02
4070  	 5.6634e-02 	1.5342e+00 	3.0684e-02
4071  	 8.0338e-02 	5.2601e+00 	1.0520e-01
4072  	 2.8819e-01 	8.1732e+00 	1.6346e-01
4073  	 4.5463e-01 	6.4195e+00 	1.2839e-01
4074  	 3.1088e-01 	2.6997e+00 	5.3993e-02
4075  	 1.4278e-01 	2.7195e+00 	5.4390e-02
4076  	 2.0643e-01 	2.3188e+00 	4.6375e-02
4077  	 9.2412e-02 	3.9376e-01 	7.8751e-03
4078  	 1.0715e-01 	1.3190e+00 	2.6379e-02
4079  	 1.3467e-01 	4.6608e-01 	9.3216e-03
4080  	 6.9091e-02 	9.2143e-01 	1.8429e-02
4081  	 8.6830e-02 	1.3084e+00 	2.6169e-02
4082  	 9.5576e-02 	2.9224e-01 	5.8448e-03
4083  	 4.6671e-02 	1.6589e+00 	3.3178e-02
4084  	 1.0021e-01 	3.2299e+00 	6.4597e-02
4085  	 1.0354e-01 	3.5513e+00 	7.1027e-02
4086  	 1.7963e-01 	1.7610e+00 	3.5220e-02
4087  	 8.7234e-02 	3.1669e-01 	6.3338e-03
4088  	 1.0354e-01 	1.2510e-01 	2.5020e-03
4089  	 7.0021e-02 	1.0631e+00 	2.1262e-02
4090  	 6.0907e-02 	4.0150e+00 	8.0300e-02
4091  	 2.7795e-01 	1.9021e+00 	3.8043e-02
4092  	 1.4360e-01 	1.5148e+00 	3.0297e-02
4093  	 1.0576e-01 	2.5474e-01 	5.0949e-03
4094  	 1.1625e-01 	1.2829e+00 	2.5657e-02
4095  	 2.9830e-02 	1.4561e+00 	2.9122e-02
4096  	 1.8540e-01 	8.4238e-01 	1.6848e-02
4097  	 1.2553e-01 	5.9117e-01 	1.1823e-02
4098  	 8.3978e-02 	2.0568e+00 	4.1137e-02
4099  	 9.2609e-02 	1.6708e+00 	3.3416e-02
4100  	 6.6646e-02 	2.2803e+00 	4.5606e-02
4101  	 1.2639e-01 	1.8275e+00 	3.6550e-02
4102  	 5.3035e-02 	7.6783e-01 	1.5357e-02
4103  	 1.2285e-01 	2.7355e+00 	5.4710e-02
4104  	 1.7290e-01 	1.6513e+00 	3.3026e-02
4105  	 1.1208e-01 	4.3730e+00 	8.7460e-02
4106  	 2.1353e-01 	8.2183e+00 	1.6437e-01
4107  	 4.7555e-01 	9.5457e+00 	1.9091e-01
4108  	 4.3424e-01 	6.9463e+00 	1.3893e-01
4109  	 4.1476e-01 	3.7625e+00 	7.5249e-02
4110  	 2.1005e-01 	5.0737e+00 	1.0147e-01
4111  	 1.3702e-01 	5.7917e+00 	1.1583e-01
4112  	 2.9153e-01 	9.8025e-01 	1.9605e-02
4113  	 1.3631e-01 	1.8829e+00 	3.7658e-02
4114  	 1.1935e-01 	1.5640e+00 	3.1280e-02
4115  	 1.4037e-01 	2.9123e+00 	5.8246e-02
4116  	 1.4968e-01 	2.0917e+00 	4.1834e-02
4117  	 9.8814e-02 	1.9681e+00 	3.9362e-02
4118  	 1.4655e-01 	2.2698e+00 	4.5395e-02
4119  	 1.0850e-01 	1.7072e+00 	3.4143e-02
4120  	 8.5215e-02 	1.0383e+00 	2.0766e-02
4121  	 9.9480e-02 	1.5952e+00 	3.1904e-02
4122  	 6.7689e-02 	1.6205e+00 	3.2409e-02
4123  	 1.4054e-01 	2.0506e+00 	4.1012e-02
4124  	 9.8644e-02 	1.5097e+00 	3.0195e-02
4125  	 1.4646e-01 	7.6434e-01 	1.5287e-02
4126  	 1.0143e-01 	2.1418e+00 	4.2836e-02
4127  	 1.2686e-01 	2.3345e+00 	4.6691e-02
4128  	 1.1427e-01 	7.0998e-01 	1.4200e-02
4129  	 2.2418e-01 	1.2873e+00 	2.5747e-02
4130  	 9.5237e-02 	2.9347e+00 	5.8695e-02
4131  	 1.7177e-01 	2.3980e+00 	4.7961e-02
4132  	 9.0914e-02 	2.3627e+00 	4.7254e-02
4133  	 1.6642e-01 	3.1822e+00 	6.3644e-02
4134  	 1.0996e-01 	4.2661e+00 	8.5323e-02
4135  	 1.9695e-01 	3.3400e+00 	6.6800e-02
4136  	 2.0217e-01 	7.0420e-01 	1.4084e-02
4137  	 1.0795e-01 	1.9757e+00 	3.9515e-02
4138  	 1.4875e-01 	3.2575e+00 	6.5151e-02
4139  	 1.7670e-01 	4.4638e+00 	8.9275e-02
4140  	 2.2135e-01 	2.1397e+00 	4.2793e-02
4141  	 1.1306e-01 	1.0287e+00 	2.0574e-02
4142  	 1.3892e-01 	1.9798e-01 	3.9596e-03
4143  	 9.0517e-02 	4.8095e-01 	9.6189e-03
4144  	 2.2719e-01 	5.4439e-01 	1.0888e-02
4145  	 5.0271e-02 	8.4070e-01 	1.6814e-02
4146  	 5.8407e-02 	2.8941e-01 	5.7883e-03
4147  	 5.5096e-02 	1.0786e+00 	2.1572e-02
4148  	 1.0591e-01 	1.9233e+00 	3.8465e-02
4149  	 9.7068e-02 	2.4305e+00 	4.8610e-02
4150  	 6.7600e-02 	8.3476e-01 	1.6695e-02
4151  	 4.3291e-02 	1.2820e+00 	2.5641e-02
4152  	 1.3388e-01 	2.6443e+00 	5.2887e-02
4153  	 1.1630e-01 	5.6299e+00 	1.1260e-01
4154  	 2.8724e-01 	5.0781e+00 	1.0156e-01
4155  	 2.3110e-01 	1.9276e+00 	3.8552e-02
4156  	 1.4117e-01 	3.8615e+00 	7.7229e-02
4157  	 2.7878e-01 	3.0856e+00 	6.1712e-02
4158  	 2.9902e-01 	6.6455e-01 	1.3291e-02
4159  	 7.7260e-02 	2.5519e+00 	5.1039e-02
4160  	 1.4012e-01 	1.0742e+01 	2.1485e-01
4161  	 5.4390e-01 	1.5220e+01 	3.0440e-01
4162  	 1.4298e+00 	4.3719e+00 	8.7439e-02
4163  	 3.4502e-01 	5.0998e+00 	1.0200e-01
4164  	 2.6404e-01 	1.3578e+00 	2.7156e-02
4165  	 1.7067e-01 	1.6041e+00 	3.2081e-02
4166  	 1.3067e-01 	1.1705e+00 	2.3410e-02
4167  	 7.1590e-02 	4.8683e+00 	9.7366e-02
4168  	 1.0567e-01 	3.3292e+00 	6.6585e-02
4169  	 2.0292e-01 	8.3653e-01 	1.6731e-02
4170  	 1.0885e-01 	2.8583e-01 	5.7166e-03
4171  	 1.4153e-01 	3.1042e+00 	6.2083e-02
4172  	 1.3691e-01 	1.7240e+00 	3.4481e-02
4173  	 1.4652e-01 	2.5344e-01 	5.0688e-03
4174  	 7.4479e-02 	7.3284e-01 	1.4657e-02
4175  	 1.1320e-01 	8.9479e-01 	1.7896e-02
4176  	 1.2841e-01 	2.0037e+00 	4.0074e-02
4177  	 1.3764e-01 	3.0438e+00 	6.0876e-02
4178  	 1.1570e-01 	5.2343e+00 	1.0469e-01
4179  	 1.7653e-01 	4.5794e+00 	9.1589e-02
4180  	 2.4270e-01 	3.9698e+00 	7.9396e-02
4181  	 1.5226e-01 	2.8222e+00 	5.6445e-02
4182  	 1.5117e-01 	3.3866e+00 	6.7731e-02
4183  	 1.8018e-01 	4.0545e+00 	8.1090e-02
4184  	 1.7205e-01 	9.8104e-01 	1.9621e-02
4185  	 7.4754e-02 	4.3913e+00 	8.7826e-02
4186  	 1.4997e-01 	5.6416e+00 	1.1283e-01
4187  	 2.1870e-01 	5.8169e+00 	1.1634e-01
4188  	 2.8982e-01 	5.2608e+00 	1.0522e-01
4189  	 1.7696e-01 	2.4587e+00 	4.9174e-02
4190  	 1.2051e-01 	2.1619e+00 	4.3238e-02
4191  	 1.2822e-01 	3.6188e+00 	7.2376e-02
4192  	 1.8982e-01 	1.0086e+00 	2.0171e-02
4193  	 4.2337e-02 	1.2043e+00 	2.4085e-02
4194  	 9.0060e-02 	2.7649e+00 	5.5297e-02
4195  	 1.2270e-01 	4.0753e+00 	8.1507e-02
4196  	 2.3195e-01 	2.0244e+00 	4.0489e-02
4197  	 9.8625e-02 	7.6631e-01 	1.5326e-02
4198  	 7.5228e-02 	1.3701e+00 	2.7402e-02
4199  	 2.0180e-01 	2.9896e+00 	5.9791e-02
4200  	 2.3471e-01 	3.9657e+00 	7.9314e-02
4201  	 2.0055e-01 	1.8815e+00 	3.7631e-02
4202  	 6.3984e-02 	8.3173e-01 	1.6635e-02
4203  	 1.1366e-01 	1.2433e+00 	2.4866e-02
4204  	 1.1455e-01 	1.1608e+00 	2.3216e-02
4205  	 1.5816e-01 	9.7395e-01 	1.9479e-02
4206  	 1.0404e-01 	5.5067e-01 	1.1013e-02
4207  	 1.0939e-01 	7.9000e-01 	1.5800e-02
4208  	 8.7313e-02 	1.7767e+00 	3.5534e-02
4209  	 1.0775e-01 	5.1066e+00 	1.0213e-01
4210  	 1.8416e-01 	5.6611e+00 	1.1322e-01
4211  	 3.2821e-01 	2.6080e+00 	5.2161e-02
4212  	 1.6076e-01 	5.1491e-01 	1.0298e-02
4213  	 7.8348e-02 	6.9890e-01 	1.3978e-02
4214  	 1.5632e-01 	4.4712e-01 	8.9425e-03
4215  	 4.9722e-02 	1.8849e+00 	3.7698e-02
4216  	 1.1763e-01 	2.1495e+00 	4.2989e-02
4217  	 5.5896e-02 	9.5096e-01 	1.9019e-02
4218  	 1.0228e-01 	2.3279e+00 	4.6559e-02
4219  	 7.3190e-02 	4.1721e+00 	8.3441e-02
4220  	 1.9696e-01 	3.8694e+00 	7.7388e-02
4221  	 1.2674e-01 	1.6488e+00 	3.2976e-02
4222  	 1.2093e-01 	1.3470e+00 	2.6940e-02
4223  	 8.8550e-02 	3.9588e+00 	7.9176e-02
4224  	 2.8457e-01 	3.6981e+00 	7.3962e-02
4225  	 1.7391e-01 	1.5128e+00 	3.0256e-02
4226  	 8.0266e-02 	2.1627e+00 	4.3254e-02
4227  	 9.0562e-02 	4.3223e+00 	8.6447e-02
4228  	 3.1818e-01 	2.9680e+00 	5.9361e-02
4229  	 9.9780e-02 	1.3908e+00 	2.7816e-02
4230  	 1.1900e-01 	1.3756e+00 	2.7512e-02
4231  	 6.6422e-02 	4.2413e-01 	8.4827e-03
4232  	 1.0315e-01 	3.5498e+00 	7.0996e-02
4233  	 1.2181e-01 	5.5741e+00 	1.1148e-01
4234  	 2.6257e-01 	8.8195e-01 	1.7639e-02
4235  	 1.5881e-01 	2.2975e+00 	4.5951e-02
4236  	 8.8496e-02 	3.2327e+00 	6.4655e-02
4237  	 1.2781e-01 	7.6836e+00 	1.5367e-01
4238  	 3.7704e-01 	1.2653e+01 	2.5305e-01
4239  	 8.1702e-01 	1.6372e+01 	3.2743e-01
4240  	 1.4047e+00 	1.4843e+01 	2.9685e-01
4241  	 1.4211e+00 	6.8277e+00 	1.3655e-01
4242  	 3.9903e-01 	4.0063e+00 	8.0127e-02
4243  	 1.7775e-01 	2.8058e+00 	5.6117e-02
4244  	 2.7581e-01 	1.5710e+00 	3.1420e-02
4245  	 1.3482e-01 	3.3012e+00 	6.6024e-02
4246  	 2.0560e-01 	2.8156e+00 	5.6312e-02
4247  	 1.3261e-01 	1.4911e+00 	2.9821e-02
4248  	 6.3373e-02 	1.1544e+00 	2.3088e-02
4249  	 4.6589e-02 	1.6235e+00 	3.2471e-02
4250  	 1.1543e-01 	3.7674e+00 	7.5349e-02
4251  	 1.5619e-01 	3.7389e+00 	7.4779e-02
4252  	 2.0089e-01 	2.1608e+00 	4.3216e-02
4253  	 2.0549e-01 	7.4774e-01 	1.4955e-02
4254  	 5.0313e-02 	2.5552e+00 	5.1103e-02
4255  	 1.4743e-01 	1.5437e+00 	3.0873e-02
4256  	 7.5034e-02 	5.5394e+00 	1.1079e-01
4257  	 3.5138e-01 	5.9751e+00 	1.1950e-01
4258  	 2.7449e-01 	7.4783e+00 	1.4957e-01
4259  	 4.4447e-01 	5.8569e+00 	1.1714e-01
4260  	 3.4878e-01 	1.2635e+00 	2.5270e-02
4261  	 5.6021e-02 	2.2684e+00 	4.5368e-02
4262  	 2.2650e-01 	2.2404e+00 	4.4807e-02
4263  	 1.4019e-01 	2.1585e+00 	4.3170e-02
4264  	 6.9498e-02 	1.7498e+00 	3.4996e-02
4265  	 9.5092e-02 	1.2878e+00 	2.5756e-02
4266  	 2.6919e-02 	5.6448e-01 	1.1290e-02
4267  	 9.2790e-02 	2.6796e+00 	5.3592e-02
4268  	 1.7322e-01 	4.5093e+00 	9.0185e-02
4269  	 2.0451e-01 	3.5215e+00 	7.0430e-02
4270  	 2.4135e-01 	1.7050e+00 	3.4099e-02
4271  	 1.0242e-01 	3.3192e+00 	6.6384e-02
4272  	 2.3018e-01 	9.9562e-01 	1.9912e-02
4273  	 1.0372e-01 	1.5420e+00 	3.0840e-02
4274  	 1.0557e-01 	2.1832e+00 	4.3663e-02
4275  	 1.2056e-01 	7.1099e-01 	1.4220e-02
4276  	 6.5591e-02 	2.5778e+00 	5.1556e-02
4277  	 1.5587e-01 	8.7795e-01 	1.7559e-02
4278  	 2.4458e-01 	9.9811e-01 	1.9962e-02
4279  	 6.9630e-02 	3.4316e+00 	6.8631e-02
4280  	 1.5682e-01 	1.4999e+00 	2.9997e-02
4281  	 1.2020e-01 	5.6461e-01 	1.1292e-02
4282  	 8.8041e-02 	3.6040e-01 	7.2080e-03
4283  	 1.1114e-01 	1.2897e-01 	2.5794e-03
4284  	 1.7544e-01 	1.3158e+00 	2.6315e-02
4285  	 7.3674e-02 	8.4598e-01 	1.6920e-02
4286  	 1.0352e-01 	1.3249e+00 	2.6499e-02
4287  	 9.8899e-02 	3.4030e+00 	6.8060e-02
4288  	 1.0624e-01 	4.5598e+00 	9.1196e-02
4289  	 2.7019e-01 	1.3857e+00 	2.7714e-02
4290  	 8.9010e-02 	1.7342e+00 	3.4684e-02
4291  	 1.2331e-01 	8.0398e-01 	1.6080e-02
4292  	 6.5147e-02 	2.0246e+00 	4.0493e-02
4293  	 6.9556e-02 	2.0009e+00 	4.0017e-02
4294  	 2.3691e-01 	1.5367e+00 	3.0734e-02
4295  	 6.2848e-02 	4.9766e+00 	9.9531e-02
4296  	 2.7294e-01 	5.2025e+00 	1.0405e-01
4297  	 2.3851e-01 	1.0114e+00 	2.0228e-02
4298  	 1.7427e-01 	1.8957e+00 	3.7915e-02
4299  	 1.2355e-01 	2.5727e+00 	5.1454e-02
4300  	 1.1835e-01 	1.5230e+00 	3.0461e-02
4301  	 1.0053e-01 	2.5591e+00 	5.1183e-02
4302  	 2.0157e-01 	2.8387e+00 	5.6773e-02
4303  	 1.8372e-01 	2.3705e+00 	4.7410e-02
4304  	 1.0847e-01 	6.1210e+00 	1.2242e-01
4305  	 3.1990e-01 	8.5562e+00 	1.7112e-01
4306  	 4.3001e-01 	1.0197e+01 	2.0393e-01
4307  	 4.9388e-01 	1.3200e+01 	2.6400e-01
4308  	 9.0964e-01 	1.6588e+01 	3.3176e-01
4309  	 1.2887e+00 	1.2392e+01 	2.4785e-01
4310  	 1.2277e+00 	4.9346e+00 	9.8693e-02
4311  	 2.2758e-01 	1.3890e+00 	2.7779e-02
4312  	 1.1682e-01 	1.1527e+00 	2.3054e-02
4313  	 1.5874e-01 	3.4061e+00 	6.8122e-02
4314  	 1.3705e-01 	3.5662e+00 	7.1323e-02
4315  	 1.7780e-01 	7.2460e-01 	1.4492e-02
4316  	 3.8244e-02 	6.0183e+00 	1.2037e-01
4317  	 2.6265e-01 	2.6365e+00 	5.2731e-02
4318  	 2.1168e-01 	4.0857e+00 	8.1715e-02
4319  	 1.6271e-01 	6.0000e-01 	1.2000e-02
4320  	 5.5942e-02 	4.4062e+00 	8.8124e-02
4321  	 2.4063e-01 	1.3258e+00 	2.6516e-02
4322  	 7.5085e-02 	6.5726e-01 	1.3145e-02
4323  	 1.3740e-01 	1.7590e+00 	3.5180e-02
4324  	 7.4440e-02 	9.3445e-01 	1.8689e-02
4325  	 7.2310e-02 	3.2853e+00 	6.5707e-02
4326  	 2.0897e-01 	3.2511e+00 	6.5021e-02
4327  	 1.3277e-01 	1.0494e+00 	2.0989e-02
4328  	 5.6545e-02 	9.7591e-01 	1.9518e-02
4329  	 1.2980e-01 	2.3606e+00 	4.7212e-02
4330  	 1.0294e-01 	1.2168e+00 	2.4336e-02
4331  	 1.0931e-01 	1.2729e+00 	2.5459e-02
4332  	 6.9042e-02 	1.6636e+00 	3.3273e-02
4333  	 9.1874e-02 	2.3030e+00 	4.6061e-02
4334  	 1.0025e-01 	5.3671e+00 	1.0734e-01
4335  	 2.4246e-01 	4.3026e+00 	8.6053e-02
4336  	 1.8833e-01 	7.9497e-01 	1.5899e-02
4337  	 1.3507e-01 	3.6682e+00 	7.3363e-02
4338  	 7.9265e-02 	4.7628e+00 	9.5255e-02
4339  	 2.4748e-01 	6.4639e+00 	1.2928e-01
4340  	 3.1628e-01 	1.4220e+01 	2.8440e-01
4341  	 7.2603e-01 	9.6215e+00 	1.9243e-01
4342  	 1.0817e+00 	3.5666e-01 	7.1332e-03
4343  	 3.6294e-02 	9.6585e-01 	1.9317e-02
4344  	 4.6724e-02 	1.8052e+00 	3.6104e-02
4345  	 6.9748e-02 	1.5587e+00 	3.1174e-02
4346  	 1.2570e-01 	8.0624e-02 	1.6125e-03
4347  	 9.8707e-02 	7.6673e-01 	1.5335e-02
4348  	 1.5648e-01 	2.3564e+00 	4.7128e-02
4349  	 1.7001e-01 	2.4653e+00 	4.9306e-02
4350  	 1.6234e-01 	2.6770e+00 	5.3540e-02
4351  	 7.3336e-02 	5.2035e+00 	1.0407e-01
4352  	 2.6386e-01 	3.2193e+00 	6.4386e-02
4353  	 2.5808e-01 	1.8976e+00 	3.7951e-02
4354  	 7.8615e-02 	3.2667e+00 	6.5334e-02
4355  	 1.2995e-01 	3.5192e+00 	7.0385e-02
4356  	 1.0735e-01 	5.3312e+00 	1.0662e-01
4357  	 2.1133e-01 	3.3153e+00 	6.6306e-02
4358  	 1.9063e-01 	6.1110e-02 	1.2222e-03
4359  	 1.1990e-01 	4.4653e-01 	8.9306e-03
4360  	 3.6987e-02 	2.7631e+00 	5.5263e-02
4361  	 9.1174e-02 	4.1687e+00 	8.3373e-02
4362  	 1.7585e-01 	2.0663e+00 	4.1326e-02
4363  	 1.9658e-01 	3.9446e-01 	7.8892e-03
4364  	 1.8446e-01 	2.7716e+00 	5.5433e-02
4365  	 1.2390e-01 	3.8482e+00 	7.6963e-02
4366  	 3.0504e-01 	2.2877e-01 	4.5754e-03
4367  	 9.9224e-02 	1.8856e+00 	3.7713e-02
4368  	 2.1218e-01 	2.4306e+00 	4.8611e-02
4369  	 1.5548e-01 	4.6409e+00 	9.2818e-02
4370  	 2.7652e-01 	2.0462e+00 	4.0924e-02
4371  	 1.6464e-01 	2.2039e+00 	4.4079e-02
4372  	 1.7401e-01 	3.3548e+00 	6.7097e-02
4373  	 1.2329e-01 	5.0851e+00 	1.0170e-01
4374  	 2.4612e-01 	1.0529e+01 	2.1058e-01
4375  	 4.7420e-01 	1.1325e+01 	2.2651e-01
4376  	 8.4029e-01 	5.5680e+00 	1.1136e-01
4377  	 2.8703e-01 	2.8428e+00 	5.6856e-02
4378  	 7.7681e-02 	1.5249e+00 	3.0498e-02
4379  	 5.5773e-02 	7.8768e-01 	1.5754e-02
4380  	 4.8404e-02 	2.6512e-01 	5.3025e-03
4381  	 7.4874e-02 	9.3628e-01 	1.8726e-02
4382  	 1.0918e-01 	1.1068e+00 	2.2137e-02
4383  	 5.4680e-02 	2.6464e+00 	5.2929e-02
4384  	 1.2634e-01 	7.0088e+00 	1.4018e-01
4385  	 3.1565e-01 	8.9911e+00 	1.7982e-01
4386  	 5.4210e-01 	8.6101e+00 	1.7220e-01
4387  	 4.9044e-01 	6.3032e+00 	1.2606e-01
4388  	 3.8591e-01 	2.9109e+00 	5.8218e-02
4389  	 1.8467e-01 	9.2885e-01 	1.8577e-02
4390  	 8.3205e-02 	1.4251e+00 	2.8502e-02
4391  	 1.7290e-01 	5.7845e-01 	1.1569e-02
4392  	 1.0863e-01 	7.6154e-01 	1.5231e-02
4393  	 7.7908e-02 	4.9625e+00 	9.9249e-02
4394  	 1.9830e-01 	8.4710e+00 	1.6942e-01
4395  	 4.7803e-01 	7.2566e+00 	1.4513e-01
4396  	 3.9709e-01 	5.9752e+00 	1.1950e-01
4397  	 1.7832e-01 	5.3340e+00 	1.0668e-01
4398  	 2.8598e-01 	8.3471e-01 	1.6694e-02
4399  	 1.5513e-01 	1.3666e+00 	2.7333e-02
4400  	 7.9815e-02 	9.8506e-01 	1.9701e-02
4401  	 9.3115e-02 	9.9314e-01 	1.9863e-02
4402  	 1.3858e-01 	1.0173e+00 	2.0345e-02
4403  	 9.9401e-02 	1.4384e+00 	2.8767e-02
4404  	 3.8452e-02 	1.3052e+00 	2.6104e-02
4405  	 6.1267e-02 	1.2346e+00 	2.4691e-02
4406  	 1.4450e-01 	2.3554e+00 	4.7107e-02
4407  	 1.6383e-01 	1.9396e+00 	3.8792e-02
4408  	 8.6262e-02 	1.0546e+00 	2.1093e-02
4409  	 8.7339e-02 	8.6152e-01 	1.7230e-02
4410  	 3.3139e-02 	1.0931e-01 	2.1861e-03
4411  	 5.3622e-02 	1.9300e+00 	3.8601e-02
4412  	 1.3413e-01 	5.7891e+00 	1.1578e-01
4413  	 2.6403e-01 	2.4341e+00 	4.8682e-02
4414  	 1.8231e-01 	1.0643e+00 	2.1286e-02
4415  	 9.7007e-02 	7.4430e-01 	1.4886e-02
4416  	 9.1497e-02 	1.7709e+00 	3.5418e-02
4417  	 1.3256e-01 	2.3722e+00 	4.7443e-02
4418  	 7.7182e-02 	5.3199e-01 	1.0640e-02
4419  	 9.0122e-02 	1.1160e+00 	2.2320e-02
4420  	 1.6341e-01 	3.0900e+00 	6.1799e-02
4421  	 2.0225e-01 	2.7309e+00 	5.4619e-02
4422  	 2.4930e-01 	4.0215e-01 	8.0431e-03
4423  	 8.3181e-02 	1.5800e+00 	3.1600e-02
4424  	 5.8783e-02 	6.2126e+00 	1.2425e-01
4425  	 2.5474e-01 	8.6250e+00 	1.7250e-01
4426  	 5.9739e-01 	5.0309e+00 	1.0062e-01
4427  	 2.4086e-01 	3.2473e+00 	6.4945e-02
4428  	 2.0928e-01 	4.0016e+00 	8.0031e-02
4429  	 2.0094e-01 	3.3309e+00 	6.6619e-02
4430  	 2.0711e-01 	3.4934e-01 	6.9868e-03
4431  	 3.2023e-02 	6.9644e-01 	1.3929e-02
4432  	 1.0934e-01 	2.0960e+00 	4.1920e-02
4433  	 1.7500e-01 	1.0466e+00 	2.0932e-02
4434  	 1.3508e-01 	1.4933e-01 	2.9867e-03
4435  	 6.7837e-02 	1.2131e+00 	2.4262e-02
4436  	 6.8678e-02 	5.6689e-01 	1.1338e-02
4437  	 4.8522e-02 	1.3879e+00 	2.7758e-02
4438  	 1.7077e-01 	4.5151e-01 	9.0303e-03
4439  	 1.0432e-01 	9.6555e-01 	1.9311e-02
4440  	 1.3572e-01 	8.0520e-01 	1.6104e-02
4441  	 1.1213e-01 	1.7092e+00 	3.4185e-02
4442  	 5.8914e-02 	3.8028e+00 	7.6057e-02
4443  	 1.5363e-01 	3.0887e+00 	6.1774e-02
4444  	 1.2379e-01 	1.6956e+00 	3.3911e-02
4445  	 7.0692e-02 	2.2024e+00 	4.4048e-02
4446  	 1.1356e-01 	1.7829e+00 	3.5657e-02
4447  	 2.2247e-01 	3.1771e+00 	6.3543e-02
4448  	 2.3178e-01 	1.7921e+00 	3.5841e-02
4449  	 2.0524e-01 	3.8560e+00 	7.7119e-02
4450  	 1.7605e-01 	4.4795e+00 	8.9591e-02
4451  	 2.4888e-01 	2.1366e+00 	4.2732e-02
4452  	 1.3622e-01 	4.6083e-01 	9.2166e-03
4453  	 8.1077e-02 	1.3780e+00 	2.7561e-02
4454  	 1.3267e-01 	1.4577e+00 	2.9153e-02
4455  	 1.0288e-01 	2.8629e+00 	5.7258e-02
4456  	 7.8926e-02 	1.8809e+00 	3.7619e-02
4457  	 7.8230e-02 	8.1214e-01 	1.6243e-02
4458  	 1.2054e-01 	3.3107e+00 	6.6213e-02
4459  	 1.5422e-01 	1.6160e+00 	3.2320e-02
4460  	 8.4643e-02 	8.6415e-01 	1.7283e-02
4461  	 3.8985e-02 	2.1445e+00 	4.2891e-02
4462  	 1.2205e-01 	3.3815e+00 	6.7630e-02
4463  	 1.8756e-01 	3.7259e+00 	7.4517e-02
4464  	 1.2127e-01 	2.6795e+00 	5.3591e-02
4465  	 1.5387e-01 	9.4911e-02 	1.8982e-03
4466  	 7.4651e-02 	8.5927e-01 	1.7185e-02
4467  	 4.3435e-02 	4.4494e-01 	8.8988e-03
4468  	 1.9947e-01 	9.1056e-01 	1.8211e-02
4469  	 1.1965e-01 	2.7733e+00 	5.5467e-02
4470  	 2.2564e-01 	1.1841e+00 	2.3682e-02
4471  	 1.0595e-01 	2.3202e-01 	4.6404e-03
4472  	 1.2101e-01 	9.0672e-01 	1.8134e-02
4473  	 8.0841e-02 	2.6133e+00 	5.2267e-02
4474  	 1.1397e-01 	1.5366e+00 	3.0731e-02
4475  	 2.2823e-01 	2.2687e+00 	4.5374e-02
4476  	 1.0003e-01 	2.7025e+00 	5.4051e-02
4477  	 8.7794e-02 	2.5228e-01 	5.0457e-03
4478  	 8.3775e-02 	1.3831e+00 	2.7663e-02
4479  	 1.8688e-01 	1.7111e+00 	3.4222e-02
4480  	 1.0870e-01 	1.8619e+00 	3.7239e-02
4481  	 1.2030e-01 	4.7900e-01 	9.5800e-03
4482  	 3.6300e-02 	7.6583e-01 	1.5317e-02
4483  	 2.7238e-01 	2.5205e+00 	5.0410e-02
4484  	 1.3236e-01 	2.7664e+00 	5.5328e-02
4485  	 2.1938e-01 	3.2176e+00 	6.4352e-02
4486  	 1.5775e-01 	2.8552e+00 	5.7103e-02
4487  	 1.9396e-01 	1.4537e+00 	2.9073e-02
4488  	 1.0407e-01 	3.4431e+00 	6.8863e-02
4489  	 1.3790e-01 	3.0977e+00 	6.1954e-02
4490  	 1.3938e-01 	1.3421e+00 	2.6841e-02
4491  	 1.5903e-01 	2.2190e+00 	4.4381e-02
4492  	 1.1458e-01 	2.2507e+00 	4.5014e-02
4493  	 9.0403e-02 	1.6243e+00 	3.2487e-02
4494  	 1.2296e-01 	2.4959e+00 	4.9918e-02
4495  	 2.1453e-01 	2.6298e-01 	5.2596e-03
4496  	 1.9703e-01 	3.8194e+00 	7.6389e-02
4497  	 1.9641e-01 	1.0180e+01 	2.0361e-01
4498  	 4.8468e-01 	1.4514e+01 	2.9027e-01
4499  	 9.6736e-01 	1.5704e+01 	3.1408e-01
4500  	 1.2590e+00 	1.3620e+01 	2.7240e-01
4501  	 1.1571e+00 	6.9766e+00 	1.3953e-01
4502  	 5.8223e-01 	7.3293e+00 	1.4659e-01
4503  	 3.1728e-01 	9.1783e+00 	1.8357e-01
4504  	 7.1075e-01 	3.9468e+00 	7.8935e-02
4505  	 2.0357e-01 	6.2483e-01 	1.2497e-02
4506  	 6.1827e-02 	2.0144e+00 	4.0287e-02
4507  	 4.6109e-02 	2.0845e+00 	4.1689e-02
4508  	 1.1429e-01 	4.3064e+00 	8.6129e-02
4509  	 1.3374e-01 	5.5251e+00 	1.1050e-01
4510  	 1.9919e-01 	1.8507e+00 	3.7013e-02
4511  	 1.9386e-01 	9.4852e-02 	1.8970e-03
4512  	 2.3078e-02 	3.8013e-01 	7.6026e-03
4513  	 2.4640e-02 	1.7709e+00 	3.5419e-02
4514  	 1.1104e-01 	5.3617e-01 	1.0723e-02
4515  	 5.8331e-02 	1.7513e+00 	3.5027e-02
4516  	 1.6750e-01 	1.4700e+00 	2.9400e-02
4517  	 1.7701e-01 	1.9103e+00 	3.8206e-02
4518  	 1.0203e-01 	1.6393e+00 	3.2787e-02
4519  	 1.3331e-01 	1.8379e+00 	3.6758e-02
4520  	 6.6849e-02 	5.6595e-01 	1.1319e-02
4521  	 1.4697e-01 	1.2582e+00 	2.5164e-02
4522  	 9.1291e-02 	2.2604e+00 	4.5208e-02
4523  	 1.2743e-01 	5.5374e-01 	1.1075e-02
4524  	 6.2587e-02 	3.4096e+00 	6.8192e-02
4525  	 2.0017e-01 	3.5808e+00 	7.1616e-02
4526  	 1.1870e-01 	4.9810e-01 	9.9620e-03
4527  	 1.6144e-01 	3.8567e+00 	7.7135e-02
4528  	 2.2590e-01 	2.1373e+00 	4.2746e-02
4529  	 1.0666e-01 	1.8996e+00 	3.7992e-02
4530  	 1.1521e-01 	3.0301e+00 	6.0602e-02
4531  	 2.5113e-01 	2.3991e+00 	4.7982e-02
4532  	 1.9194e-01 	1.3257e+00 	2.6514e-02
4533  	 1.0082e-01 	2.2590e-01 	4.5181e-03
4534  	 1.0221e-01 	8.0216e-02 	1.6043e-03
4535  	 1.0585e-01 	1.5579e+00 	3.1158e-02
4536  	 6.4300e-02 	3.1731e+00 	6.3463e-02
4537  	 8.0807e-02 	5.3084e+00 	1.0617e-01
4538  	 1.8778e-01 	4.8870e+00 	9.7741e-02
4539  	 2.3708e-01 	4.3360e+00 	8.6720e-02
4540  	 2.3597e-01 	1.5553e+00 	3.1105e-02
4541  	 6.8271e-02 	7.9276e-01 	1.5855e-02
4542  	 7.0841e-02 	1.5939e+00 	3.1878e-02
4543  	 1.4668e-01 	2.0545e+00 	4.1090e-02
4544  	 1.4400e-01 	3.5714e-01 	7.1429e-03
4545  	 1.3012e-01 	1.2849e+00 	2.5698e-02
4546  	 1.2463e-01 	1.6995e+00 	3.3990e-02
4547  	 1.1510e-01 	7.1599e-01 	1.4320e-02
4548  	 7.2756e-02 	6.0815e-01 	1.2163e-02
4549  	 5.7744e-02 	1.1356e+00 	2.2712e-02
4550  	 1.1937e-01 	2.5794e+00 	5.1588e-02
4551  	 8.2227e-02 	1.0270e+00 	2.0540e-02
4552  	 1.4115e-01 	6.1574e-01 	1.2315e-02
4553  	 9.1614e-02 	1.4986e+00 	2.9972e-02
4554  	 8.3505e-02 	2.4695e+00 	4.9390e-02
4555  	 1.5104e-01 	4.6837e+00 	9.3673e-02
4556  	 2.0555e-01 	3.2851e+00 	6.5703e-02
4557  	 1.1436e-01 	1.4823e+00 	2.9647e-02
4558  	 1.5572e-01 	1.8995e-01 	3.7990e-03
4559  	 5.7234e-02 	2.2074e+00 	4.4148e-02
4560  	 4.4389e-02 	1.3714e+00 	2.7427e-02
4561  	 1.5726e-01 	4.2216e-01 	8.4432e-03
4562  	 1.1162e-01 	1.8413e+00 	3.6826e-02
4563  	 3.3654e-02 	1.8734e+00 	3.7467e-02
4564  	 1.1708e-01 	1.4210e+00 	2.8419e-02
4565  	 9.2907e-02 	1.5633e+00 	3.1265e-02
4566  	 1.6015e-01 	4.0977e+00 	8.1954e-02
4567  	 1.0733e-01 	9.6742e+00 	1.9348e-01
4568  	 6.6722e-01 	4.0039e+00 	8.0078e-02
4569  	 3.3400e-01 	2.7334e+00 	5.4668e-02
4570  	 1.3443e-01 	1.8139e+00 	3.6278e-02
4571  	 5.3301e-02 	1.0693e+00 	2.1387e-02
4572  	 1.4174e-01 	1.8282e+00 	3.6564e-02
4573  	 1.4432e-01 	3.2074e+00 	6.4148e-02
4574  	 8.3452e-02 	6.8608e+00 	1.3722e-01
4575  	 2.4414e-01 	9.9230e+00 	1.9846e-01
4576  	 6.5629e-01 	9.9223e+00 	1.9845e-01
4577  	 5.8478e-01 	6.1750e+00 	1.2350e-01
4578  	 3.6751e-01 	2.9353e+00 	5.8707e-02
4579  	 1.5950e-01 	2.0550e+00 	4.1099e-02
4580  	 1.4927e-01 	1.8990e-01 	3.7980e-03
4581  	 1.3274e-01 	1.5308e+00 	3.0616e-02
4582  	 2.3827e-01 	1.7272e+00 	3.4545e-02
4583  	 1.2507e-01 	1.0070e+00 	2.0141e-02
4584  	 8.9525e-02 	1.5047e+00 	3.0094e-02
4585  	 1.4174e-01 	4.5846e+00 	9.1692e-02
4586  	 1.8002e-01 	3.3420e+00 	6.6840e-02
4587  	 1.6678e-01 	1.9376e+00 	3.8752e-02
4588  	 1.2525e-01 	1.4136e+00 	2.8271e-02
4589  	 9.5368e-02 	7.4414e-01 	1.4883e-02
4590  	 4.4854e-02 	2.1377e+00 	4.2755e-02
4591  	 9.8757e-02 	2.4635e+00 	4.9271e-02
4592  	 1.3757e-01 	9.6558e-01 	1.9312e-02
4593  	 8.9954e-02 	1.8812e+00 	3.7625e-02
4594  	 9.7042e-02 	1.8511e+00 	3.7022e-02
4595  	 1.0529e-01 	7.9807e-01 	1.5961e-02
4596  	 8.7723e-02 	1.1693e+00 	2.3385e-02
4597  	 1.2693e-01 	3.9549e-01 	7.9098e-03
4598  	 1.0367e-01 	1.1493e+00 	2.2986e-02
4599  	 1.4429e-01 	1.3874e+00 	2.7748e-02
4600  	 7.0916e-02 	2.4187e+00 	4.8374e-02
4601  	 1.7130e-01 	4.9419e+00 	9.8839e-02
4602  	 2.2419e-01 	3.1491e+00 	6.2983e-02
4603  	 2.1684e-01 	5.6696e-01 	1.1339e-02
4604  	 6.2352e-02 	2.5697e+00 	5.1393e-02
4605  	 1.6151e-01 	1.2801e+00 	2.5602e-02
4606  	 1.1729e-01 	3.0151e+00 	6.0301e-02
4607  	 1.6757e-01 	9.0422e-01 	1.8084e-02
4608  	 8.2648e-02 	9.4056e-01 	1.8811e-02
4609  	 4.0933e-02 	7.4372e-01 	1.4874e-02
4610  	 9.9861e-02 	2.8254e-01 	5.6508e-03
4611  	 5.5104e-02 	1.0765e+00 	2.1530e-02
4612  	 1.5838e-01 	6.6285e-01 	1.3257e-02
4613  	 1.6813e-01 	1.6262e+00 	3.2523e-02
4614  	 1.4807e-01 	3.3982e+00 	6.7965e-02
4615  	 1.5289e-01 	1.7290e+00 	3.4579e-02
4616  	 9.2446e-02 	1.0906e+00 	2.1811e-02
4617  	 1.6961e-01 	1.9065e-01 	3.8131e-03
4618  	 1.1760e-01 	3.5533e-01 	7.1065e-03
4619  	 1.4225e-01 	1.3779e+00 	2.7558e-02
4620  	 9.8854e-02 	3.2777e+00 	6.5553e-02
4621  	 2.2514e-01 	1.8772e+00 	3.7544e-02
4622  	 1.1153e-01 	9.9646e-01 	1.9929e-02
4623  	 9.7289e-02 	3.7562e+00 	7.5124e-02
4624  	 1.8900e-01 	3.3805e+00 	6.7610e-02
4625  	 2.7182e-01 	5.2164e+00 	1.0433e-01
4626  	 2.2572e-01 	4.7646e+00 	9.5291e-02
4627  	 3.7130e-01 	4.9270e-01 	9.8540e-03
4628  	 9.4110e-02 	6.9896e-01 	1.3979e-02
4629  	 1.4552e-01 	3.8781e-01 	7.7561e-03
4630  	 8.7343e-02 	1.0211e+00 	2.0422e-02
4631  	 1.5412e-01 	2.4792e+00 	4.9583e-02
4632  	 1.5674e-01 	5.6894e+00 	1.1379e-01
4633  	 2.1024e-01 	1.3404e+00 	2.6808e-02
4634  	 1.0567e-01 	2.8774e+00 	5.7549e-02
4635  	 2.2609e-01 	2.1035e+00 	4.2069e-02
4636  	 2.5172e-01 	8.7558e-01 	1.7512e-02
4637  	 1.7753e-01 	5.0366e+00 	1.0073e-01
4638  	 2.0553e-01 	4.7118e+00 	9.4236e-02
4639  	 2.3051e-01 	2.2457e+00 	4.4913e-02
4640  	 6.5479e-02 	1.8498e+00 	3.6995e-02
4641  	 8.4436e-02 	1.2462e-01 	2.4923e-03
4642  	 5.1206e-02 	1.0111e+00 	2.0222e-02
4643  	 5.3183e-02 	1.3903e+00 	2.7806e-02
4644  	 8.6858e-02 	1.4619e+00 	2.9239e-02
4645  	 1.6565e-01 	6.3568e-01 	1.2714e-02
4646  	 2.2992e-01 	1.3486e+00 	2.6971e-02
4647  	 1.8622e-01 	2.6937e+00 	5.3875e-02
4648  	 8.8178e-02 	7.1775e-01 	1.4355e-02
4649  	 7.6420e-02 	4.2991e+00 	8.5982e-02
4650  	 1.1676e-01 	4.1650e+00 	8.3300e-02
4651  	 2.3024e-01 	1.8310e+00 	3.6620e-02
4652  	 1.1564e-01 	5.3905e-01 	1.0781e-02
4653  	 6.6728e-02 	1.1721e+00 	2.3442e-02
4654  	 7.1319e-02 	1.2996e+00 	2.5992e-02
4655  	 9.5182e-02 	9.2895e-01 	1.8579e-02
4656  	 1.2305e-01 	7.2624e-01 	1.4525e-02
4657  	 2.5787e-01 	2.6069e+00 	5.2137e-02
4658  	 9.1776e-02 	5.3314e-01 	1.0663e-02
4659  	 8.0761e-02 	2.3331e+00 	4.6663e-02
4660  	 1.1895e-01 	2.0609e+00 	4.1219e-02
4661  	 1.9744e-01 	2.0606e-01 	4.1211e-03
4662  	 5.6565e-02 	1.1096e+00 	2.2192e-02
4663  	 2.9105e-02 	9.4467e-01 	1.8893e-02
4664  	 3.0968e-02 	4.7712e+00 	9.5425e-02
4665  	 1.7120e-01 	3.6915e+00 	7.3831e-02
4666  	 2.1760e-01 	9.1865e-01 	1.8373e-02
4667  	 7.2913e-02 	9.1862e-01 	1.8372e-02
4668  	 7.9705e-02 	1.4871e+00 	2.9741e-02
4669  	 7.1699e-02 	4.0167e-01 	8.0335e-03
4670  	 7.6062e-02 	2.4200e+00 	4.8401e-02
4671  	 1.6226e-01 	4.8064e-01 	9.6128e-03
4672  	 6.0866e-02 	6.4172e+00 	1.2834e-01
4673  	 2.0992e-01 	1.2803e+01 	2.5607e-01
4674  	 7.8993e-01 	7.7240e+00 	1.5448e-01
4675  	 7.7475e-01 	2.3507e+00 	4.7015e-02
4676  	 1.0818e-01 	3.5462e+00 	7.0924e-02
4677  	 2.3158e-01 	7.4372e-01 	1.4874e-02
4678  	 5.9587e-02 	1.1613e+00 	2.3226e-02
4679  	 4.8066e-02 	3.3782e-01 	6.7564e-03
4680  	 9.0387e-02 	4.3238e+00 	8.6477e-02
4681  	 1.5508e-01 	6.0218e+00 	1.2044e-01
4682  	 3.1423e-01 	5.5290e+00 	1.1058e-01
4683  	 1.9199e-01 	9.1500e+00 	1.8300e-01
4684  	 4.2160e-01 	4.6583e+00 	9.3167e-02
4685  	 4.0921e-01 	2.4289e+00 	4.8577e-02
4686  	 3.6563e-02 	3.0180e+00 	6.0359e-02
4687  	 1.0380e-01 	2.7122e+00 	5.4244e-02
4688  	 1.3713e-01 	2.3125e+00 	4.6250e-02
4689  	 1.6220e-01 	1.9624e+00 	3.9249e-02
4690  	 1.5425e-01 	4.6664e-01 	9.3328e-03
4691  	 1.3869e-01 	1.9146e-01 	3.8292e-03
4692  	 1.7983e-02 	7.6591e-01 	1.5318e-02
4693  	 1.4678e-01 	2.5188e+00 	5.0376e-02
4694  	 1.0123e-01 	2.3063e+00 	4.6125e-02
4695  	 1.7697e-01 	7.4874e-01 	1.4975e-02
4696  	 8.4537e-02 	8.3755e-01 	1.6751e-02
4697  	 7.5984e-02 	8.0400e-01 	1.6080e-02
4698  	 1.0989e-01 	4.5908e+00 	9.1816e-02
4699  	 2.1387e-01 	6.1597e+00 	1.2319e-01
4700  	 2.8376e-01 	2.7537e+00 	5.5075e-02
4701  	 1.4802e-01 	2.5882e+00 	5.1763e-02
4702  	 9.9932e-02 	5.7628e+00 	1.1526e-01
4703  	 2.7070e-01 	5.4725e+00 	1.0945e-01
4704  	 2.6174e-01 	2.3170e+00 	4.6339e-02
4705  	 1.2895e-01 	7.9793e-01 	1.5959e-02
4706  	 9.4867e-02 	9.3803e-01 	1.8761e-02
4707  	 2.2793e-01 	2.0597e+00 	4.1194e-02
4708  	 1.1318e-01 	2.2319e+00 	4.4638e-02
4709  	 1.4475e-01 	4.5252e-01 	9.0505e-03
4710  	 6.6446e-02 	1.2871e-01 	2.5743e-03
4711  	 1.0331e-01 	6.3413e-01 	1.2683e-02
4712  	 8.6700e-02 	8.7340e-01 	1.7468e-02
4713  	 1.4186e-01 	1.1237e+00 	2.2473e-02
4714  	 7.5546e-02 	6.2930e-01 	1.2586e-02
4715  	 5.7649e-02 	1.1938e+00 	2.3875e-02
4716  	 6.8366e-02 	5.1112e+00 	1.0222e-01
4717  	 1.9342e-01 	1.1125e+00 	2.2251e-02
4718  	 2.3073e-01 	2.3308e+00 	4.6617e-02
4719  	 6.8591e-02 	1.3653e+00 	2.7305e-02
4720  	 1.8419e-01 	1.6047e+00 	3.2095e-02
4721  	 3.5681e-02 	9.9124e-01 	1.9825e-02
4722  	 8.5181e-02 	2.1011e+00 	4.2022e-02
4723  	 6.9012e-02 	4.6625e+00 	9.3251e-02
4724  	 1.2470e-01 	4.4552e+00 	8.9103e-02
4725  	 2.2770e-01 	9.6635e-01 	1.9327e-02
4726  	 1.5998e-01 	1.3836e+00 	2.7673e-02
4727  	 5.0305e-02 	2.3070e+00 	4.6140e-02
4728  	 1.5855e-01 	1.6564e+00 	3.3128e-02
4729  	 9.7667e-02 	1.9961e+00 	3.9923e-02
4730  	 1.5361e-01 	5.5617e+00 	1.1123e-01
4731  	 2.0364e-01 	6.3192e+00 	1.2638e-01
4732  	 3.2802e-01 	2.7332e+00 	5.4665e-02
4733  	 1.1595e-01 	7.9662e-01 	1.5932e-02
4734  	 1.4480e-01 	7.6559e-01 	1.5312e-02
4735  	 1.1285e-01 	3.4117e+00 	6.8234e-02
4736  	 1.1205e-01 	5.2026e+00 	1.0405e-01
4737  	 3.0494e-01 	2.8264e+00 	5.6529e-02
4738  	 1.2698e-01 	1.1334e+00 	2.2669e-02
4739  	 1.4180e-01 	2.9525e+00 	5.9050e-02
4740  	 1.1559e-01 	4.5901e+00 	9.1802e-02
4741  	 1.4869e-01 	4.3303e+00 	8.6606e-02
4742  	 2.2880e-01 	3.4662e+00 	6.9325e-02
4743  	 1.6507e-01 	1.4743e+00 	2.9485e-02
4744  	 5.8645e-02 	1.0405e+00 	2.0810e-02
4745  	 1.0951e-01 	1.2616e+00 	2.5233e-02
4746  	 1.1503e-01 	4.8643e-01 	9.7286e-03
4747  	 6.1940e-02 	2.2488e+00 	4.4977e-02
4748  	 1.1057e-01 	2.1350e+00 	4.2700e-02
4749  	 1.1713e-01 	9.2056e-02 	1.8411e-03
4750  	 4.6653e-02 	7.6820e-01 	1.5364e-02
4751  	 7.4511e-02 	8.4438e-01 	1.6888e-02
4752  	 1.1194e-01 	5.1833e-02 	1.0367e-03
4753  	 5.4335e-02 	1.1584e+00 	2.3168e-02
4754  	 1.3754e-01 	7.4779e-01 	1.4956e-02
4755  	 5.5565e-02 	5.2041e-01 	1.0408e-02
4756  	 8.3879e-02 	4.7054e-01 	9.4108e-03
4757  	 5.8793e-02 	1.5445e+00 	3.0891e-02
4758  	 6.7013e-02 	1.7690e-01 	3.5380e-03
4759  	 1.6235e-01 	2.7955e+00 	5.5910e-02
4760  	 1.6517e-01 	6.4046e-01 	1.2809e-02
4761  	 1.5981e-01 	2.6315e+00 	5.2630e-02
4762  	 1.5695e-01 	3.9843e+00 	7.9685e-02
4763  	 2.8692e-01 	5.8497e+00 	1.1699e-01
4764  	 2.6580e-01 	5.3014e+00 	1.0603e-01
4765  	 2.6286e-01 	5.3853e+00 	1.0771e-01
4766  	 2.1392e-01 	5.3062e+00 	1.0612e-01
4767  	 3.4299e-01 	1.6976e+00 	3.3953e-02
4768  	 1.2283e-01 	1.7956e+00 	3.5913e-02
4769  	 1.2668e-01 	1.9001e+00 	3.8002e-02
4770  	 1.1401e-01 	5.2202e-01 	1.0440e-02
4771  	 6.0087e-02 	5.8313e-01 	1.1663e-02
4772  	 4.9263e-02 	9.5041e-01 	1.9008e-02
4773  	 5.6745e-02 	2.6536e+00 	5.3072e-02
4774  	 1.6232e-01 	1.8254e+00 	3.6508e-02
4775  	 1.0748e-01 	3.8569e+00 	7.7137e-02
4776  	 1.9267e-01 	3.3389e+00 	6.6777e-02
4777  	 1.4168e-01 	3.4487e+00 	6.8975e-02
4778  	 2.6522e-01 	5.3585e+00 	1.0717e-01
4779  	 1.8397e-01 	5.7909e+00 	1.1582e-01
4780  	 3.6058e-01 	6.1176e+00 	1.2235e-01
4781  	 3.2526e-01 	1.7705e+00 	3.5409e-02
4782  	 8.1710e-02 	2.0239e+00 	4.0478e-02
4783  	 8.8207e-02 	1.1797e+00 	2.3593e-02
4784  	 1.0393e-01 	5.5587e+00 	1.1117e-01
4785  	 1.9080e-01 	8.2581e+00 	1.6516e-01
4786  	 4.5047e-01 	4.2783e+00 	8.5566e-02
4787  	 3.3456e-01 	1.7876e+00 	3.5752e-02
4788  	 1.1275e-01 	1.3719e+00 	2.7437e-02
4789  	 9.3212e-02 	2.4817e+00 	4.9634e-02
4790  	 1.5615e-01 	2.7482e+00 	5.4965e-02
4791  	 2.1942e-01 	1.1817e+00 	2.3634e-02
4792  	 2.2921e-01 	5.2336e-01 	1.0467e-02
4793  	 2.8978e-02 	8.3137e-01 	1.6627e-02
4794  	 1.2185e-01 	9.9363e-01 	1.9873e-02
4795  	 7.8373e-02 	7.6074e-01 	1.5215e-02
4796  	 1.7256e-01 	1.2904e+00 	2.5807e-02
4797  	 6.8797e-02 	4.5779e+00 	9.1558e-02
4798  	 2.2000e-01 	4.6359e+00 	9.2718e-02
4799  	 2.8683e-01 	2.8297e+00 	5.6594e-02
4800  	 1.3911e-01 	1.4926e+00 	2.9853e-02
4801  	 4.5386e-02 	6.3934e+00 	1.2787e-01
4802  	 3.6851e-01 	1.0766e+01 	2.1531e-01
4803  	 6.1515e-01 	7.4037e+00 	1.4807e-01
4804  	 5.3989e-01 	1.3230e+00 	2.6460e-02
4805  	 1.0575e-01 	1.2974e+00 	2.5948e-02
4806  	 1.4108e-01 	1.5332e+00 	3.0664e-02
4807  	 9.5554e-02 	1.9792e+00 	3.9585e-02
4808  	 6.6509e-02 	3.4371e+00 	6.8743e-02
4809  	 1.2463e-01 	2.9626e+00 	5.9253e-02
4810  	 1.8331e-01 	5.9152e-01 	1.1830e-02
4811  	 1.0390e-01 	4.7972e-01 	9.5945e-03
4812  	 3.2549e-02 	3.7692e+00 	7.5384e-02
4813  	 1.6457e-01 	4.2653e+00 	8.5307e-02
4814  	 2.6472e-01 	1.5110e+00 	3.0220e-02
4815  	 1.2341e-01 	3.1614e+00 	6.3227e-02
4816  	 1.9970e-01 	3.6715e+00 	7.3431e-02
4817  	 1.9331e-01 	6.6654e-01 	1.3331e-02
4818  	 6.6287e-02 	1.2812e+00 	2.5624e-02
4819  	 1.8591e-01 	1.8141e+00 	3.6281e-02
4820  	 1.9176e-01 	1.4554e+00 	2.9108e-02
4821  	 1.1693e-01 	1.5426e+00 	3.0852e-02
4822  	 1.1888e-01 	1.5376e+00 	3.0752e-02
4823  	 1.8064e-01 	6.2860e+00 	1.2572e-01
4824  	 2.8260e-01 	9.6611e+00 	1.9322e-01
4825  	 7.4796e-01 	8.8087e+00 	1.7617e-01
4826  	 4.8830e-01 	5.3315e+00 	1.0663e-01
4827  	 3.0477e-01 	3.1843e-01 	6.3685e-03
4828  	 1.1405e-01 	1.7485e+00 	3.4971e-02
4829  	 8.4622e-02 	2.6119e+00 	5.2239e-02
4830  	 1.9771e-01 	4.3111e+00 	8.6222e-02
4831  	 1.6854e-01 	1.1951e+00 	2.3901e-02
4832  	 7.8940e-02 	1.1691e+00 	2.3383e-02
4833  	 8.1569e-02 	1.5978e+00 	3.1956e-02
4834  	 1.3904e-01 	2.2661e+00 	4.5322e-02
4835  	 1.1175e-01 	3.0589e+00 	6.1178e-02
4836  	 1.0314e-01 	3.4390e+00 	6.8780e-02
4837  	 1.7473e-01 	2.5850e+00 	5.1699e-02
4838  	 7.9165e-02 	1.1830e+00 	2.3659e-02
4839  	 1.7574e-01 	3.4156e+00 	6.8312e-02
4840  	 2.0024e-01 	5.2525e-01 	1.0505e-02
4841  	 4.8938e-02 	1.7472e+00 	3.4944e-02
4842  	 9.7570e-02 	1.4518e+00 	2.9037e-02
4843  	 1.7784e-01 	7.9646e-01 	1.5929e-02
4844  	 1.1691e-01 	1.5947e+00 	3.1895e-02
4845  	 6.4255e-02 	1.8262e+00 	3.6524e-02
4846  	 7.4490e-02 	2.3456e+00 	4.6911e-02
4847  	 1.2695e-01 	4.1850e+00 	8.3701e-02
4848  	 1.9093e-01 	9.3937e-01 	1.8787e-02
4849  	 1.7363e-01 	7.0464e-01 	1.4093e-02
4850  	 6.0174e-02 	1.9447e+00 	3.8895e-02
4851  	 1.0679e-01 	3.3716e+00 	6.7432e-02
4852  	 1.9719e-01 	1.3054e+00 	2.6108e-02
4853  	 1.1544e-01 	2.6449e+00 	5.2899e-02
4854  	 1.0445e-01 	7.3679e-01 	1.4736e-02
4855  	 8.8887e-02 	2.9820e+00 	5.9641e-02
4856  	 2.7232e-01 	1.8969e+00 	3.7938e-02
4857  	 7.8971e-02 	4.0553e+00 	8.1106e-02
4858  	 2.0055e-01 	4.7245e+00 	9.4490e-02
4859  	 2.8522e-01 	3.5338e+00 	7.0676e-02
4860  	 1.2497e-01 	1.9346e+00 	3.8693e-02
4861  	 1.8401e-01 	2.0074e+00 	4.0149e-02
4862  	 2.0194e-01 	9.8547e-01 	1.9709e-02
4863  	 3.8336e-02 	1.1500e+00 	2.2999e-02
4864  	 2.3134e-01 	1.0086e+00 	2.0171e-02
4865  	 1.1605e-01 	9.0534e-01 	1.8107e-02
4866  	 6.6484e-02 	3.2769e-01 	6.5538e-03
4867  	 7.3475e-02 	8.7350e-01 	1.7470e-02
4868  	 6.8415e-02 	3.1773e+00 	6.3546e-02
4869  	 1.5146e-01 	3.4549e+00 	6.9098e-02
4870  	 2.1088e-01 	1.4842e+00 	2.9683e-02
4871  	 9.8700e-02 	2.4480e+00 	4.8959e-02
4872  	 8.9154e-02 	4.5657e+00 	9.1315e-02
4873  	 2.5890e-01 	3.8183e+00 	7.6366e-02
4874  	 1.3976e-01 	5.9208e-01 	1.1842e-02
4875  	 5.1978e-02 	1.3839e+00 	2.7677e-02
4876  	 1.1126e-01 	4.6105e-01 	9.2211e-03
4877  	 1.2245e-01 	8.2684e-01 	1.6537e-02
4878  	 1.3305e-01 	3.5445e-01 	7.0890e-03
4879  	 8.1657e-02 	7.8075e-01 	1.5615e-02
4880  	 1.0331e-01 	3.0822e+00 	6.1644e-02
4881  	 1.7193e-01 	6.3685e+00 	1.2737e-01
4882  	 3.0659e-01 	1.0827e+01 	2.1654e-01
4883  	 6.0429e-01 	1.0351e+01 	2.0702e-01
4884  	 9.4845e-01 	3.6133e+00 	7.2266e-02
4885  	 2.6316e-01 	1.6589e+00 	3.3177e-02
4886  	 1.0935e-01 	2.4805e+00 	4.9609e-02
4887  	 1.9808e-01 	6.8359e-01 	1.3672e-02
4888  	 5.1968e-02 	9.9589e-01 	1.9918e-02
4889  	 1.9462e-01 	1.0350e+00 	2.0701e-02
4890  	 1.1625e-01 	7.5956e-01 	1.5191e-02
4891  	 1.2634e-01 	8.6222e-01 	1.7244e-02
4892  	 1.6855e-01 	1.9077e+00 	3.8154e-02
4893  	 4.3036e-02 	7.7345e-01 	1.5469e-02
4894  	 8.1265e-02 	1.0639e+00 	2.1278e-02
4895  	 1.1535e-01 	1.2379e+00 	2.4757e-02
4896  	 7.3337e-02 	5.0302e-01 	1.0060e-02
4897  	 6.4555e-02 	2.2746e+00 	4.5493e-02
4898  	 1.5232e-01 	2.3646e+00 	4.7292e-02
4899  	 1.1626e-01 	3.0985e-01 	6.1971e-03
4900  	 1.5563e-01 	3.0705e-01 	6.1411e-03
4901  	 8.4808e-02 	2.7506e+00 	5.5011e-02
4902  	 1.2252e-01 	3.6007e+00 	7.2015e-02
4903  	 1.3686e-01 	1.2287e-01 	2.4575e-03
4904  	 4.1631e-02 	1.8221e+00 	3.6443e-02
4905  	 8.3127e-02 	1.3846e+00 	2.7693e-02
4906  	 1.1617e-01 	6.9273e-01 	1.3855e-02
4907  	 1.3692e-01 	4.9497e-01 	9.8994e-03
4908  	 8.6760e-02 	2.8485e+00 	5.6970e-02
4909  	 1.1466e-01 	2.2460e+00 	4.4920e-02
4910  	 1.4638e-01 	9.7069e-01 	1.9414e-02
4911  	 6.6400e-02 	1.0875e+00 	2.1750e-02
4912  	 9.6486e-02 	6.4744e-01 	1.2949e-02
4913  	 7.5736e-02 	5.5290e-01 	1.1058e-02
4914  	 1.0955e-01 	3.7359e-01 	7.4718e-03
4915  	 6.0823e-02 	6.6127e-01 	1.3225e-02
4916  	 9.2196e-02 	6.2896e-01 	1.2579e-02
4917  	 8.9664e-02 	1.1106e+00 	2.2213e-02
4918  	 1.3792e-01 	5.7300e-01 	1.1460e-02
4919  	 6.9847e-02 	1.2771e+00 	2.5542e-02
4920  	 9.3678e-02 	4.1914e-01 	8.3828e-03
4921  	 1.0718e-01 	2.5031e+00 	5.0062e-02
4922  	 1.4778e-01 	7.0863e-01 	1.4173e-02
4923  	 1.2487e-01 	1.8001e+00 	3.6003e-02
4924  	 6.6571e-02 	1.2536e+00 	2.5072e-02
4925  	 1.4375e-01 	5.1416e-01 	1.0283e-02
4926  	 5.9107e-02 	1.0446e+00 	2.0892e-02
4927  	 1.2639e-01 	9.5346e-01 	1.9069e-02
4928  	 1.4274e-01 	8.1453e-01 	1.6291e-02
4929  	 1.2081e-01 	3.8247e+00 	7.6494e-02
4930  	 1.2175e-01 	4.5205e+00 	9.0411e-02
4931  	 2.1763e-01 	4.0309e+00 	8.0618e-02
4932  	 1.9465e-01 	3.1126e+00 	6.2253e-02
4933  	 1.6526e-01 	7.8040e-01 	1.5608e-02
4934  	 7.2172e-02 	1.1710e+00 	2.3420e-02
4935  	 1.2828e-01 	3.0783e+00 	6.1565e-02
4936  	 9.8108e-02 	6.2823e+00 	1.2565e-01
4937  	 2.4635e-01 	1.8524e+00 	3.7049e-02
4938  	 1.3350e-01 	2.4087e+00 	4.8173e-02
4939  	 2.3845e-01 	4.7132e-01 	9.4264e-03
4940  	 1.1977e-01 	1.6489e+00 	3.2978e-02
4941  	 7.1349e-02 	3.6258e+00 	7.2516e-02
4942  	 1.8933e-01 	3.2325e+00 	6.4650e-02
4943  	 1.5914e-01 	5.4669e-01 	1.0934e-02
4944  	 1.7870e-01 	4.5564e-01 	9.1127e-03
4945  	 1.0398e-01 	9.5316e-01 	1.9063e-02
4946  	 8.5590e-02 	3.5701e+00 	7.1402e-02
4947  	 7.5801e-02 	8.2495e+00 	1.6499e-01
4948  	 4.1364e-01 	9.3862e+00 	1.8772e-01
4949  	 4.7232e-01 	4.4424e+00 	8.8847e-02
4950  	 3.0259e-01 	7.9793e-01 	1.5959e-02
4951  	 1.8573e-01 	8.3134e-01 	1.6627e-02
4952  	 1.0993e-01 	9.0039e-01 	1.8008e-02
4953  	 3.8317e-02 	7.8669e-01 	1.5734e-02
4954  	 1.5835e-01 	2.0319e+00 	4.0639e-02
4955  	 9.6273e-02 	2.7261e+00 	5.4522e-02
4956  	 1.4570e-01 	4.9174e+00 	9.8349e-02
4957  	 1.8023e-01 	3.5102e+00 	7.0204e-02
4958  	 1.8346e-01 	1.1443e+00 	2.2886e-02
4959  	 6.8866e-02 	1.0221e+00 	2.0441e-02
4960  	 1.6521e-01 	1.2297e+00 	2.4593e-02
4961  	 1.8965e-01 	1.1812e+00 	2.3624e-02
4962  	 1.6090e-01 	3.9100e-01 	7.8199e-03
4963  	 5.8363e-02 	3.9354e-01 	7.8708e-03
4964  	 2.7043e-02 	2.1304e+00 	4.2607e-02
4965  	 1.3990e-01 	1.7375e+00 	3.4749e-02
4966  	 1.1678e-01 	3.8325e-01 	7.6650e-03
4967  	 9.3724e-02 	7.8627e-01 	1.5725e-02
4968  	 1.4696e-01 	7.2417e-01 	1.4483e-02
4969  	 1.5848e-01 	4.2551e-01 	8.5101e-03
4970  	 1.5090e-01 	9.2850e-01 	1.8570e-02
4971  	 4.1468e-02 	8.3925e-01 	1.6785e-02
4972  	 1.6112e-01 	1.8589e+00 	3.7179e-02
4973  	 7.3418e-02 	2.4464e+00 	4.8929e-02
4974  	 1.1409e-01 	4.0040e+00 	8.0079e-02
4975  	 2.0908e-01 	5.2147e+00 	1.0429e-01
4976  	 2.0096e-01 	1.6987e+00 	3.3973e-02
4977  	 2.8507e-01 	1.0323e+00 	2.0647e-02
4978  	 2.3636e-01 	1.3881e+00 	2.7762e-02
4979  	 1.0807e-01 	6.4921e-01 	1.2984e-02
4980  	 2.6425e-02 	1.4322e+00 	2.8645e-02
4981  	 8.8940e-02 	1.7739e+00 	3.5478e-02
4982  	 1.0109e-01 	3.7264e-01 	7.4529e-03
4983  	 8.4245e-02 	2.0947e+00 	4.1894e-02
4984  	 6.7447e-02 	3.0713e+00 	6.1426e-02
4985  	 1.1918e-01 	2.1169e+00 	4.2337e-02
4986  	 1.2523e-01 	1.0176e+00 	2.0352e-02
4987  	 2.6376e-02 	5.5696e-01 	1.1139e-02
4988  	 9.5599e-02 	1.3016e+00 	2.6032e-02
4989  	 1.0278e-01 	9.7484e-01 	1.9497e-02
4990  	 1.3232e-01 	1.0810e+00 	2.1621e-02
4991  	 1.1054e-01 	2.6825e+00 	5.3651e-02
4992  	 8.8745e-02 	5.1738e+00 	1.0348e-01
4993  	 1.8229e-01 	2.9439e+00 	5.8878e-02
4994  	 2.2165e-01 	8.1645e-01 	1.6329e-02
4995  	 1.0129e-01 	3.4317e+00 	6.8634e-02
4996  	 1.1422e-01 	5.1831e+00 	1.0366e-01
4997  	 1.9404e-01 	2.9035e+00 	5.8070e-02
4998  	 1.2181e-01 	6.2234e-01 	1.2447e-02
4999  	 5.9077e-02 	1.4102e+00 	2.8205e-02
Max iterations or epochs reached

