Epoch 	Iter. 	loss_func(x) 		||grad(x)|| 	||p||

1 	 0 	 4.2544e+00 	3.0913e+00 	1.5457e+00
1 	 1 	 4.2544e+00 	4.9534e+00 	2.4767e+00
1 	 2 	 5.8958e+00 	8.1846e+00 	4.0923e+00
1 	 3 	 1.0466e+01 	1.8601e+00 	9.3005e-01
1 	 4 	 4.2012e+00 	1.3379e+01 	6.6896e+00
1 	 5 	 1.5415e+01 	9.5254e+00 	4.7627e+00
1 	 6 	 4.4626e+01 	4.1372e+00 	2.0686e+00
1 	 7 	 5.1246e+00 	1.3949e+01 	6.9744e+00
1 	 8 	 1.6834e+01 	1.1398e+01 	5.6992e+00
1 	 9 	 5.4230e+01 	3.2309e+00 	1.6155e+00
1 	 10 	 3.3191e+00 	8.8285e+00 	4.4142e+00
1 	 11 	 1.0063e+01 	8.0099e+00 	4.0050e+00
1 	 12 	 1.8431e+01 	5.2977e+00 	2.6488e+00
1 	 13 	 5.9064e+00 	7.0159e+00 	3.5080e+00
1 	 14 	 9.6301e+00 	8.1830e+00 	4.0915e+00
1 	 15 	 1.1362e+01 	7.7124e+00 	3.8562e+00
1 	 16 	 1.4821e+01 	8.2493e+00 	4.1246e+00
1 	 17 	 1.0871e+01 	7.8282e+00 	3.9141e+00
1 	 18 	 1.4307e+01 	5.3425e+00 	2.6713e+00
1 	 19 	 6.1608e+00 	7.9610e+00 	3.9805e+00
2 	 20 	 8.7113e+00 	1.0984e+01 	5.4919e+00
2 	 21 	 2.2047e+01 	1.1896e+01 	5.9478e+00
2 	 22 	 2.6363e+01 	1.3145e+01 	6.5723e+00
2 	 23 	 3.2351e+01 	9.9935e+00 	4.9967e+00
2 	 24 	 2.8826e+01 	5.9041e+00 	2.9520e+00
2 	 25 	 7.2648e+00 	1.0106e+01 	5.0529e+00
2 	 26 	 1.2372e+01 	1.5159e+01 	7.5795e+00
2 	 27 	 4.5423e+01 	1.5971e+01 	7.9857e+00
2 	 28 	 5.4957e+01 	5.6789e+00 	2.8395e+00
2 	 29 	 1.8878e+01 	3.8963e+00 	1.9482e+00
2 	 30 	 5.0755e+00 	5.6982e-01 	2.8491e-01
2 	 31 	 2.2463e+00 	3.5921e+00 	1.7960e+00
2 	 32 	 3.9378e+00 	6.8181e+00 	3.4090e+00
2 	 33 	 7.2170e+00 	7.3915e+00 	3.6958e+00
2 	 34 	 1.0748e+01 	8.1357e+00 	4.0679e+00
2 	 35 	 1.1095e+01 	9.6807e+00 	4.8403e+00
2 	 36 	 1.7736e+01 	9.0227e+00 	4.5113e+00
2 	 37 	 1.6164e+01 	7.4558e+00 	3.7279e+00
2 	 38 	 1.2440e+01 	5.9208e+00 	2.9604e+00
2 	 39 	 7.0606e+00 	5.9728e+00 	2.9864e+00
3 	 40 	 7.0825e+00 	6.2885e+00 	3.1442e+00
3 	 41 	 8.2456e+00 	1.0220e+01 	5.1102e+00
3 	 42 	 1.3339e+01 	3.8265e+00 	1.9133e+00
3 	 43 	 1.2107e+01 	1.4673e+01 	7.3367e+00
3 	 44 	 1.8608e+01 	1.0086e+01 	5.0432e+00
3 	 45 	 4.9514e+01 	2.6555e+00 	1.3277e+00
3 	 46 	 3.8601e+00 	4.1876e+00 	2.0938e+00
3 	 47 	 5.6195e+00 	9.8728e+00 	4.9364e+00
3 	 48 	 1.1825e+01 	1.3286e+01 	6.6429e+00
3 	 49 	 3.9200e+01 	7.9572e+00 	3.9786e+00
3 	 50 	 1.9520e+01 	2.3203e+00 	1.1601e+00
3 	 51 	 2.7072e+00 	4.7223e+00 	2.3612e+00
3 	 52 	 3.8386e+00 	1.2230e+01 	6.1150e+00
3 	 53 	 1.8174e+01 	1.2150e+01 	6.0751e+00
3 	 54 	 3.8092e+01 	8.7281e+00 	4.3640e+00
3 	 55 	 1.4942e+01 	5.6834e+00 	2.8417e+00
3 	 56 	 9.6068e+00 	2.2272e+00 	1.1136e+00
3 	 57 	 2.6301e+00 	2.0025e+00 	1.0012e+00
3 	 58 	 2.9466e+00 	2.1093e+00 	1.0546e+00
3 	 59 	 2.7549e+00 	1.6611e+00 	8.3057e-01
4 	 60 	 2.7682e+00 	1.2297e+00 	6.1483e-01
4 	 61 	 3.9544e+00 	3.5951e-01 	1.7976e-01
4 	 62 	 1.8669e+00 	5.6213e-01 	2.8106e-01
4 	 63 	 2.2717e+00 	3.9458e+00 	1.9729e+00
4 	 64 	 4.0709e+00 	4.7546e+00 	2.3773e+00
4 	 65 	 6.2780e+00 	6.7690e+00 	3.3845e+00
4 	 66 	 5.9209e+00 	1.0975e+01 	5.4876e+00
4 	 67 	 2.0913e+01 	7.9392e+00 	3.9696e+00
4 	 68 	 1.9180e+01 	1.8819e+00 	9.4096e-01
4 	 69 	 2.3784e+00 	1.0714e-01 	5.3572e-02
4 	 70 	 2.0367e+00 	5.4008e-01 	2.7004e-01
4 	 71 	 3.0478e+00 	1.3602e+00 	6.8012e-01
4 	 72 	 2.9444e+00 	5.3935e+00 	2.6967e+00
4 	 73 	 5.5003e+00 	7.0752e+00 	3.5376e+00
4 	 74 	 9.8880e+00 	7.8575e+00 	3.9287e+00
4 	 75 	 1.0773e+01 	1.1467e+01 	5.7335e+00
4 	 76 	 1.9039e+01 	1.1715e+01 	5.8575e+00
4 	 77 	 4.1699e+01 	1.1449e+01 	5.7244e+00
4 	 78 	 1.8608e+01 	1.1341e+01 	5.6705e+00
4 	 79 	 3.1263e+01 	3.7961e+00 	1.8980e+00
5 	 80 	 7.2428e+00 	8.1474e-01 	4.0737e-01
5 	 81 	 3.1894e+00 	1.0183e-01 	5.0913e-02
5 	 82 	 3.5808e+00 	2.8422e+00 	1.4211e+00
5 	 83 	 3.2261e+00 	5.9794e+00 	2.9897e+00
5 	 84 	 6.7077e+00 	9.6979e+00 	4.8490e+00
5 	 85 	 1.2381e+01 	1.3893e+01 	6.9467e+00
5 	 86 	 3.7139e+01 	1.1440e+01 	5.7200e+00
5 	 87 	 3.6678e+01 	1.2622e+01 	6.3112e+00
5 	 88 	 1.6194e+01 	1.1507e+01 	5.7533e+00
5 	 89 	 4.4627e+01 	8.8225e+00 	4.4112e+00
5 	 90 	 8.6366e+00 	1.3041e+01 	6.5206e+00
5 	 91 	 3.0687e+01 	1.5990e+01 	7.9951e+00
5 	 92 	 4.5677e+01 	9.6305e+00 	4.8152e+00
5 	 93 	 3.9627e+01 	1.6147e+00 	8.0735e-01
5 	 94 	 2.7559e+00 	2.8671e+00 	1.4335e+00
5 	 95 	 2.9175e+00 	3.3001e+00 	1.6501e+00
5 	 96 	 3.5271e+00 	4.8647e+00 	2.4324e+00
5 	 97 	 5.3026e+00 	7.1926e+00 	3.5963e+00
5 	 98 	 1.0118e+01 	3.2813e+00 	1.6407e+00
5 	 99 	 4.6473e+00 	7.8988e-01 	3.9494e-01
6 	 100 	 1.3069e+00 	4.2285e+00 	2.1143e+00
6 	 101 	 5.1197e+00 	9.5160e+00 	4.7580e+00
6 	 102 	 1.0708e+01 	9.3586e+00 	4.6793e+00
6 	 103 	 2.2861e+01 	1.3162e+01 	6.5808e+00
6 	 104 	 1.4255e+01 	5.7904e+00 	2.8952e+00
6 	 105 	 2.7943e+01 	7.2677e+00 	3.6339e+00
6 	 106 	 1.3052e+01 	6.3023e+00 	3.1512e+00
6 	 107 	 7.7709e+00 	8.3611e+00 	4.1806e+00
6 	 108 	 1.1377e+01 	9.6205e+00 	4.8103e+00
6 	 109 	 1.7906e+01 	7.3070e+00 	3.6535e+00
6 	 110 	 1.4033e+01 	4.1988e+00 	2.0994e+00
6 	 111 	 4.4553e+00 	6.3314e+00 	3.1657e+00
6 	 112 	 6.4174e+00 	9.6018e+00 	4.8009e+00
6 	 113 	 1.6542e+01 	5.2898e+00 	2.6449e+00
6 	 114 	 9.0347e+00 	3.4415e+00 	1.7208e+00
6 	 115 	 2.7292e+00 	8.7276e+00 	4.3638e+00
6 	 116 	 1.1082e+01 	1.0765e+01 	5.3825e+00
6 	 117 	 1.9258e+01 	5.9134e+00 	2.9567e+00
6 	 118 	 1.4298e+01 	1.4081e+00 	7.0404e-01
6 	 119 	 2.9434e+00 	3.7077e+00 	1.8539e+00
7 	 120 	 3.2290e+00 	9.2123e+00 	4.6062e+00
7 	 121 	 9.4289e+00 	7.9420e+00 	3.9710e+00
7 	 122 	 2.2993e+01 	3.0487e+00 	1.5244e+00
7 	 123 	 3.0170e+00 	3.8391e+00 	1.9195e+00
7 	 124 	 3.6424e+00 	5.5775e+00 	2.7887e+00
7 	 125 	 5.6386e+00 	3.5300e+00 	1.7650e+00
7 	 126 	 5.1187e+00 	1.9293e+00 	9.6466e-01
7 	 127 	 3.5817e+00 	9.5683e+00 	4.7842e+00
7 	 128 	 7.9928e+00 	7.6863e+00 	3.8431e+00
7 	 129 	 2.5929e+01 	1.1174e-01 	5.5868e-02
7 	 130 	 3.2905e+00 	2.3899e+00 	1.1950e+00
7 	 131 	 3.0610e+00 	5.9622e-01 	2.9811e-01
7 	 132 	 9.4377e-01 	1.0310e+01 	5.1548e+00
7 	 133 	 9.6605e+00 	1.0072e+01 	5.0359e+00
7 	 134 	 3.4964e+01 	2.0764e+00 	1.0382e+00
7 	 135 	 3.0981e+00 	1.8740e-01 	9.3698e-02
7 	 136 	 2.8512e+00 	9.0439e-01 	4.5220e-01
7 	 137 	 2.2144e+00 	1.4376e+00 	7.1881e-01
7 	 138 	 2.9510e+00 	7.8992e-01 	3.9496e-01
7 	 139 	 3.5972e+00 	2.6944e+00 	1.3472e+00
8 	 140 	 3.3351e+00 	7.0797e+00 	3.5399e+00
8 	 141 	 7.8678e+00 	1.3289e+01 	6.6444e+00
8 	 142 	 2.1239e+01 	9.5928e+00 	4.7964e+00
8 	 143 	 3.7361e+01 	4.2657e+00 	2.1329e+00
8 	 144 	 4.1479e+00 	8.1213e+00 	4.0607e+00
8 	 145 	 1.0609e+01 	9.6640e+00 	4.8320e+00
8 	 146 	 1.7804e+01 	7.3797e+00 	3.6899e+00
8 	 147 	 1.4559e+01 	4.9419e+00 	2.4709e+00
8 	 148 	 5.0455e+00 	8.4264e+00 	4.2132e+00
8 	 149 	 9.1645e+00 	1.7792e+01 	8.8962e+00
8 	 150 	 4.1905e+01 	1.9023e+01 	9.5114e+00
8 	 151 	 9.8842e+01 	9.9785e+00 	4.9892e+00
8 	 152 	 2.9009e+01 	5.4585e+00 	2.7292e+00
8 	 153 	 6.3555e+00 	1.9767e+00 	9.8834e-01
8 	 154 	 2.2675e+00 	1.2132e+00 	6.0662e-01
8 	 155 	 2.8694e+00 	8.7130e-01 	4.3565e-01
8 	 156 	 3.4167e+00 	1.5451e+00 	7.7254e-01
8 	 157 	 2.7039e+00 	5.0061e+00 	2.5031e+00
8 	 158 	 3.9101e+00 	8.6684e+00 	4.3342e+00
8 	 159 	 1.0321e+01 	1.0812e+01 	5.4059e+00
9 	 160 	 1.9463e+01 	1.1883e+01 	5.9415e+00
9 	 161 	 2.6833e+01 	7.5942e+00 	3.7971e+00
9 	 162 	 1.8961e+01 	4.9755e+00 	2.4878e+00
9 	 163 	 4.1920e+00 	5.9213e+00 	2.9607e+00
9 	 164 	 6.7199e+00 	3.5272e+00 	1.7636e+00
9 	 165 	 3.6526e+00 	6.2860e+00 	3.1430e+00
9 	 166 	 5.2544e+00 	1.1709e+01 	5.8546e+00
9 	 167 	 2.2349e+01 	5.6719e+00 	2.8360e+00
9 	 168 	 1.4555e+01 	3.5546e-01 	1.7773e-01
9 	 169 	 2.6143e+00 	8.8785e-01 	4.4392e-01
9 	 170 	 2.3927e+00 	2.4570e+00 	1.2285e+00
9 	 171 	 3.1243e+00 	5.6520e+00 	2.8260e+00
9 	 172 	 4.7218e+00 	8.5774e+00 	4.2887e+00
9 	 173 	 1.2675e+01 	7.1740e+00 	3.5870e+00
9 	 174 	 1.0044e+01 	8.9313e+00 	4.4657e+00
9 	 175 	 1.0369e+01 	3.9313e+00 	1.9657e+00
9 	 176 	 9.6126e+00 	2.4671e+00 	1.2335e+00
9 	 177 	 3.7259e+00 	3.9967e+00 	1.9983e+00
9 	 178 	 4.8800e+00 	1.0302e+01 	5.1510e+00
9 	 179 	 1.2849e+01 	1.1304e+01 	5.6520e+00
10 	 180 	 3.0087e+01 	1.5065e+01 	7.5324e+00
10 	 181 	 2.3257e+01 	7.6798e+00 	3.8399e+00
10 	 182 	 3.6766e+01 	6.2218e+00 	3.1109e+00
10 	 183 	 7.2387e+00 	1.0051e+01 	5.0255e+00
10 	 184 	 1.2577e+01 	1.1271e+01 	5.6353e+00
10 	 185 	 2.9230e+01 	5.6157e+00 	2.8079e+00
10 	 186 	 8.7544e+00 	7.7664e+00 	3.8832e+00
10 	 187 	 6.5707e+00 	7.9640e+00 	3.9820e+00
10 	 188 	 2.1192e+01 	5.1827e+00 	2.5914e+00
10 	 189 	 5.1404e+00 	1.1125e+01 	5.5626e+00
10 	 190 	 1.6249e+01 	9.6139e+00 	4.8069e+00
10 	 191 	 3.0927e+01 	5.3448e+00 	2.6724e+00
10 	 192 	 5.1278e+00 	6.1361e+00 	3.0680e+00
10 	 193 	 7.9159e+00 	1.0147e+01 	5.0733e+00
10 	 194 	 1.1997e+01 	9.4153e+00 	4.7077e+00
10 	 195 	 2.5469e+01 	7.7294e+00 	3.8647e+00
10 	 196 	 6.6213e+00 	9.1067e+00 	4.5534e+00
10 	 197 	 1.7280e+01 	6.9342e+00 	3.4671e+00
10 	 198 	 8.4933e+00 	1.3112e+01 	6.5562e+00
10 	 199 	 1.8022e+01 	1.3967e+01 	6.9834e+00
11 	 200 	 6.1576e+01 	6.4253e+00 	3.2127e+00
11 	 201 	 9.2366e+00 	9.0348e+00 	4.5174e+00
11 	 202 	 8.9604e+00 	7.5015e+00 	3.7508e+00
11 	 203 	 1.8197e+01 	4.7684e-01 	2.3842e-01
11 	 204 	 2.1973e+00 	4.7361e-01 	2.3681e-01
11 	 205 	 1.8624e+00 	9.9721e-01 	4.9860e-01
11 	 206 	 2.5302e+00 	3.8771e+00 	1.9386e+00
11 	 207 	 4.0980e+00 	6.0594e+00 	3.0297e+00
11 	 208 	 8.2709e+00 	6.4146e+00 	3.2073e+00
11 	 209 	 7.0302e+00 	6.0890e+00 	3.0445e+00
11 	 210 	 7.0292e+00 	5.7128e+00 	2.8564e+00
11 	 211 	 6.2493e+00 	6.2250e+00 	3.1125e+00
11 	 212 	 7.6482e+00 	7.1702e+00 	3.5851e+00
11 	 213 	 1.0057e+01 	1.0357e+01 	5.1787e+00
11 	 214 	 1.6147e+01 	5.9819e+00 	2.9910e+00
11 	 215 	 1.4253e+01 	4.1385e+00 	2.0692e+00
11 	 216 	 4.0362e+00 	7.6062e+00 	3.8031e+00
11 	 217 	 9.3154e+00 	1.0970e+01 	5.4849e+00
11 	 218 	 1.5742e+01 	7.4752e+00 	3.7376e+00
11 	 219 	 1.8554e+01 	1.0322e+00 	5.1608e-01
12 	 220 	 1.3539e+00 	6.5871e+00 	3.2936e+00
12 	 221 	 5.9064e+00 	8.9072e+00 	4.4536e+00
12 	 222 	 1.5941e+01 	9.0167e+00 	4.5083e+00
12 	 223 	 1.2662e+01 	1.1327e+01 	5.6633e+00
12 	 224 	 2.4709e+01 	1.1897e+01 	5.9486e+00
12 	 225 	 2.9085e+01 	1.2991e+01 	6.4953e+00
12 	 226 	 2.7768e+01 	7.9004e+00 	3.9502e+00
12 	 227 	 2.5887e+01 	6.4085e+00 	3.2043e+00
12 	 228 	 5.0974e+00 	1.1847e+01 	5.9235e+00
12 	 229 	 2.4569e+01 	7.4732e+00 	3.7366e+00
12 	 230 	 1.6598e+01 	2.3944e+00 	1.1972e+00
12 	 231 	 3.0098e+00 	3.7604e+00 	1.8802e+00
12 	 232 	 3.3655e+00 	1.1969e+01 	5.9846e+00
12 	 233 	 1.2339e+01 	1.1427e+01 	5.7134e+00
12 	 234 	 4.3898e+01 	9.2529e+00 	4.6265e+00
12 	 235 	 7.8741e+00 	5.6958e+00 	2.8479e+00
12 	 236 	 1.6331e+01 	1.6604e+00 	8.3019e-01
12 	 237 	 1.7422e+00 	2.0091e+00 	1.0045e+00
12 	 238 	 3.1127e+00 	5.3485e+00 	2.6743e+00
12 	 239 	 4.5780e+00 	5.1999e+00 	2.5999e+00
13 	 240 	 7.1587e+00 	5.2459e+00 	2.6230e+00
13 	 241 	 4.6855e+00 	1.0546e+01 	5.2728e+00
13 	 242 	 1.3921e+01 	7.5784e+00 	3.7892e+00
13 	 243 	 2.0307e+01 	2.7059e-01 	1.3529e-01
13 	 244 	 3.5651e+00 	2.9039e+00 	1.4519e+00
13 	 245 	 2.5166e+00 	5.2649e+00 	2.6325e+00
13 	 246 	 5.9477e+00 	4.3954e+00 	2.1977e+00
13 	 247 	 4.5750e+00 	2.9202e+00 	1.4601e+00
13 	 248 	 3.3822e+00 	1.0580e+00 	5.2898e-01
13 	 249 	 3.1090e+00 	1.6126e+00 	8.0632e-01
13 	 250 	 2.8756e+00 	4.2878e+00 	2.1439e+00
13 	 251 	 4.6422e+00 	6.2409e+00 	3.1205e+00
13 	 252 	 7.0942e+00 	9.0406e+00 	4.5203e+00
13 	 253 	 1.2299e+01 	7.8705e+00 	3.9352e+00
13 	 254 	 1.7570e+01 	7.4214e+00 	3.7107e+00
13 	 255 	 6.6441e+00 	1.1703e+01 	5.8515e+00
13 	 256 	 2.0909e+01 	1.1305e+01 	5.6526e+00
13 	 257 	 2.7599e+01 	7.6162e+00 	3.8081e+00
13 	 258 	 1.2989e+01 	3.6836e+00 	1.8418e+00
13 	 259 	 3.7718e+00 	4.6893e+00 	2.3446e+00
14 	 260 	 3.4136e+00 	8.1319e+00 	4.0660e+00
14 	 261 	 1.1215e+01 	9.2436e+00 	4.6218e+00
14 	 262 	 1.3229e+01 	5.5393e+00 	2.7696e+00
14 	 263 	 1.0776e+01 	1.9615e-01 	9.8077e-02
14 	 264 	 1.5883e+00 	3.8936e+00 	1.9468e+00
14 	 265 	 3.5151e+00 	5.3898e+00 	2.6949e+00
14 	 266 	 5.6409e+00 	8.4652e+00 	4.2326e+00
14 	 267 	 8.1998e+00 	1.4924e+01 	7.4618e+00
14 	 268 	 3.5083e+01 	1.0059e+01 	5.0297e+00
14 	 269 	 3.5685e+01 	4.9044e+00 	2.4522e+00
14 	 270 	 4.7875e+00 	6.8888e+00 	3.4444e+00
14 	 271 	 8.3416e+00 	9.3091e+00 	4.6545e+00
14 	 272 	 1.1655e+01 	9.8196e+00 	4.9098e+00
14 	 273 	 2.4711e+01 	6.2998e+00 	3.1499e+00
14 	 274 	 9.4954e+00 	2.5289e+00 	1.2645e+00
14 	 275 	 3.5995e+00 	3.7540e-01 	1.8770e-01
14 	 276 	 2.2770e+00 	3.8684e-01 	1.9342e-01
14 	 277 	 2.1999e+00 	9.3027e-01 	4.6514e-01
14 	 278 	 2.3568e+00 	1.0707e+00 	5.3537e-01
14 	 279 	 2.2414e+00 	3.5158e+00 	1.7579e+00
15 	 280 	 3.9751e+00 	1.3747e+01 	6.8737e+00
15 	 281 	 1.3816e+01 	5.6944e+00 	2.8472e+00
15 	 282 	 2.6020e+01 	9.1027e+00 	4.5514e+00
15 	 283 	 1.7105e+01 	1.0350e+01 	5.1748e+00
15 	 284 	 1.3249e+01 	7.5470e+00 	3.7735e+00
15 	 285 	 1.9467e+01 	4.7238e+00 	2.3619e+00
15 	 286 	 4.1586e+00 	1.1367e+01 	5.6836e+00
15 	 287 	 1.6845e+01 	8.0293e+00 	4.0146e+00
15 	 288 	 2.3111e+01 	1.7486e+00 	8.7428e-01
15 	 289 	 2.9312e+00 	2.2888e+00 	1.1444e+00
15 	 290 	 2.4694e+00 	1.6938e-01 	8.4691e-02
15 	 291 	 2.1293e+00 	2.8516e+00 	1.4258e+00
15 	 292 	 2.5829e+00 	3.1830e+00 	1.5915e+00
15 	 293 	 2.8686e+00 	4.4281e+00 	2.2140e+00
15 	 294 	 4.3593e+00 	7.8390e+00 	3.9195e+00
15 	 295 	 8.4227e+00 	1.0737e+01 	5.3683e+00
15 	 296 	 1.7304e+01 	7.9217e+00 	3.9609e+00
15 	 297 	 1.8410e+01 	5.3151e+00 	2.6575e+00
15 	 298 	 4.8343e+00 	6.5034e+00 	3.2517e+00
15 	 299 	 7.4562e+00 	8.6077e+00 	4.3038e+00
16 	 300 	 1.0667e+01 	7.8563e+00 	3.9282e+00
16 	 301 	 1.8221e+01 	7.6517e+00 	3.8258e+00
16 	 302 	 8.1004e+00 	9.7890e+00 	4.8945e+00
16 	 303 	 1.8983e+01 	1.2306e+01 	6.1531e+00
16 	 304 	 1.9879e+01 	1.0061e+01 	5.0306e+00
16 	 305 	 3.0332e+01 	1.4244e+00 	7.1219e-01
16 	 306 	 1.5215e+00 	2.6978e+00 	1.3489e+00
16 	 307 	 4.4937e+00 	5.5692e+00 	2.7846e+00
16 	 308 	 5.2273e+00 	6.2031e+00 	3.1015e+00
16 	 309 	 7.4801e+00 	2.1024e+00 	1.0512e+00
16 	 310 	 1.9985e+00 	3.1775e+00 	1.5888e+00
16 	 311 	 3.1670e+00 	6.9073e+00 	3.4537e+00
16 	 312 	 6.2807e+00 	1.2812e+01 	6.4060e+00
16 	 313 	 1.9432e+01 	1.1422e+01 	5.7109e+00
16 	 314 	 3.9226e+01 	3.5419e+00 	1.7709e+00
16 	 315 	 3.3601e+00 	6.1196e-01 	3.0598e-01
16 	 316 	 1.8448e+00 	5.1131e+00 	2.5566e+00
16 	 317 	 4.0395e+00 	1.2836e+01 	6.4182e+00
16 	 318 	 1.9575e+01 	9.5176e+00 	4.7588e+00
16 	 319 	 3.4921e+01 	7.9918e-01 	3.9959e-01
17 	 320 	 2.6481e+00 	2.9912e+00 	1.4956e+00
17 	 321 	 2.2861e+00 	8.5393e+00 	4.2697e+00
17 	 322 	 8.3128e+00 	1.2981e+01 	6.4907e+00
17 	 323 	 2.7678e+01 	1.1955e+01 	5.9774e+00
17 	 324 	 3.4489e+01 	6.5350e+00 	3.2675e+00
17 	 325 	 1.0450e+01 	5.2713e+00 	2.6357e+00
17 	 326 	 4.3229e+00 	5.0724e+00 	2.5362e+00
17 	 327 	 7.1810e+00 	4.2019e+00 	2.1010e+00
17 	 328 	 4.1634e+00 	5.8839e+00 	2.9420e+00
17 	 329 	 5.5649e+00 	6.6896e+00 	3.3448e+00
17 	 330 	 8.9429e+00 	9.1299e+00 	4.5649e+00
17 	 331 	 1.0623e+01 	7.8609e+00 	3.9304e+00
17 	 332 	 1.7228e+01 	1.8447e+00 	9.2237e-01
17 	 333 	 2.3449e+00 	3.6620e-01 	1.8310e-01
17 	 334 	 2.7883e+00 	1.2989e+00 	6.4944e-01
17 	 335 	 1.1829e+00 	2.2680e+00 	1.1340e+00
17 	 336 	 2.0830e+00 	2.4736e+00 	1.2368e+00
17 	 337 	 3.7468e+00 	4.4882e+00 	2.2441e+00
17 	 338 	 5.0212e+00 	4.1210e+00 	2.0605e+00
17 	 339 	 4.4520e+00 	4.9770e+00 	2.4885e+00
18 	 340 	 4.7604e+00 	8.9975e+00 	4.4988e+00
18 	 341 	 1.2008e+01 	3.6523e+00 	1.8261e+00
18 	 342 	 6.7111e+00 	3.1396e+00 	1.5698e+00
18 	 343 	 4.0530e+00 	4.6438e+00 	2.3219e+00
18 	 344 	 4.6602e+00 	3.3228e+00 	1.6614e+00
18 	 345 	 3.5908e+00 	1.0667e+00 	5.3334e-01
18 	 346 	 1.5892e+00 	4.2657e+00 	2.1328e+00
18 	 347 	 4.1578e+00 	8.0597e+00 	4.0298e+00
18 	 348 	 8.5944e+00 	8.6682e+00 	4.3341e+00
18 	 349 	 1.3350e+01 	8.3888e+00 	4.1944e+00
18 	 350 	 9.9119e+00 	8.4893e+00 	4.2446e+00
18 	 351 	 1.4029e+01 	9.1317e+00 	4.5659e+00
18 	 352 	 1.3056e+01 	1.0525e+01 	5.2623e+00
18 	 353 	 1.8304e+01 	9.8113e+00 	4.9056e+00
18 	 354 	 1.9519e+01 	4.8350e+00 	2.4175e+00
18 	 355 	 5.9664e+00 	7.2414e-02 	3.6207e-02
18 	 356 	 1.6511e+00 	2.2762e+00 	1.1381e+00
18 	 357 	 3.1393e+00 	4.7396e+00 	2.3698e+00
18 	 358 	 3.7750e+00 	6.4038e+00 	3.2019e+00
18 	 359 	 7.4379e+00 	5.6925e+00 	2.8463e+00
19 	 360 	 7.4571e+00 	5.9119e+00 	2.9560e+00
19 	 361 	 6.0435e+00 	7.5683e+00 	3.7842e+00
19 	 362 	 9.3103e+00 	9.0188e+00 	4.5094e+00
19 	 363 	 1.2371e+01 	1.0017e+01 	5.0087e+00
19 	 364 	 1.6021e+01 	9.5706e+00 	4.7853e+00
19 	 365 	 1.7990e+01 	7.1053e+00 	3.5526e+00
19 	 366 	 1.1233e+01 	9.7876e+00 	4.8938e+00
19 	 367 	 9.5488e+00 	7.4382e+00 	3.7191e+00
19 	 368 	 1.7847e+01 	1.8774e+00 	9.3870e-01
19 	 369 	 2.9619e+00 	8.7853e+00 	4.3926e+00
19 	 370 	 7.0948e+00 	5.6764e+00 	2.8382e+00
19 	 371 	 1.4323e+01 	2.5640e+00 	1.2820e+00
19 	 372 	 2.5388e+00 	5.0090e+00 	2.5045e+00
19 	 373 	 4.3819e+00 	4.6490e+00 	2.3245e+00
19 	 374 	 5.8656e+00 	2.8550e+00 	1.4275e+00
19 	 375 	 3.2436e+00 	4.3364e+00 	2.1682e+00
19 	 376 	 3.2058e+00 	8.9358e+00 	4.4679e+00
19 	 377 	 9.3649e+00 	1.1191e+01 	5.5955e+00
19 	 378 	 2.5218e+01 	5.7799e+00 	2.8899e+00
19 	 379 	 1.0966e+01 	4.0967e+00 	2.0483e+00
20 	 380 	 4.2324e+00 	7.8229e+00 	3.9114e+00
20 	 381 	 8.9198e+00 	1.0147e+01 	5.0737e+00
20 	 382 	 1.5162e+01 	1.7654e+01 	8.8268e+00
20 	 383 	 3.4728e+01 	1.3372e+01 	6.6859e+00
20 	 384 	 6.8959e+01 	3.0148e+00 	1.5074e+00
20 	 385 	 2.6501e+00 	3.1236e+00 	1.5618e+00
20 	 386 	 3.2118e+00 	8.0220e+00 	4.0110e+00
20 	 387 	 6.3347e+00 	1.1444e+01 	5.7221e+00
20 	 388 	 3.1482e+01 	9.4135e+00 	4.7068e+00
20 	 389 	 1.4622e+01 	9.1266e+00 	4.5633e+00
20 	 390 	 1.6274e+01 	9.3947e+00 	4.6974e+00
20 	 391 	 1.4134e+01 	1.3370e+01 	6.6851e+00
20 	 392 	 2.0196e+01 	1.4063e+01 	7.0316e+00
20 	 393 	 4.7337e+01 	8.8141e+00 	4.4071e+00
20 	 394 	 1.4782e+01 	6.6843e+00 	3.3421e+00
20 	 395 	 7.8030e+00 	1.1781e+01 	5.8906e+00
20 	 396 	 1.6592e+01 	7.9273e+00 	3.9636e+00
20 	 397 	 2.9828e+01 	9.2388e-01 	4.6194e-01
20 	 398 	 2.9152e+00 	1.3495e+00 	6.7476e-01
20 	 399 	 1.4271e+00 	4.9599e+00 	2.4799e+00
21 	 400 	 3.9995e+00 	3.7159e+00 	1.8580e+00
21 	 401 	 3.2850e+00 	2.1803e+00 	1.0901e+00
21 	 402 	 2.5979e+00 	2.4165e+00 	1.2082e+00
21 	 403 	 2.7072e+00 	1.8334e+00 	9.1670e-01
21 	 404 	 2.3982e+00 	4.2290e+00 	2.1145e+00
21 	 405 	 4.9100e+00 	7.2747e+00 	3.6374e+00
21 	 406 	 8.2067e+00 	8.5066e+00 	4.2533e+00
21 	 407 	 1.0220e+01 	4.8799e+00 	2.4400e+00
21 	 408 	 7.5108e+00 	2.7683e+00 	1.3841e+00
21 	 409 	 2.3001e+00 	4.2318e+00 	2.1159e+00
21 	 410 	 4.8981e+00 	5.1516e+00 	2.5758e+00
21 	 411 	 4.2692e+00 	7.2276e+00 	3.6138e+00
21 	 412 	 7.9557e+00 	1.0286e+01 	5.1429e+00
21 	 413 	 1.2718e+01 	1.4982e+01 	7.4908e+00
21 	 414 	 3.4418e+01 	1.0021e+01 	5.0104e+00
21 	 415 	 3.5075e+01 	3.3239e+00 	1.6620e+00
21 	 416 	 3.4654e+00 	6.5257e+00 	3.2628e+00
21 	 417 	 5.5112e+00 	5.2295e+00 	2.6148e+00
21 	 418 	 7.7439e+00 	2.7488e+00 	1.3744e+00
21 	 419 	 2.2391e+00 	5.4527e+00 	2.7263e+00
22 	 420 	 5.5102e+00 	6.5675e+00 	3.2838e+00
22 	 421 	 7.2816e+00 	9.6849e+00 	4.8425e+00
22 	 422 	 1.1804e+01 	5.9538e+00 	2.9769e+00
22 	 423 	 1.4771e+01 	1.5197e+00 	7.5985e-01
22 	 424 	 1.8587e+00 	1.5031e+00 	7.5156e-01
22 	 425 	 1.6640e+00 	1.2459e+00 	6.2297e-01
22 	 426 	 2.1119e+00 	3.8902e+00 	1.9451e+00
22 	 427 	 4.3052e+00 	1.0661e+01 	5.3304e+00
22 	 428 	 1.2066e+01 	1.1313e+01 	5.6565e+00
22 	 429 	 3.1476e+01 	5.3751e+00 	2.6875e+00
22 	 430 	 7.9895e+00 	2.5577e+00 	1.2789e+00
22 	 431 	 2.4706e+00 	3.4005e+00 	1.7002e+00
22 	 432 	 2.7034e+00 	3.0757e+00 	1.5379e+00
22 	 433 	 3.7733e+00 	3.5025e+00 	1.7512e+00
22 	 434 	 3.0946e+00 	4.7563e+00 	2.3781e+00
22 	 435 	 4.5906e+00 	5.3910e+00 	2.6955e+00
22 	 436 	 4.4944e+00 	3.8126e+00 	1.9063e+00
22 	 437 	 4.3416e+00 	7.8294e-01 	3.9147e-01
22 	 438 	 1.9650e+00 	3.8021e+00 	1.9010e+00
22 	 439 	 4.5835e+00 	6.2204e+00 	3.1102e+00
23 	 440 	 6.4755e+00 	6.7207e+00 	3.3604e+00
23 	 441 	 8.6170e+00 	4.7527e+00 	2.3763e+00
23 	 442 	 4.9908e+00 	5.3021e+00 	2.6511e+00
23 	 443 	 3.9601e+00 	6.8803e+00 	3.4402e+00
23 	 444 	 9.6646e+00 	7.5085e+00 	3.7543e+00
23 	 445 	 7.4956e+00 	1.0220e+01 	5.1100e+00
23 	 446 	 1.6871e+01 	1.3750e+01 	6.8749e+00
23 	 447 	 2.8773e+01 	7.5174e+00 	3.7587e+00
23 	 448 	 2.1973e+01 	1.4797e+00 	7.3983e-01
23 	 449 	 1.9065e+00 	5.5286e+00 	2.7643e+00
23 	 450 	 3.8844e+00 	8.8052e+00 	4.4026e+00
23 	 451 	 1.5151e+01 	7.4549e+00 	3.7275e+00
23 	 452 	 1.1521e+01 	7.7263e+00 	3.8631e+00
23 	 453 	 1.0135e+01 	1.1467e+01 	5.7337e+00
23 	 454 	 2.1054e+01 	1.1175e+01 	5.5873e+00
23 	 455 	 2.7101e+01 	3.7324e+00 	1.8662e+00
23 	 456 	 5.5087e+00 	1.5779e+00 	7.8895e-01
23 	 457 	 1.6609e+00 	2.2125e+00 	1.1063e+00
23 	 458 	 2.8184e+00 	1.1908e+00 	5.9542e-01
23 	 459 	 3.2963e+00 	4.1743e-01 	2.0872e-01
24 	 460 	 1.8065e+00 	9.3978e-01 	4.6989e-01
24 	 461 	 1.6378e+00 	7.9065e-01 	3.9533e-01
24 	 462 	 1.8261e+00 	7.8594e-01 	3.9297e-01
24 	 463 	 1.1809e+00 	2.8817e+00 	1.4408e+00
24 	 464 	 2.5341e+00 	7.0416e+00 	3.5208e+00
24 	 465 	 6.2439e+00 	6.8782e+00 	3.4391e+00
24 	 466 	 1.0713e+01 	2.9092e+00 	1.4546e+00
24 	 467 	 3.3411e+00 	3.0570e+00 	1.5285e+00
24 	 468 	 2.3431e+00 	4.6855e+00 	2.3427e+00
24 	 469 	 3.9222e+00 	6.4315e+00 	3.2157e+00
24 	 470 	 6.0910e+00 	7.1083e+00 	3.5541e+00
24 	 471 	 1.1070e+01 	6.8380e+00 	3.4190e+00
24 	 472 	 1.0461e+01 	4.0543e+00 	2.0271e+00
24 	 473 	 3.7599e+00 	1.7305e+00 	8.6523e-01
24 	 474 	 1.1122e+00 	3.9802e+00 	1.9901e+00
24 	 475 	 4.8071e+00 	5.5431e+00 	2.7716e+00
24 	 476 	 5.2769e+00 	4.9473e+00 	2.4736e+00
24 	 477 	 8.1054e+00 	3.5794e+00 	1.7897e+00
24 	 478 	 2.6849e+00 	8.7083e+00 	4.3542e+00
24 	 479 	 8.7595e+00 	5.9185e+00 	2.9592e+00
25 	 480 	 1.2924e+01 	1.0148e-01 	5.0740e-02
25 	 481 	 1.4332e+00 	5.0216e-01 	2.5108e-01
25 	 482 	 2.4024e+00 	6.3941e-01 	3.1970e-01
25 	 483 	 1.8601e+00 	1.4219e-01 	7.1096e-02
25 	 484 	 1.4002e+00 	2.7176e-02 	1.3588e-02
25 	 485 	 2.6671e+00 	2.0832e+00 	1.0416e+00
25 	 486 	 1.9846e+00 	2.6128e+00 	1.3064e+00
25 	 487 	 3.1110e+00 	4.2376e+00 	2.1188e+00
25 	 488 	 3.6240e+00 	1.1701e+01 	5.8506e+00
25 	 489 	 1.3768e+01 	3.9868e+00 	1.9934e+00
25 	 490 	 1.3970e+01 	7.3777e+00 	3.6889e+00
25 	 491 	 1.1205e+01 	5.3120e+00 	2.6560e+00
25 	 492 	 6.7141e+00 	1.8047e+00 	9.0235e-01
25 	 493 	 1.8794e+00 	3.1265e+00 	1.5633e+00
25 	 494 	 2.0096e+00 	6.0251e+00 	3.0125e+00
25 	 495 	 6.8049e+00 	7.7005e+00 	3.8502e+00
25 	 496 	 1.0372e+01 	4.3036e+00 	2.1518e+00
25 	 497 	 4.9413e+00 	4.3743e-01 	2.1871e-01
25 	 498 	 2.3110e+00 	5.4774e-02 	2.7387e-02
25 	 499 	 2.1472e+00 	2.5623e+00 	1.2812e+00
26 	 500 	 2.2626e+00 	1.3907e+00 	6.9536e-01
26 	 501 	 2.0431e+00 	4.3339e-01 	2.1670e-01
26 	 502 	 1.7932e+00 	1.9447e+00 	9.7235e-01
26 	 503 	 2.2646e+00 	1.1365e+00 	5.6825e-01
26 	 504 	 1.8606e+00 	3.8131e-01 	1.9066e-01
26 	 505 	 2.4754e+00 	7.8432e-01 	3.9216e-01
26 	 506 	 1.7712e+00 	4.2908e+00 	2.1454e+00
26 	 507 	 3.2434e+00 	2.5882e+00 	1.2941e+00
26 	 508 	 3.0265e+00 	4.0863e+00 	2.0431e+00
26 	 509 	 3.1672e+00 	6.7204e+00 	3.3602e+00
26 	 510 	 8.1561e+00 	4.2524e+00 	2.1262e+00
26 	 511 	 5.5711e+00 	3.0582e+00 	1.5291e+00
26 	 512 	 3.1670e+00 	6.5897e+00 	3.2948e+00
26 	 513 	 7.1900e+00 	1.5040e+01 	7.5200e+00
26 	 514 	 2.4273e+01 	1.3275e+01 	6.6377e+00
26 	 515 	 5.5353e+01 	6.9099e+00 	3.4550e+00
26 	 516 	 7.0702e+00 	8.1819e+00 	4.0910e+00
26 	 517 	 1.1926e+01 	9.5658e+00 	4.7829e+00
26 	 518 	 9.9410e+00 	9.1619e+00 	4.5809e+00
26 	 519 	 1.8640e+01 	3.1351e+00 	1.5675e+00
27 	 520 	 4.8349e+00 	2.1063e+00 	1.0532e+00
27 	 521 	 2.2773e+00 	6.7204e+00 	3.3602e+00
27 	 522 	 8.0835e+00 	1.3430e+01 	6.7149e+00
27 	 523 	 2.3179e+01 	1.1493e+01 	5.7466e+00
27 	 524 	 4.0034e+01 	6.9766e+00 	3.4883e+00
27 	 525 	 6.9588e+00 	6.0174e+00 	3.0087e+00
27 	 526 	 7.6873e+00 	5.3214e+00 	2.6607e+00
27 	 527 	 4.4949e+00 	8.2238e+00 	4.1119e+00
27 	 528 	 1.0022e+01 	1.7042e+01 	8.5211e+00
27 	 529 	 2.9754e+01 	1.5287e+01 	7.6437e+00
27 	 530 	 7.8265e+01 	8.6274e+00 	4.3137e+00
27 	 531 	 9.8584e+00 	6.8559e+00 	3.4280e+00
27 	 532 	 1.3849e+01 	1.8483e+00 	9.2417e-01
27 	 533 	 1.8368e+00 	2.6296e+00 	1.3148e+00
27 	 534 	 2.7437e+00 	4.2222e+00 	2.1111e+00
27 	 535 	 3.1013e+00 	2.9099e+00 	1.4549e+00
27 	 536 	 2.6459e+00 	3.6267e+00 	1.8134e+00
27 	 537 	 2.9661e+00 	9.6985e+00 	4.8493e+00
27 	 538 	 9.5072e+00 	5.9721e+00 	2.9861e+00
27 	 539 	 1.4718e+01 	4.4705e+00 	2.2352e+00
28 	 540 	 3.2715e+00 	5.0292e+00 	2.5146e+00
28 	 541 	 4.7063e+00 	4.7819e+00 	2.3909e+00
28 	 542 	 4.7878e+00 	3.3047e+00 	1.6523e+00
28 	 543 	 3.2463e+00 	1.6504e+00 	8.2522e-01
28 	 544 	 1.4946e+00 	5.0033e+00 	2.5016e+00
28 	 545 	 5.5214e+00 	1.3961e+00 	6.9803e-01
28 	 546 	 1.5397e+00 	3.5892e+00 	1.7946e+00
28 	 547 	 4.0803e+00 	2.5199e+00 	1.2599e+00
28 	 548 	 2.3018e+00 	3.3532e+00 	1.6766e+00
28 	 549 	 3.2764e+00 	6.4194e+00 	3.2097e+00
28 	 550 	 6.5549e+00 	4.8759e+00 	2.4380e+00
28 	 551 	 5.3026e+00 	2.6248e+00 	1.3124e+00
28 	 552 	 2.0176e+00 	3.4393e+00 	1.7196e+00
28 	 553 	 2.8052e+00 	5.5074e+00 	2.7537e+00
28 	 554 	 4.4348e+00 	1.3465e+01 	6.7323e+00
28 	 555 	 1.7554e+01 	1.3348e+01 	6.6739e+00
28 	 556 	 5.1018e+01 	7.9430e+00 	3.9715e+00
28 	 557 	 9.3092e+00 	8.2425e+00 	4.1213e+00
28 	 558 	 1.1050e+01 	1.3497e+01 	6.7487e+00
28 	 559 	 1.7503e+01 	7.6086e+00 	3.8043e+00
29 	 560 	 2.7963e+01 	3.9217e+00 	1.9609e+00
29 	 561 	 3.1640e+00 	5.0886e+00 	2.5443e+00
29 	 562 	 4.5479e+00 	7.7571e+00 	3.8785e+00
29 	 563 	 9.6334e+00 	1.3192e+01 	6.5960e+00
29 	 564 	 2.1960e+01 	1.1410e+01 	5.7049e+00
29 	 565 	 3.7150e+01 	9.1069e+00 	4.5535e+00
29 	 566 	 9.1162e+00 	9.3016e+00 	4.6508e+00
29 	 567 	 2.0082e+01 	5.3689e+00 	2.6845e+00
29 	 568 	 5.0349e+00 	9.4527e+00 	4.7263e+00
29 	 569 	 8.9969e+00 	7.9897e+00 	3.9948e+00
29 	 570 	 2.1013e+01 	2.5293e+00 	1.2646e+00
29 	 571 	 2.6075e+00 	4.7704e+00 	2.3852e+00
29 	 572 	 4.6657e+00 	5.9148e+00 	2.9574e+00
29 	 573 	 4.9719e+00 	4.2246e+00 	2.1123e+00
29 	 574 	 4.4824e+00 	3.3849e+00 	1.6925e+00
29 	 575 	 3.5463e+00 	8.4232e+00 	4.2116e+00
29 	 576 	 7.6492e+00 	7.3715e+00 	3.6857e+00
29 	 577 	 1.4904e+01 	2.3415e+00 	1.1708e+00
29 	 578 	 2.1470e+00 	1.0883e+00 	5.4416e-01
29 	 579 	 1.2715e+00 	1.9019e-01 	9.5096e-02
30 	 580 	 1.7008e+00 	4.9728e-01 	2.4864e-01
30 	 581 	 2.0533e+00 	1.4063e-01 	7.0314e-02
30 	 582 	 1.6851e+00 	2.0343e+00 	1.0171e+00
30 	 583 	 1.1854e+00 	3.3755e+00 	1.6877e+00
30 	 584 	 2.9144e+00 	1.8101e+00 	9.0504e-01
30 	 585 	 2.7752e+00 	5.1180e-01 	2.5590e-01
30 	 586 	 9.4088e-01 	1.1933e+00 	5.9665e-01
30 	 587 	 2.7449e+00 	3.2188e+00 	1.6094e+00
30 	 588 	 3.5040e+00 	4.7412e+00 	2.3706e+00
30 	 589 	 4.8160e+00 	5.0754e+00 	2.5377e+00
30 	 590 	 4.5097e+00 	5.0750e+00 	2.5375e+00
30 	 591 	 6.8560e+00 	8.6030e+00 	4.3015e+00
30 	 592 	 9.0487e+00 	7.1584e+00 	3.5792e+00
30 	 593 	 1.4247e+01 	4.4708e+00 	2.2354e+00
30 	 594 	 3.8185e+00 	1.1123e+01 	5.5613e+00
30 	 595 	 1.4793e+01 	8.0036e+00 	4.0018e+00
30 	 596 	 2.3913e+01 	3.2020e-01 	1.6010e-01
30 	 597 	 1.5160e+00 	7.6265e-01 	3.8132e-01
30 	 598 	 9.6782e-01 	9.2263e-01 	4.6132e-01
30 	 599 	 1.4329e+00 	4.1514e+00 	2.0757e+00
31 	 600 	 3.5977e+00 	7.0767e+00 	3.5383e+00
31 	 601 	 9.8176e+00 	4.1549e+00 	2.0774e+00
31 	 602 	 3.7370e+00 	3.5910e+00 	1.7955e+00
31 	 603 	 3.0483e+00 	6.1922e+00 	3.0961e+00
31 	 604 	 6.4571e+00 	5.8981e+00 	2.9490e+00
31 	 605 	 6.2042e+00 	8.0070e+00 	4.0035e+00
31 	 606 	 8.2762e+00 	1.3342e+01 	6.6710e+00
31 	 607 	 2.1352e+01 	1.1632e+01 	5.8158e+00
31 	 608 	 4.2446e+01 	4.7699e+00 	2.3850e+00
31 	 609 	 6.3408e+00 	4.8919e+00 	2.4460e+00
31 	 610 	 3.8407e+00 	9.8895e+00 	4.9447e+00
31 	 611 	 1.2460e+01 	1.5036e+01 	7.5180e+00
31 	 612 	 3.5323e+01 	1.2068e+01 	6.0340e+00
31 	 613 	 4.0540e+01 	4.9018e+00 	2.4509e+00
31 	 614 	 5.0971e+00 	4.7512e+00 	2.3756e+00
31 	 615 	 4.4488e+00 	4.7794e+00 	2.3897e+00
31 	 616 	 3.9644e+00 	3.6215e+00 	1.8107e+00
31 	 617 	 3.0236e+00 	4.7441e-01 	2.3721e-01
31 	 618 	 8.2632e-01 	1.1047e+00 	5.5235e-01
31 	 619 	 2.0061e+00 	8.1692e-02 	4.0846e-02
32 	 620 	 1.6202e+00 	1.7951e+00 	8.9755e-01
32 	 621 	 1.8812e+00 	1.0483e+00 	5.2416e-01
32 	 622 	 1.4167e+00 	1.4113e+00 	7.0563e-01
32 	 623 	 1.9684e+00 	1.2920e+00 	6.4600e-01
32 	 624 	 1.4748e+00 	2.4294e-01 	1.2147e-01
32 	 625 	 8.5902e-01 	6.1486e-01 	3.0743e-01
32 	 626 	 9.1131e-01 	6.6189e-01 	3.3094e-01
32 	 627 	 1.1027e+00 	3.3127e-01 	1.6563e-01
32 	 628 	 1.1318e+00 	6.8868e-02 	3.4434e-02
32 	 629 	 2.0027e+00 	9.6791e-01 	4.8395e-01
32 	 630 	 2.0057e+00 	7.2993e+00 	3.6497e+00
32 	 631 	 7.3743e+00 	1.1782e+01 	5.8911e+00
32 	 632 	 2.9282e+01 	1.3265e+01 	6.6327e+00
32 	 633 	 3.0249e+01 	1.3962e+01 	6.9812e+00
32 	 634 	 3.9533e+01 	5.4998e+00 	2.7499e+00
32 	 635 	 1.0745e+01 	5.0016e+00 	2.5008e+00
32 	 636 	 4.5081e+00 	7.2793e+00 	3.6397e+00
32 	 637 	 1.1045e+01 	5.3632e+00 	2.6816e+00
32 	 638 	 7.8729e+00 	5.5294e+00 	2.7647e+00
32 	 639 	 4.7708e+00 	3.7700e+00 	1.8850e+00
33 	 640 	 3.1595e+00 	9.4640e-01 	4.7320e-01
33 	 641 	 2.0829e+00 	8.6461e-01 	4.3231e-01
33 	 642 	 2.2645e+00 	9.7567e-01 	4.8784e-01
33 	 643 	 1.7300e+00 	2.1927e+00 	1.0964e+00
33 	 644 	 2.3684e+00 	2.4846e+00 	1.2423e+00
33 	 645 	 2.5648e+00 	3.3183e+00 	1.6591e+00
33 	 646 	 2.5981e+00 	3.8443e+00 	1.9221e+00
33 	 647 	 3.3881e+00 	1.1985e+01 	5.9923e+00
33 	 648 	 9.7846e+00 	1.3307e+01 	6.6535e+00
33 	 649 	 5.0582e+01 	6.5365e+00 	3.2683e+00
33 	 650 	 5.9245e+00 	5.5823e+00 	2.7912e+00
33 	 651 	 5.0612e+00 	2.0171e+00 	1.0085e+00
33 	 652 	 2.9187e+00 	5.3770e-01 	2.6885e-01
33 	 653 	 1.5156e+00 	1.1278e+00 	5.6391e-01
33 	 654 	 1.9867e+00 	2.5236e+00 	1.2618e+00
33 	 655 	 2.9129e+00 	3.7128e+00 	1.8564e+00
33 	 656 	 3.2671e+00 	9.2874e+00 	4.6437e+00
33 	 657 	 8.1676e+00 	1.0992e+01 	5.4958e+00
33 	 658 	 2.5401e+01 	1.1714e+01 	5.8571e+00
33 	 659 	 1.5906e+01 	1.1377e+01 	5.6885e+00
34 	 660 	 3.3605e+01 	8.1372e+00 	4.0686e+00
34 	 661 	 1.0480e+01 	1.1451e+01 	5.7253e+00
34 	 662 	 1.7595e+01 	9.8972e+00 	4.9486e+00
34 	 663 	 2.5360e+01 	8.8522e+00 	4.4261e+00
34 	 664 	 1.0954e+01 	5.8664e+00 	2.9332e+00
34 	 665 	 1.1655e+01 	2.0292e+00 	1.0146e+00
34 	 666 	 1.8209e+00 	4.7831e+00 	2.3916e+00
34 	 667 	 4.5155e+00 	1.1280e+01 	5.6402e+00
34 	 668 	 1.3691e+01 	3.9920e+00 	1.9960e+00
34 	 669 	 1.3707e+01 	1.0841e+01 	5.4204e+00
34 	 670 	 1.4710e+01 	6.9839e+00 	3.4920e+00
34 	 671 	 1.1246e+01 	2.0413e+00 	1.0207e+00
34 	 672 	 2.0642e+00 	5.2612e-01 	2.6306e-01
34 	 673 	 9.1136e-01 	1.5783e+00 	7.8915e-01
34 	 674 	 8.5639e-01 	7.2680e+00 	3.6340e+00
34 	 675 	 5.6910e+00 	7.5707e+00 	3.7854e+00
34 	 676 	 1.4300e+01 	4.5202e+00 	2.2601e+00
34 	 677 	 4.5441e+00 	3.0911e+00 	1.5456e+00
34 	 678 	 3.1371e+00 	1.0106e+00 	5.0530e-01
34 	 679 	 1.2462e+00 	2.6441e+00 	1.3221e+00
35 	 680 	 1.8359e+00 	6.1724e+00 	3.0862e+00
35 	 681 	 6.8068e+00 	8.2535e+00 	4.1268e+00
35 	 682 	 9.0075e+00 	8.9979e+00 	4.4989e+00
35 	 683 	 1.5843e+01 	6.0937e+00 	3.0468e+00
35 	 684 	 6.0655e+00 	4.6087e+00 	2.3044e+00
35 	 685 	 3.4910e+00 	1.0948e+01 	5.4742e+00
35 	 686 	 1.1613e+01 	1.4951e+01 	7.4757e+00
35 	 687 	 4.1655e+01 	7.9005e+00 	3.9503e+00
35 	 688 	 2.0968e+01 	3.6090e+00 	1.8045e+00
35 	 689 	 3.1976e+00 	1.9195e+00 	9.5975e-01
35 	 690 	 1.8215e+00 	1.4063e+00 	7.0315e-01
35 	 691 	 1.8552e+00 	3.9967e+00 	1.9983e+00
35 	 692 	 3.5746e+00 	7.6641e+00 	3.8321e+00
35 	 693 	 6.0741e+00 	7.0290e+00 	3.5145e+00
35 	 694 	 1.0755e+01 	5.6844e+00 	2.8422e+00
35 	 695 	 4.4866e+00 	8.9389e+00 	4.4694e+00
35 	 696 	 1.0294e+01 	9.7008e+00 	4.8504e+00
35 	 697 	 1.8538e+01 	4.5032e+00 	2.2516e+00
35 	 698 	 8.4830e+00 	1.4899e+00 	7.4493e-01
35 	 699 	 2.0535e+00 	3.1379e+00 	1.5690e+00
36 	 700 	 3.2479e+00 	4.4996e+00 	2.2498e+00
36 	 701 	 3.2377e+00 	6.2371e+00 	3.1186e+00
36 	 702 	 7.9621e+00 	7.3531e+00 	3.6766e+00
36 	 703 	 7.6374e+00 	6.4448e+00 	3.2224e+00
36 	 704 	 9.8945e+00 	7.2097e+00 	3.6048e+00
36 	 705 	 6.3206e+00 	8.4941e+00 	4.2471e+00
36 	 706 	 1.1699e+01 	8.0582e+00 	4.0291e+00
36 	 707 	 9.7920e+00 	1.3977e+01 	6.9883e+00
36 	 708 	 2.2117e+01 	1.2113e+01 	6.0564e+00
36 	 709 	 4.4823e+01 	1.6252e+00 	8.1260e-01
36 	 710 	 2.4497e+00 	4.0923e-01 	2.0462e-01
36 	 711 	 3.6993e+00 	3.0628e+00 	1.5314e+00
36 	 712 	 2.4061e+00 	4.8554e+00 	2.4277e+00
36 	 713 	 4.0592e+00 	6.5239e+00 	3.2620e+00
36 	 714 	 5.4164e+00 	6.0551e+00 	3.0276e+00
36 	 715 	 5.6374e+00 	5.0266e+00 	2.5133e+00
36 	 716 	 4.0380e+00 	7.7499e+00 	3.8749e+00
36 	 717 	 6.7781e+00 	1.1145e+01 	5.5726e+00
36 	 718 	 2.0689e+01 	9.8645e+00 	4.9322e+00
36 	 719 	 2.4083e+01 	6.2496e+00 	3.1248e+00
37 	 720 	 6.6564e+00 	5.7969e+00 	2.8984e+00
37 	 721 	 6.1283e+00 	5.6960e+00 	2.8480e+00
37 	 722 	 6.9864e+00 	8.2467e+00 	4.1233e+00
37 	 723 	 7.1058e+00 	8.9896e+00 	4.4948e+00
37 	 724 	 1.5713e+01 	8.4436e+00 	4.2218e+00
37 	 725 	 8.8724e+00 	1.1130e+01 	5.5649e+00
37 	 726 	 2.0933e+01 	1.1748e+01 	5.8738e+00
37 	 727 	 2.4750e+01 	1.0960e+01 	5.4801e+00
37 	 728 	 1.9832e+01 	9.3808e+00 	4.6904e+00
37 	 729 	 1.6904e+01 	8.8900e+00 	4.4450e+00
37 	 730 	 1.5599e+01 	5.6670e+00 	2.8335e+00
37 	 731 	 9.6402e+00 	1.1526e-01 	5.7630e-02
37 	 732 	 6.3851e-01 	3.5910e+00 	1.7955e+00
37 	 733 	 2.9994e+00 	5.9554e+00 	2.9777e+00
37 	 734 	 6.7591e+00 	2.2579e+00 	1.1290e+00
37 	 735 	 2.0403e+00 	2.0316e+00 	1.0158e+00
37 	 736 	 1.7098e+00 	2.9755e+00 	1.4878e+00
37 	 737 	 2.6696e+00 	3.3202e+00 	1.6601e+00
37 	 738 	 4.2177e+00 	1.2109e+00 	6.0543e-01
37 	 739 	 2.0021e+00 	2.2137e-01 	1.1068e-01
38 	 740 	 2.0994e+00 	2.0737e+00 	1.0368e+00
38 	 741 	 2.2446e+00 	6.9890e+00 	3.4945e+00
38 	 742 	 6.6029e+00 	9.5251e+00 	4.7626e+00
38 	 743 	 1.6833e+01 	6.5632e+00 	3.2816e+00
38 	 744 	 8.4799e+00 	5.8589e+00 	2.9294e+00
38 	 745 	 6.0678e+00 	6.6482e+00 	3.3241e+00
38 	 746 	 8.5208e+00 	5.6398e+00 	2.8199e+00
38 	 747 	 6.2428e+00 	7.2091e+00 	3.6045e+00
38 	 748 	 7.7237e+00 	1.2658e+01 	6.3292e+00
38 	 749 	 1.7514e+01 	7.3009e+00 	3.6505e+00
38 	 750 	 1.7473e+01 	3.6026e+00 	1.8013e+00
38 	 751 	 2.8151e+00 	6.3074e+00 	3.1537e+00
38 	 752 	 6.2302e+00 	1.5556e+00 	7.7781e-01
38 	 753 	 1.1952e+00 	5.2107e+00 	2.6053e+00
38 	 754 	 4.4946e+00 	9.2658e+00 	4.6329e+00
38 	 755 	 1.0110e+01 	9.1980e+00 	4.5990e+00
38 	 756 	 1.7676e+01 	6.4968e+00 	3.2484e+00
38 	 757 	 5.8802e+00 	4.9378e+00 	2.4689e+00
38 	 758 	 5.0626e+00 	4.4754e+00 	2.2377e+00
38 	 759 	 3.4042e+00 	5.2473e+00 	2.6236e+00
39 	 760 	 5.9907e+00 	5.9575e+00 	2.9787e+00
39 	 761 	 5.1657e+00 	8.7776e+00 	4.3888e+00
39 	 762 	 9.9198e+00 	5.6380e+00 	2.8190e+00
39 	 763 	 1.0486e+01 	1.5296e+00 	7.6478e-01
39 	 764 	 1.6794e+00 	4.7388e+00 	2.3694e+00
39 	 765 	 3.6316e+00 	4.7551e+00 	2.3775e+00
39 	 766 	 5.3502e+00 	3.3543e+00 	1.6771e+00
39 	 767 	 2.9086e+00 	2.1588e+00 	1.0794e+00
39 	 768 	 1.9522e+00 	1.7749e+00 	8.8743e-01
39 	 769 	 2.1878e+00 	3.1488e+00 	1.5744e+00
39 	 770 	 2.8012e+00 	1.3403e-01 	6.7015e-02
39 	 771 	 1.0886e+00 	3.3762e+00 	1.6881e+00
39 	 772 	 2.2738e+00 	6.8687e+00 	3.4344e+00
39 	 773 	 6.2030e+00 	1.1493e+01 	5.7465e+00
39 	 774 	 1.6691e+01 	9.8928e+00 	4.9464e+00
39 	 775 	 2.6205e+01 	4.4880e-01 	2.2440e-01
39 	 776 	 5.3948e-01 	6.9435e+00 	3.4717e+00
39 	 777 	 9.9419e+00 	1.1549e+01 	5.7745e+00
39 	 778 	 1.3925e+01 	1.1347e+01 	5.6734e+00
39 	 779 	 3.0753e+01 	5.3455e+00 	2.6728e+00
40 	 780 	 7.0256e+00 	3.1241e+00 	1.5620e+00
40 	 781 	 2.5653e+00 	7.6714e+00 	3.8357e+00
40 	 782 	 6.8639e+00 	1.2395e+01 	6.1974e+00
40 	 783 	 2.2584e+01 	1.5806e+01 	7.9032e+00
40 	 784 	 3.6635e+01 	1.1352e+01 	5.6758e+00
40 	 785 	 3.7290e+01 	6.7612e+00 	3.3806e+00
40 	 786 	 5.3666e+00 	6.8225e+00 	3.4112e+00
40 	 787 	 1.3206e+01 	2.3135e+00 	1.1568e+00
40 	 788 	 1.6262e+00 	8.3551e-01 	4.1776e-01
40 	 789 	 1.5414e+00 	1.0437e+00 	5.2183e-01
40 	 790 	 7.5745e-01 	5.7903e-01 	2.8952e-01
40 	 791 	 1.9157e+00 	9.4759e-02 	4.7379e-02
40 	 792 	 2.7896e+00 	7.9988e-01 	3.9994e-01
40 	 793 	 1.6004e+00 	8.6656e-01 	4.3328e-01
40 	 794 	 1.9577e+00 	7.6757e-01 	3.8378e-01
40 	 795 	 2.1544e+00 	2.6420e+00 	1.3210e+00
40 	 796 	 1.8793e+00 	2.8023e+00 	1.4012e+00
40 	 797 	 2.6708e+00 	1.2880e+00 	6.4401e-01
40 	 798 	 2.2967e+00 	1.5330e+00 	7.6652e-01
40 	 799 	 1.4792e+00 	2.1217e+00 	1.0608e+00
41 	 800 	 1.7298e+00 	9.2636e-02 	4.6318e-02
41 	 801 	 1.0443e+00 	2.0278e+00 	1.0139e+00
41 	 802 	 2.4548e+00 	2.3530e+00 	1.1765e+00
41 	 803 	 1.8890e+00 	7.4906e-02 	3.7453e-02
41 	 804 	 7.6177e-01 	2.1185e+00 	1.0592e+00
41 	 805 	 2.4410e+00 	1.2179e+00 	6.0897e-01
41 	 806 	 1.1086e+00 	5.7376e-01 	2.8688e-01
41 	 807 	 2.3523e+00 	6.6260e-01 	3.3130e-01
41 	 808 	 1.6731e+00 	5.0112e+00 	2.5056e+00
41 	 809 	 4.4661e+00 	1.0094e+01 	5.0469e+00
41 	 810 	 1.2391e+01 	6.7504e+00 	3.3752e+00
41 	 811 	 1.2019e+01 	2.7732e+00 	1.3866e+00
41 	 812 	 1.8570e+00 	3.6920e+00 	1.8460e+00
41 	 813 	 4.6460e+00 	2.2072e+00 	1.1036e+00
41 	 814 	 2.2116e+00 	5.1046e+00 	2.5523e+00
41 	 815 	 4.0825e+00 	1.0677e+01 	5.3386e+00
41 	 816 	 1.3644e+01 	7.0859e+00 	3.5430e+00
41 	 817 	 1.3346e+01 	2.5494e+00 	1.2747e+00
41 	 818 	 1.7311e+00 	6.0090e+00 	3.0045e+00
41 	 819 	 6.5657e+00 	8.8718e+00 	4.4359e+00
42 	 820 	 1.1778e+01 	1.0680e+01 	5.3401e+00
42 	 821 	 1.8103e+01 	5.8526e+00 	2.9263e+00
42 	 822 	 1.2641e+01 	9.5483e-01 	4.7741e-01
42 	 823 	 1.8847e+00 	4.3328e-02 	2.1664e-02
42 	 824 	 1.0996e+00 	1.9305e+00 	9.6524e-01
42 	 825 	 1.2960e+00 	1.1924e+00 	5.9622e-01
42 	 826 	 1.3920e+00 	5.0591e-01 	2.5295e-01
42 	 827 	 1.4523e+00 	1.4886e+00 	7.4430e-01
42 	 828 	 2.1293e+00 	1.4663e-01 	7.3316e-02
42 	 829 	 1.1087e+00 	1.8089e+00 	9.0446e-01
42 	 830 	 2.6642e+00 	2.6115e+00 	1.3057e+00
42 	 831 	 2.3244e+00 	2.2259e+00 	1.1130e+00
42 	 832 	 2.9501e+00 	5.0858e-01 	2.5429e-01
42 	 833 	 1.1619e+00 	1.7181e+00 	8.5907e-01
42 	 834 	 1.8493e+00 	2.7809e+00 	1.3905e+00
42 	 835 	 2.4964e+00 	8.6028e-01 	4.3014e-01
42 	 836 	 1.2936e+00 	8.7249e-01 	4.3624e-01
42 	 837 	 1.9956e+00 	8.7967e-01 	4.3983e-01
42 	 838 	 3.7217e+00 	1.6538e+00 	8.2690e-01
42 	 839 	 1.7805e+00 	7.6375e-01 	3.8187e-01
43 	 840 	 1.5194e+00 	7.7098e-01 	3.8549e-01
43 	 841 	 3.1926e+00 	6.1230e-01 	3.0615e-01
43 	 842 	 1.8359e+00 	9.5570e-01 	4.7785e-01
43 	 843 	 1.1608e+00 	2.1349e-01 	1.0674e-01
43 	 844 	 8.7393e-01 	2.9048e-01 	1.4524e-01
43 	 845 	 1.0900e+00 	2.1956e+00 	1.0978e+00
43 	 846 	 3.0252e+00 	4.5716e+00 	2.2858e+00
43 	 847 	 3.5590e+00 	2.6327e+00 	1.3164e+00
43 	 848 	 1.9800e+00 	2.1039e+00 	1.0520e+00
43 	 849 	 2.2002e+00 	7.4571e+00 	3.7286e+00
43 	 850 	 5.8473e+00 	8.1701e+00 	4.0851e+00
43 	 851 	 1.0924e+01 	3.7163e+00 	1.8582e+00
43 	 852 	 3.0720e+00 	5.7074e-01 	2.8537e-01
43 	 853 	 1.8204e+00 	2.3297e+00 	1.1648e+00
43 	 854 	 3.0731e+00 	4.9316e+00 	2.4658e+00
43 	 855 	 3.5566e+00 	5.2312e+00 	2.6156e+00
43 	 856 	 5.8854e+00 	6.0259e-01 	3.0130e-01
43 	 857 	 8.3331e-01 	4.0466e+00 	2.0233e+00
43 	 858 	 3.3116e+00 	6.3907e+00 	3.1953e+00
43 	 859 	 6.7013e+00 	1.1526e+01 	5.7629e+00
44 	 860 	 1.4000e+01 	1.1052e+01 	5.5258e+00
44 	 861 	 2.4913e+01 	7.9906e+00 	3.9953e+00
44 	 862 	 8.3608e+00 	4.9674e+00 	2.4837e+00
44 	 863 	 6.3929e+00 	1.0456e+00 	5.2278e-01
44 	 864 	 1.1541e+00 	2.6299e+00 	1.3150e+00
44 	 865 	 2.9462e+00 	3.7762e+00 	1.8881e+00
44 	 866 	 4.4683e+00 	3.2687e+00 	1.6344e+00
44 	 867 	 2.8248e+00 	3.3790e+00 	1.6895e+00
44 	 868 	 3.7650e+00 	3.4338e+00 	1.7169e+00
44 	 869 	 4.1804e+00 	5.5035e+00 	2.7518e+00
44 	 870 	 4.6959e+00 	2.5587e+00 	1.2794e+00
44 	 871 	 3.5854e+00 	1.6581e+00 	8.2907e-01
44 	 872 	 1.8549e+00 	1.4037e+00 	7.0184e-01
44 	 873 	 1.7120e+00 	1.3333e+00 	6.6664e-01
44 	 874 	 1.3310e+00 	6.5705e-01 	3.2852e-01
44 	 875 	 1.6948e+00 	3.0700e+00 	1.5350e+00
44 	 876 	 3.3256e+00 	4.3735e+00 	2.1867e+00
44 	 877 	 4.7654e+00 	2.1615e+00 	1.0808e+00
44 	 878 	 3.0617e+00 	6.7699e-01 	3.3850e-01
44 	 879 	 1.0148e+00 	4.3925e-01 	2.1962e-01
45 	 880 	 1.0582e+00 	3.0001e-02 	1.5000e-02
45 	 881 	 1.2044e+00 	1.1471e+00 	5.7357e-01
45 	 882 	 1.5799e+00 	2.5351e+00 	1.2676e+00
45 	 883 	 2.7096e+00 	2.6750e+00 	1.3375e+00
45 	 884 	 2.1150e+00 	1.8334e+00 	9.1671e-01
45 	 885 	 1.5044e+00 	3.5440e-01 	1.7720e-01
45 	 886 	 6.0927e-01 	1.4684e-01 	7.3420e-02
45 	 887 	 8.2580e-01 	5.7669e+00 	2.8834e+00
45 	 888 	 5.6290e+00 	7.0992e+00 	3.5496e+00
45 	 889 	 9.6816e+00 	5.2493e+00 	2.6246e+00
45 	 890 	 5.2792e+00 	7.7346e+00 	3.8673e+00
45 	 891 	 7.8885e+00 	1.2072e+01 	6.0358e+00
45 	 892 	 2.0974e+01 	7.9181e+00 	3.9591e+00
45 	 893 	 1.9890e+01 	1.8124e+00 	9.0618e-01
45 	 894 	 3.2398e+00 	1.5799e+00 	7.8996e-01
45 	 895 	 2.1152e+00 	4.6203e-01 	2.3102e-01
45 	 896 	 1.2338e+00 	1.1495e+00 	5.7475e-01
45 	 897 	 1.0578e+00 	1.8027e+00 	9.0137e-01
45 	 898 	 2.3671e+00 	1.0789e+00 	5.3947e-01
45 	 899 	 1.3192e+00 	7.9450e-01 	3.9725e-01
46 	 900 	 1.6159e+00 	2.9119e+00 	1.4560e+00
46 	 901 	 3.1374e+00 	3.2558e+00 	1.6279e+00
46 	 902 	 3.0435e+00 	8.1043e+00 	4.0522e+00
46 	 903 	 8.1636e+00 	1.3833e+01 	6.9163e+00
46 	 904 	 3.1106e+01 	7.6076e+00 	3.8038e+00
46 	 905 	 2.0853e+01 	6.1696e-01 	3.0848e-01
46 	 906 	 1.0605e+00 	1.8780e-01 	9.3902e-02
46 	 907 	 1.1660e+00 	7.8215e-01 	3.9108e-01
46 	 908 	 1.3319e+00 	1.5344e+00 	7.6721e-01
46 	 909 	 1.6620e+00 	5.3870e+00 	2.6935e+00
46 	 910 	 5.0627e+00 	7.1086e+00 	3.5543e+00
46 	 911 	 6.4708e+00 	1.3203e+01 	6.6013e+00
46 	 912 	 1.5260e+01 	1.1363e+01 	5.6813e+00
46 	 913 	 3.7532e+01 	3.5068e+00 	1.7534e+00
46 	 914 	 2.7359e+00 	3.0714e+00 	1.5357e+00
46 	 915 	 2.8888e+00 	4.5167e+00 	2.2583e+00
46 	 916 	 4.1429e+00 	3.1619e+00 	1.5810e+00
46 	 917 	 3.0231e+00 	2.8758e-01 	1.4379e-01
46 	 918 	 1.1458e+00 	2.9055e+00 	1.4527e+00
46 	 919 	 1.8710e+00 	4.7187e+00 	2.3593e+00
47 	 920 	 5.2247e+00 	4.1153e+00 	2.0577e+00
47 	 921 	 4.9885e+00 	5.1995e+00 	2.5998e+00
47 	 922 	 4.5848e+00 	6.8662e+00 	3.4331e+00
47 	 923 	 6.8162e+00 	6.8231e+00 	3.4115e+00
47 	 924 	 6.9659e+00 	2.9833e+00 	1.4916e+00
47 	 925 	 3.4323e+00 	3.6460e-01 	1.8230e-01
47 	 926 	 6.8293e-01 	1.9888e+00 	9.9440e-01
47 	 927 	 1.8430e+00 	5.5285e+00 	2.7642e+00
47 	 928 	 4.8688e+00 	6.1186e+00 	3.0593e+00
47 	 929 	 5.6441e+00 	2.9163e+00 	1.4581e+00
47 	 930 	 2.1610e+00 	1.9399e+00 	9.6996e-01
47 	 931 	 2.1166e+00 	5.0447e+00 	2.5224e+00
47 	 932 	 3.5206e+00 	8.3289e+00 	4.1645e+00
47 	 933 	 8.8173e+00 	1.8382e+01 	9.1909e+00
47 	 934 	 2.6094e+01 	5.6835e+00 	2.8418e+00
47 	 935 	 2.9304e+01 	7.5058e+00 	3.7529e+00
47 	 936 	 1.8489e+01 	1.6871e+00 	8.4353e-01
47 	 937 	 1.3982e+00 	6.2868e+00 	3.1434e+00
47 	 938 	 4.7239e+00 	1.7403e+00 	8.7017e-01
47 	 939 	 2.6841e+00 	7.3530e+00 	3.6765e+00
48 	 940 	 1.1282e+01 	2.9073e+00 	1.4536e+00
48 	 941 	 2.7489e+00 	3.0075e+00 	1.5038e+00
48 	 942 	 2.0252e+00 	4.1575e+00 	2.0787e+00
48 	 943 	 4.4614e+00 	7.0972e+00 	3.5486e+00
48 	 944 	 7.3290e+00 	7.4936e+00 	3.7468e+00
48 	 945 	 1.0182e+01 	3.6095e+00 	1.8047e+00
48 	 946 	 3.8978e+00 	2.2568e+00 	1.1284e+00
48 	 947 	 2.2511e+00 	5.4798e+00 	2.7399e+00
48 	 948 	 3.7354e+00 	5.2229e+00 	2.6115e+00
48 	 949 	 5.2323e+00 	3.7085e+00 	1.8543e+00
48 	 950 	 2.3903e+00 	6.1213e+00 	3.0606e+00
48 	 951 	 6.1194e+00 	7.7270e+00 	3.8635e+00
48 	 952 	 9.8217e+00 	7.7855e+00 	3.8928e+00
48 	 953 	 1.1937e+01 	2.7599e+00 	1.3799e+00
48 	 954 	 2.3942e+00 	1.7605e+00 	8.8023e-01
48 	 955 	 2.7384e+00 	2.2218e-01 	1.1109e-01
48 	 956 	 9.7594e-01 	4.3675e+00 	2.1837e+00
48 	 957 	 3.2578e+00 	7.9368e+00 	3.9684e+00
48 	 958 	 8.7006e+00 	3.4353e+00 	1.7176e+00
48 	 959 	 3.7273e+00 	5.2238e-02 	2.6119e-02
49 	 960 	 9.8582e-01 	1.7079e+00 	8.5393e-01
49 	 961 	 2.3940e+00 	2.0803e+00 	1.0401e+00
49 	 962 	 2.4297e+00 	1.8496e-01 	9.2478e-02
49 	 963 	 6.7202e-01 	3.9974e+00 	1.9987e+00
49 	 964 	 5.3877e+00 	5.0055e+00 	2.5027e+00
49 	 965 	 4.8573e+00 	2.1231e+00 	1.0615e+00
49 	 966 	 2.0623e+00 	1.9329e-01 	9.6643e-02
49 	 967 	 1.1645e+00 	1.1682e-01 	5.8412e-02
49 	 968 	 1.5641e+00 	2.6230e+00 	1.3115e+00
49 	 969 	 2.3338e+00 	9.3417e+00 	4.6708e+00
49 	 970 	 8.2203e+00 	1.3032e+01 	6.5160e+00
49 	 971 	 2.9915e+01 	1.3795e+01 	6.8974e+00
49 	 972 	 3.1902e+01 	9.3846e+00 	4.6923e+00
49 	 973 	 2.3206e+01 	2.6749e+00 	1.3375e+00
49 	 974 	 1.7541e+00 	1.0879e+00 	5.4394e-01
49 	 975 	 1.2259e+00 	7.8625e-01 	3.9312e-01
49 	 976 	 1.9546e+00 	3.9526e+00 	1.9763e+00
49 	 977 	 2.4936e+00 	5.8175e+00 	2.9088e+00
49 	 978 	 5.6020e+00 	5.8258e+00 	2.9129e+00
49 	 979 	 7.3596e+00 	5.8241e+00 	2.9120e+00
50 	 980 	 5.9485e+00 	2.4519e+00 	1.2259e+00
50 	 981 	 2.0073e+00 	1.4793e+00 	7.3964e-01
50 	 982 	 1.5985e+00 	2.5836e+00 	1.2918e+00
50 	 983 	 2.3319e+00 	2.7024e+00 	1.3512e+00
50 	 984 	 2.7903e+00 	3.1012e+00 	1.5506e+00
50 	 985 	 2.8171e+00 	2.7809e+00 	1.3905e+00
50 	 986 	 2.5096e+00 	5.1806e+00 	2.5903e+00
50 	 987 	 4.0545e+00 	4.9375e+00 	2.4687e+00
50 	 988 	 6.8452e+00 	1.5306e+00 	7.6529e-01
50 	 989 	 1.0775e+00 	3.0035e+00 	1.5018e+00
50 	 990 	 2.3284e+00 	1.2251e+00 	6.1257e-01
50 	 991 	 1.8438e+00 	1.8247e-01 	9.1234e-02
50 	 992 	 3.1688e+00 	8.6713e-01 	4.3357e-01
50 	 993 	 1.9661e+00 	1.8527e+00 	9.2636e-01
50 	 994 	 1.6424e+00 	8.7955e-02 	4.3977e-02
50 	 995 	 5.5069e-01 	1.8834e+00 	9.4171e-01
50 	 996 	 1.8951e+00 	2.4777e+00 	1.2388e+00
50 	 997 	 1.5518e+00 	2.4467e+00 	1.2233e+00
50 	 998 	 2.6655e+00 	3.2473e+00 	1.6237e+00
50 	 999 	 2.2349e+00 	3.3379e+00 	1.6689e+00
51 	 1000 	 3.3200e+00 	1.1392e+00 	5.6961e-01
51 	 1001 	 2.3341e+00 	4.5280e-01 	2.2640e-01
51 	 1002 	 9.8004e-01 	1.1204e+00 	5.6021e-01
51 	 1003 	 7.8505e-01 	3.9276e+00 	1.9638e+00
51 	 1004 	 2.7509e+00 	1.3068e+00 	6.5340e-01
51 	 1005 	 1.3330e+00 	1.6611e+00 	8.3057e-01
51 	 1006 	 1.5115e+00 	2.4648e+00 	1.2324e+00
51 	 1007 	 1.9170e+00 	6.7674e+00 	3.3837e+00
51 	 1008 	 5.2069e+00 	1.0532e+01 	5.2661e+00
51 	 1009 	 1.4009e+01 	9.8356e+00 	4.9178e+00
51 	 1010 	 1.9236e+01 	7.4617e+00 	3.7308e+00
51 	 1011 	 7.6648e+00 	5.2507e+00 	2.6253e+00
51 	 1012 	 5.7512e+00 	2.7325e+00 	1.3663e+00
51 	 1013 	 2.6506e+00 	3.7252e+00 	1.8626e+00
51 	 1014 	 4.1356e+00 	2.6010e+00 	1.3005e+00
51 	 1015 	 3.4408e+00 	3.2710e+00 	1.6355e+00
51 	 1016 	 2.5462e+00 	6.0660e+00 	3.0330e+00
51 	 1017 	 7.6845e+00 	5.6627e+00 	2.8313e+00
51 	 1018 	 6.6942e+00 	3.9489e+00 	1.9744e+00
51 	 1019 	 3.3844e+00 	4.5387e+00 	2.2694e+00
52 	 1020 	 3.8069e+00 	7.4979e-01 	3.7489e-01
52 	 1021 	 5.8142e-01 	4.4714e+00 	2.2357e+00
52 	 1022 	 3.8662e+00 	3.9059e+00 	1.9530e+00
52 	 1023 	 2.7992e+00 	4.4597e-01 	2.2299e-01
52 	 1024 	 1.3063e+00 	3.1906e+00 	1.5953e+00
52 	 1025 	 3.0819e+00 	4.1033e+00 	2.0517e+00
52 	 1026 	 4.3947e+00 	6.0334e+00 	3.0167e+00
52 	 1027 	 4.8415e+00 	9.4997e+00 	4.7499e+00
52 	 1028 	 9.9901e+00 	8.9182e+00 	4.4591e+00
52 	 1029 	 1.5973e+01 	5.0704e+00 	2.5352e+00
52 	 1030 	 4.9979e+00 	5.1262e+00 	2.5631e+00
52 	 1031 	 4.8905e+00 	8.0748e+00 	4.0374e+00
52 	 1032 	 9.4541e+00 	7.9717e+00 	3.9858e+00
52 	 1033 	 8.5154e+00 	3.4477e+00 	1.7238e+00
52 	 1034 	 2.9392e+00 	9.4619e-01 	4.7310e-01
52 	 1035 	 1.0490e+00 	2.8155e+00 	1.4077e+00
52 	 1036 	 3.3122e+00 	4.9743e+00 	2.4871e+00
52 	 1037 	 6.5899e+00 	5.0876e+00 	2.5438e+00
52 	 1038 	 4.2840e+00 	3.7578e+00 	1.8789e+00
52 	 1039 	 3.2104e+00 	4.6818e+00 	2.3409e+00
53 	 1040 	 3.7462e+00 	1.3062e+00 	6.5310e-01
53 	 1041 	 1.1567e+00 	3.7452e+00 	1.8726e+00
53 	 1042 	 3.5477e+00 	4.6077e+00 	2.3039e+00
53 	 1043 	 4.5885e+00 	6.3846e+00 	3.1923e+00
53 	 1044 	 7.0030e+00 	2.9693e+00 	1.4847e+00
53 	 1045 	 3.1259e+00 	9.6841e-01 	4.8421e-01
53 	 1046 	 1.9527e+00 	4.6853e-01 	2.3427e-01
53 	 1047 	 1.2575e+00 	9.5811e-01 	4.7906e-01
53 	 1048 	 1.4272e+00 	4.1255e+00 	2.0628e+00
53 	 1049 	 2.9590e+00 	6.7373e+00 	3.3686e+00
53 	 1050 	 5.8167e+00 	7.5804e+00 	3.7902e+00
53 	 1051 	 1.0364e+01 	3.9068e+00 	1.9534e+00
53 	 1052 	 3.1285e+00 	6.0489e-02 	3.0245e-02
53 	 1053 	 2.3191e+00 	1.0205e-01 	5.1025e-02
53 	 1054 	 1.5598e+00 	1.9833e+00 	9.9165e-01
53 	 1055 	 1.4873e+00 	6.0202e+00 	3.0101e+00
53 	 1056 	 6.2434e+00 	1.2211e+01 	6.1056e+00
53 	 1057 	 1.5009e+01 	1.2817e+01 	6.4083e+00
53 	 1058 	 3.0778e+01 	9.1974e+00 	4.5987e+00
53 	 1059 	 1.4875e+01 	8.9380e+00 	4.4690e+00
54 	 1060 	 1.3435e+01 	5.2021e+00 	2.6010e+00
54 	 1061 	 7.7521e+00 	1.4588e+00 	7.2938e-01
54 	 1062 	 2.7514e+00 	1.9760e+00 	9.8798e-01
54 	 1063 	 2.0064e+00 	3.7250e+00 	1.8625e+00
54 	 1064 	 3.8276e+00 	4.9252e+00 	2.4626e+00
54 	 1065 	 4.3961e+00 	3.6447e+00 	1.8223e+00
54 	 1066 	 4.3071e+00 	1.6496e+00 	8.2478e-01
54 	 1067 	 1.0689e+00 	1.1365e+00 	5.6826e-01
54 	 1068 	 1.5259e+00 	9.2129e-01 	4.6064e-01
54 	 1069 	 1.1325e+00 	2.9922e-01 	1.4961e-01
54 	 1070 	 7.3245e-01 	4.4657e-02 	2.2328e-02
54 	 1071 	 7.0625e-01 	1.5652e-02 	7.8260e-03
54 	 1072 	 1.1177e+00 	2.2749e+00 	1.1375e+00
54 	 1073 	 2.5996e+00 	1.7128e+00 	8.5638e-01
54 	 1074 	 1.8809e+00 	8.6807e-01 	4.3403e-01
54 	 1075 	 2.5391e+00 	3.7840e+00 	1.8920e+00
54 	 1076 	 2.5307e+00 	8.6346e+00 	4.3173e+00
54 	 1077 	 9.0553e+00 	1.2994e+01 	6.4971e+00
54 	 1078 	 2.4985e+01 	1.1274e+01 	5.6370e+00
54 	 1079 	 2.8086e+01 	8.8685e+00 	4.4343e+00
55 	 1080 	 1.1814e+01 	7.5327e+00 	3.7663e+00
55 	 1081 	 8.8965e+00 	5.3334e+00 	2.6667e+00
55 	 1082 	 4.0874e+00 	6.4146e+00 	3.2073e+00
55 	 1083 	 5.0332e+00 	6.8319e+00 	3.4160e+00
55 	 1084 	 6.6066e+00 	1.3915e+00 	6.9573e-01
55 	 1085 	 1.1556e+00 	3.6742e+00 	1.8371e+00
55 	 1086 	 3.6380e+00 	4.2565e+00 	2.1282e+00
55 	 1087 	 3.4163e+00 	2.0807e+00 	1.0404e+00
55 	 1088 	 1.4514e+00 	5.9746e-01 	2.9873e-01
55 	 1089 	 3.3035e+00 	1.7885e+00 	8.9426e-01
55 	 1090 	 2.4027e+00 	2.0278e+00 	1.0139e+00
55 	 1091 	 1.9547e+00 	4.3247e+00 	2.1624e+00
55 	 1092 	 3.8442e+00 	9.4308e+00 	4.7154e+00
55 	 1093 	 9.7293e+00 	9.2453e+00 	4.6226e+00
55 	 1094 	 1.9337e+01 	4.1275e+00 	2.0637e+00
55 	 1095 	 4.0974e+00 	1.4185e+00 	7.0923e-01
55 	 1096 	 3.0369e+00 	3.1723e-01 	1.5861e-01
55 	 1097 	 9.5003e-01 	1.1847e-01 	5.9236e-02
55 	 1098 	 9.6535e-01 	1.3425e+00 	6.7125e-01
55 	 1099 	 2.4908e+00 	3.9834e+00 	1.9917e+00
56 	 1100 	 3.0997e+00 	4.3035e+00 	2.1518e+00
56 	 1101 	 3.6043e+00 	2.5163e+00 	1.2582e+00
56 	 1102 	 2.7127e+00 	2.7211e+00 	1.3605e+00
56 	 1103 	 2.7225e+00 	4.7763e+00 	2.3882e+00
56 	 1104 	 3.7379e+00 	1.8450e+00 	9.2249e-01
56 	 1105 	 1.6961e+00 	4.6431e-01 	2.3216e-01
56 	 1106 	 1.5859e+00 	1.2405e-01 	6.2025e-02
56 	 1107 	 1.6598e+00 	1.0011e-01 	5.0056e-02
56 	 1108 	 2.4640e+00 	4.1443e-01 	2.0722e-01
56 	 1109 	 6.2106e-01 	4.2997e-02 	2.1499e-02
56 	 1110 	 1.2612e+00 	6.7479e-01 	3.3739e-01
56 	 1111 	 1.3369e+00 	9.1316e-01 	4.5658e-01
56 	 1112 	 7.6944e-01 	5.8769e-01 	2.9384e-01
56 	 1113 	 1.3077e+00 	1.1665e+00 	5.8327e-01
56 	 1114 	 1.2910e+00 	5.5353e+00 	2.7677e+00
56 	 1115 	 6.6084e+00 	6.1874e+00 	3.0937e+00
56 	 1116 	 8.1564e+00 	5.0178e+00 	2.5089e+00
56 	 1117 	 4.4613e+00 	4.8659e+00 	2.4329e+00
56 	 1118 	 4.1188e+00 	2.5661e-01 	1.2831e-01
56 	 1119 	 5.5492e-01 	1.8282e+00 	9.1409e-01
57 	 1120 	 1.9750e+00 	2.0685e+00 	1.0342e+00
57 	 1121 	 2.2815e+00 	4.3906e+00 	2.1953e+00
57 	 1122 	 3.4044e+00 	1.5772e+00 	7.8860e-01
57 	 1123 	 1.2818e+00 	1.4801e-01 	7.4003e-02
57 	 1124 	 9.8585e-01 	1.0921e+00 	5.4604e-01
57 	 1125 	 2.0787e+00 	6.0705e-01 	3.0352e-01
57 	 1126 	 1.4741e+00 	3.2041e+00 	1.6021e+00
57 	 1127 	 2.8833e+00 	1.8285e+00 	9.1427e-01
57 	 1128 	 1.3423e+00 	3.2745e+00 	1.6372e+00
57 	 1129 	 3.2183e+00 	8.8534e+00 	4.4267e+00
57 	 1130 	 1.0838e+01 	5.1213e+00 	2.5607e+00
57 	 1131 	 7.2443e+00 	1.8131e+00 	9.0653e-01
57 	 1132 	 1.7277e+00 	2.9921e+00 	1.4960e+00
57 	 1133 	 3.1186e+00 	4.6232e+00 	2.3116e+00
57 	 1134 	 4.1443e+00 	6.7384e+00 	3.3692e+00
57 	 1135 	 5.6285e+00 	9.0957e+00 	4.5479e+00
57 	 1136 	 1.1196e+01 	1.3399e+01 	6.6995e+00
57 	 1137 	 2.6541e+01 	9.0989e+00 	4.5495e+00
57 	 1138 	 2.0686e+01 	2.6866e+00 	1.3433e+00
57 	 1139 	 2.4658e+00 	3.3960e+00 	1.6980e+00
58 	 1140 	 3.3070e+00 	2.6776e+00 	1.3388e+00
58 	 1141 	 1.7898e+00 	1.4321e+00 	7.1604e-01
58 	 1142 	 2.3467e+00 	1.4302e+00 	7.1510e-01
58 	 1143 	 1.2505e+00 	2.8627e+00 	1.4313e+00
58 	 1144 	 2.1300e+00 	9.8539e-01 	4.9270e-01
58 	 1145 	 1.3343e+00 	8.9451e-01 	4.4726e-01
58 	 1146 	 3.3909e+00 	7.1016e-01 	3.5508e-01
58 	 1147 	 1.7478e+00 	5.7712e-01 	2.8856e-01
58 	 1148 	 1.1034e+00 	9.4415e-01 	4.7207e-01
58 	 1149 	 2.0616e+00 	2.4947e-01 	1.2473e-01
58 	 1150 	 5.5863e-01 	2.2497e+00 	1.1249e+00
58 	 1151 	 2.6757e+00 	5.3769e+00 	2.6884e+00
58 	 1152 	 4.9793e+00 	4.0765e+00 	2.0383e+00
58 	 1153 	 3.9604e+00 	1.4063e+00 	7.0314e-01
58 	 1154 	 1.3401e+00 	2.9731e+00 	1.4865e+00
58 	 1155 	 2.7920e+00 	6.8352e+00 	3.4176e+00
58 	 1156 	 6.0543e+00 	1.1468e+01 	5.7338e+00
58 	 1157 	 1.4610e+01 	9.7653e+00 	4.8826e+00
58 	 1158 	 1.8811e+01 	4.0884e+00 	2.0442e+00
58 	 1159 	 4.4429e+00 	3.2645e+00 	1.6323e+00
59 	 1160 	 3.2330e+00 	3.0977e+00 	1.5489e+00
59 	 1161 	 2.9306e+00 	2.4839e-01 	1.2420e-01
59 	 1162 	 1.4566e+00 	1.0384e+00 	5.1922e-01
59 	 1163 	 1.4249e+00 	3.5693e-01 	1.7846e-01
59 	 1164 	 1.0968e+00 	7.1932e-01 	3.5966e-01
59 	 1165 	 1.9495e+00 	7.7814e-01 	3.8907e-01
59 	 1166 	 2.1433e+00 	1.0076e+00 	5.0378e-01
59 	 1167 	 1.2559e+00 	1.8470e+00 	9.2351e-01
59 	 1168 	 1.7110e+00 	2.8705e+00 	1.4353e+00
59 	 1169 	 2.9411e+00 	1.0253e+00 	5.1263e-01
59 	 1170 	 1.4661e+00 	2.8868e-01 	1.4434e-01
59 	 1171 	 1.5513e+00 	9.4557e-01 	4.7278e-01
59 	 1172 	 7.7039e-01 	2.1040e+00 	1.0520e+00
59 	 1173 	 2.6512e+00 	3.9654e+00 	1.9827e+00
59 	 1174 	 4.0803e+00 	4.0642e+00 	2.0321e+00
59 	 1175 	 3.4673e+00 	3.2551e+00 	1.6276e+00
59 	 1176 	 2.9041e+00 	4.7467e-01 	2.3733e-01
59 	 1177 	 4.1271e-01 	3.1179e+00 	1.5590e+00
59 	 1178 	 3.6694e+00 	3.2023e+00 	1.6012e+00
59 	 1179 	 1.9275e+00 	2.6560e+00 	1.3280e+00
60 	 1180 	 2.3579e+00 	1.0307e+00 	5.1536e-01
60 	 1181 	 1.6025e+00 	2.9504e+00 	1.4752e+00
60 	 1182 	 2.5349e+00 	5.0735e+00 	2.5367e+00
60 	 1183 	 4.3992e+00 	2.8755e+00 	1.4378e+00
60 	 1184 	 2.3018e+00 	3.2635e-01 	1.6318e-01
60 	 1185 	 1.3993e+00 	2.4596e+00 	1.2298e+00
60 	 1186 	 3.9949e+00 	3.5697e+00 	1.7849e+00
60 	 1187 	 3.5457e+00 	3.6062e+00 	1.8031e+00
60 	 1188 	 3.3480e+00 	5.9237e+00 	2.9619e+00
60 	 1189 	 6.7163e+00 	6.7598e+00 	3.3799e+00
60 	 1190 	 8.2359e+00 	6.7720e+00 	3.3860e+00
60 	 1191 	 6.1095e+00 	3.9064e+00 	1.9532e+00
60 	 1192 	 3.4318e+00 	1.1480e+00 	5.7400e-01
60 	 1193 	 1.6975e+00 	1.2088e+00 	6.0438e-01
60 	 1194 	 8.8524e-01 	1.1454e+00 	5.7272e-01
60 	 1195 	 1.0092e+00 	3.6139e+00 	1.8070e+00
60 	 1196 	 3.3607e+00 	9.5416e+00 	4.7708e+00
60 	 1197 	 9.0042e+00 	5.3563e+00 	2.6781e+00
60 	 1198 	 9.1401e+00 	2.7844e+00 	1.3922e+00
60 	 1199 	 2.9374e+00 	1.0080e+00 	5.0400e-01
61 	 1200 	 1.2973e+00 	1.0084e+00 	5.0419e-01
61 	 1201 	 2.2310e+00 	8.7026e-01 	4.3513e-01
61 	 1202 	 1.2865e+00 	1.2973e+00 	6.4863e-01
61 	 1203 	 9.8362e-01 	1.6137e+00 	8.0683e-01
61 	 1204 	 1.7233e+00 	2.2481e-01 	1.1241e-01
61 	 1205 	 1.8954e+00 	1.7395e+00 	8.6973e-01
61 	 1206 	 1.7688e+00 	8.4148e-01 	4.2074e-01
61 	 1207 	 9.5100e-01 	5.8304e-01 	2.9152e-01
61 	 1208 	 2.1508e+00 	2.2920e+00 	1.1460e+00
61 	 1209 	 1.5529e+00 	3.9867e+00 	1.9933e+00
61 	 1210 	 5.1451e+00 	3.9018e+00 	1.9509e+00
61 	 1211 	 3.4513e+00 	3.6377e+00 	1.8189e+00
61 	 1212 	 3.4421e+00 	3.3037e+00 	1.6519e+00
61 	 1213 	 3.0459e+00 	1.0899e+00 	5.4494e-01
61 	 1214 	 1.4488e+00 	9.4310e-01 	4.7155e-01
61 	 1215 	 2.4603e+00 	1.1561e+00 	5.7806e-01
61 	 1216 	 1.6583e+00 	3.9871e-02 	1.9935e-02
61 	 1217 	 7.9941e-01 	1.0461e+00 	5.2304e-01
61 	 1218 	 1.1869e+00 	2.0493e+00 	1.0247e+00
61 	 1219 	 1.3653e+00 	4.0756e+00 	2.0378e+00
62 	 1220 	 3.9281e+00 	5.1492e+00 	2.5746e+00
62 	 1221 	 4.4572e+00 	5.0267e+00 	2.5134e+00
62 	 1222 	 6.0351e+00 	5.1287e+00 	2.5643e+00
62 	 1223 	 4.7969e+00 	6.1035e+00 	3.0518e+00
62 	 1224 	 6.2989e+00 	7.6953e+00 	3.8477e+00
62 	 1225 	 7.4622e+00 	4.2962e+00 	2.1481e+00
62 	 1226 	 6.8506e+00 	1.8634e+00 	9.3171e-01
62 	 1227 	 1.3281e+00 	4.6201e+00 	2.3101e+00
62 	 1228 	 3.5475e+00 	9.8088e+00 	4.9044e+00
62 	 1229 	 1.0264e+01 	1.2937e+01 	6.4686e+00
62 	 1230 	 2.8275e+01 	5.4830e+00 	2.7415e+00
62 	 1231 	 8.4492e+00 	3.2085e+00 	1.6043e+00
62 	 1232 	 2.4229e+00 	2.2836e+00 	1.1418e+00
62 	 1233 	 1.5260e+00 	7.8288e-01 	3.9144e-01
62 	 1234 	 2.8014e+00 	6.8994e-02 	3.4497e-02
62 	 1235 	 1.1572e+00 	1.0163e+00 	5.0814e-01
62 	 1236 	 1.6229e+00 	8.8406e-01 	4.4203e-01
62 	 1237 	 1.2384e+00 	2.9962e+00 	1.4981e+00
62 	 1238 	 2.5314e+00 	3.3658e-01 	1.6829e-01
62 	 1239 	 6.6422e-01 	5.1454e+00 	2.5727e+00
63 	 1240 	 4.1431e+00 	2.7629e+00 	1.3815e+00
63 	 1241 	 2.4733e+00 	4.7432e-01 	2.3716e-01
63 	 1242 	 9.4368e-01 	1.9519e+00 	9.7597e-01
63 	 1243 	 1.8532e+00 	4.2595e-01 	2.1297e-01
63 	 1244 	 1.4859e+00 	7.6087e-01 	3.8044e-01
63 	 1245 	 1.1197e+00 	3.6096e-01 	1.8048e-01
63 	 1246 	 1.5270e+00 	3.2662e-01 	1.6331e-01
63 	 1247 	 1.3270e+00 	1.0439e+00 	5.2193e-01
63 	 1248 	 9.6475e-01 	3.0565e+00 	1.5282e+00
63 	 1249 	 3.3058e+00 	1.4995e+00 	7.4975e-01
63 	 1250 	 1.2103e+00 	4.4894e-01 	2.2447e-01
63 	 1251 	 1.4565e+00 	1.1610e-01 	5.8049e-02
63 	 1252 	 1.8979e+00 	3.7671e-01 	1.8835e-01
63 	 1253 	 1.3965e+00 	6.6948e-01 	3.3474e-01
63 	 1254 	 1.0142e+00 	2.0605e+00 	1.0303e+00
63 	 1255 	 2.1298e+00 	1.2206e+00 	6.1030e-01
63 	 1256 	 2.6674e+00 	6.5349e-01 	3.2675e-01
63 	 1257 	 1.0740e+00 	3.0447e-01 	1.5224e-01
63 	 1258 	 1.0156e+00 	7.8140e-01 	3.9070e-01
63 	 1259 	 9.3724e-01 	4.7705e+00 	2.3853e+00
64 	 1260 	 4.8419e+00 	7.2542e+00 	3.6271e+00
64 	 1261 	 8.1180e+00 	5.3328e+00 	2.6664e+00
64 	 1262 	 5.5125e+00 	3.6107e-02 	1.8054e-02
64 	 1263 	 1.2703e+00 	5.4119e-01 	2.7060e-01
64 	 1264 	 7.1573e-01 	4.2755e+00 	2.1377e+00
64 	 1265 	 3.6921e+00 	3.9410e+00 	1.9705e+00
64 	 1266 	 5.0531e+00 	1.7234e+00 	8.6168e-01
64 	 1267 	 2.0033e+00 	5.2491e+00 	2.6246e+00
64 	 1268 	 5.2573e+00 	9.1422e-01 	4.5711e-01
64 	 1269 	 8.9568e-01 	1.5665e+00 	7.8324e-01
64 	 1270 	 1.9711e+00 	1.4496e+00 	7.2480e-01
64 	 1271 	 1.4239e+00 	8.0648e-01 	4.0324e-01
64 	 1272 	 1.1274e+00 	9.0106e-01 	4.5053e-01
64 	 1273 	 7.5706e-01 	8.5031e-01 	4.2516e-01
64 	 1274 	 1.3984e+00 	2.0234e+00 	1.0117e+00
64 	 1275 	 2.9786e+00 	1.2804e-01 	6.4019e-02
64 	 1276 	 1.1835e+00 	2.1194e+00 	1.0597e+00
64 	 1277 	 2.6962e+00 	1.7619e+00 	8.8097e-01
64 	 1278 	 1.3264e+00 	7.5560e-01 	3.7780e-01
64 	 1279 	 1.4542e+00 	8.7751e-01 	4.3876e-01
65 	 1280 	 7.8537e-01 	1.6324e+00 	8.1619e-01
65 	 1281 	 1.8707e+00 	4.4491e-01 	2.2246e-01
65 	 1282 	 1.9663e+00 	7.5088e-01 	3.7544e-01
65 	 1283 	 2.4466e+00 	1.6835e-01 	8.4177e-02
65 	 1284 	 2.1174e+00 	1.9058e+00 	9.5288e-01
65 	 1285 	 2.5526e+00 	2.8645e+00 	1.4322e+00
65 	 1286 	 2.2912e+00 	3.2008e+00 	1.6004e+00
65 	 1287 	 2.5183e+00 	5.2089e+00 	2.6044e+00
65 	 1288 	 4.5031e+00 	2.1158e+00 	1.0579e+00
65 	 1289 	 1.7306e+00 	2.5116e+00 	1.2558e+00
65 	 1290 	 2.4612e+00 	2.1504e+00 	1.0752e+00
65 	 1291 	 2.0952e+00 	2.6489e+00 	1.3245e+00
65 	 1292 	 1.7491e+00 	6.0027e+00 	3.0013e+00
65 	 1293 	 5.5451e+00 	6.3933e+00 	3.1967e+00
65 	 1294 	 1.1224e+01 	4.5510e+00 	2.2755e+00
65 	 1295 	 3.4333e+00 	4.4682e+00 	2.2341e+00
65 	 1296 	 3.3195e+00 	7.1364e+00 	3.5682e+00
65 	 1297 	 7.6390e+00 	9.1834e+00 	4.5917e+00
65 	 1298 	 1.6645e+01 	6.1475e+00 	3.0737e+00
65 	 1299 	 4.7532e+00 	3.1270e+00 	1.5635e+00
66 	 1300 	 2.3255e+00 	1.0462e+00 	5.2311e-01
66 	 1301 	 1.2451e+00 	4.3232e-01 	2.1616e-01
66 	 1302 	 9.6947e-01 	6.5008e-02 	3.2504e-02
66 	 1303 	 7.6945e-01 	9.8109e-01 	4.9055e-01
66 	 1304 	 1.1362e+00 	2.1806e+00 	1.0903e+00
66 	 1305 	 2.0063e+00 	6.6210e-02 	3.3105e-02
66 	 1306 	 1.9453e+00 	1.6348e+00 	8.1741e-01
66 	 1307 	 2.2049e+00 	4.6407e+00 	2.3203e+00
66 	 1308 	 4.5027e+00 	6.1991e+00 	3.0995e+00
66 	 1309 	 6.4214e+00 	1.9534e+00 	9.7668e-01
66 	 1310 	 1.3801e+00 	6.4294e-01 	3.2147e-01
66 	 1311 	 1.0989e+00 	1.9519e+00 	9.7597e-01
66 	 1312 	 1.5421e+00 	3.4137e+00 	1.7069e+00
66 	 1313 	 3.0286e+00 	1.3825e+00 	6.9125e-01
66 	 1314 	 2.1281e+00 	1.1281e+00 	5.6406e-01
66 	 1315 	 1.7314e+00 	2.4928e+00 	1.2464e+00
66 	 1316 	 3.0501e+00 	3.7070e+00 	1.8535e+00
66 	 1317 	 3.3375e+00 	2.7348e+00 	1.3674e+00
66 	 1318 	 2.9355e+00 	3.0875e+00 	1.5437e+00
66 	 1319 	 2.5529e+00 	6.4229e+00 	3.2115e+00
67 	 1320 	 5.6947e+00 	4.2347e+00 	2.1173e+00
67 	 1321 	 5.3387e+00 	7.3724e-01 	3.6862e-01
67 	 1322 	 1.1085e+00 	2.5396e+00 	1.2698e+00
67 	 1323 	 3.4851e+00 	2.8322e+00 	1.4161e+00
67 	 1324 	 1.8783e+00 	2.6303e+00 	1.3151e+00
67 	 1325 	 2.7308e+00 	2.4133e+00 	1.2066e+00
67 	 1326 	 1.6047e+00 	3.1612e+00 	1.5806e+00
67 	 1327 	 3.4888e+00 	3.6330e+00 	1.8165e+00
67 	 1328 	 3.0000e+00 	2.3031e+00 	1.1516e+00
67 	 1329 	 2.4430e+00 	3.0988e+00 	1.5494e+00
67 	 1330 	 2.5364e+00 	3.7925e+00 	1.8962e+00
67 	 1331 	 4.1509e+00 	1.5399e+00 	7.6993e-01
67 	 1332 	 1.3198e+00 	5.4425e-01 	2.7212e-01
67 	 1333 	 2.0600e+00 	6.1334e-02 	3.0667e-02
67 	 1334 	 8.9856e-01 	1.8653e-01 	9.3267e-02
67 	 1335 	 1.0913e+00 	8.9297e-01 	4.4649e-01
67 	 1336 	 1.0554e+00 	4.7178e+00 	2.3589e+00
67 	 1337 	 4.4349e+00 	6.2426e+00 	3.1213e+00
67 	 1338 	 5.8783e+00 	8.0563e+00 	4.0281e+00
67 	 1339 	 7.2816e+00 	9.0712e+00 	4.5356e+00
68 	 1340 	 1.3141e+01 	4.3329e+00 	2.1665e+00
68 	 1341 	 5.1343e+00 	8.8507e-01 	4.4253e-01
68 	 1342 	 1.2049e+00 	1.7495e+00 	8.7476e-01
68 	 1343 	 1.0467e+00 	2.8043e+00 	1.4021e+00
68 	 1344 	 2.1869e+00 	5.9672e-01 	2.9836e-01
68 	 1345 	 6.5916e-01 	1.9826e+00 	9.9128e-01
68 	 1346 	 2.5632e+00 	6.3696e+00 	3.1848e+00
68 	 1347 	 5.5397e+00 	7.7641e+00 	3.8820e+00
68 	 1348 	 9.9156e+00 	4.3518e+00 	2.1759e+00
68 	 1349 	 3.0071e+00 	2.6937e+00 	1.3468e+00
68 	 1350 	 2.9632e+00 	1.5481e+00 	7.7407e-01
68 	 1351 	 1.5692e+00 	1.0529e+00 	5.2644e-01
68 	 1352 	 1.5557e+00 	2.4913e+00 	1.2456e+00
68 	 1353 	 1.6113e+00 	5.4683e+00 	2.7342e+00
68 	 1354 	 5.1762e+00 	5.1914e+00 	2.5957e+00
68 	 1355 	 8.1989e+00 	3.7642e+00 	1.8821e+00
68 	 1356 	 4.0366e+00 	5.3081e+00 	2.6541e+00
68 	 1357 	 5.5193e+00 	5.7560e+00 	2.8780e+00
68 	 1358 	 5.0724e+00 	4.0505e+00 	2.0253e+00
68 	 1359 	 3.2859e+00 	1.9596e+00 	9.7982e-01
69 	 1360 	 1.3572e+00 	1.9538e+00 	9.7691e-01
69 	 1361 	 2.5192e+00 	2.3762e+00 	1.1881e+00
69 	 1362 	 1.9558e+00 	1.0003e+00 	5.0015e-01
69 	 1363 	 1.4541e+00 	9.7086e-01 	4.8543e-01
69 	 1364 	 1.5657e+00 	4.2804e-01 	2.1402e-01
69 	 1365 	 1.4869e+00 	1.3586e+00 	6.7931e-01
69 	 1366 	 1.3605e+00 	1.5722e+00 	7.8608e-01
69 	 1367 	 2.0070e+00 	2.0630e-01 	1.0315e-01
69 	 1368 	 8.6682e-01 	1.3471e+00 	6.7353e-01
69 	 1369 	 1.0774e+00 	1.6838e+00 	8.4189e-01
69 	 1370 	 1.5803e+00 	2.1172e+00 	1.0586e+00
69 	 1371 	 1.8088e+00 	3.8454e+00 	1.9227e+00
69 	 1372 	 5.8737e+00 	2.5359e+00 	1.2679e+00
69 	 1373 	 2.4767e+00 	2.0933e+00 	1.0467e+00
69 	 1374 	 1.5700e+00 	3.2465e+00 	1.6233e+00
69 	 1375 	 3.3390e+00 	1.0807e+00 	5.4037e-01
69 	 1376 	 1.8495e+00 	2.2375e-01 	1.1187e-01
69 	 1377 	 1.1031e+00 	1.0884e+00 	5.4422e-01
69 	 1378 	 8.7230e-01 	7.7687e-01 	3.8843e-01
69 	 1379 	 9.6289e-01 	2.0007e+00 	1.0004e+00
70 	 1380 	 1.8126e+00 	1.8003e+00 	9.0015e-01
70 	 1381 	 1.1264e+00 	2.0798e+00 	1.0399e+00
70 	 1382 	 2.0056e+00 	4.4182e-01 	2.2091e-01
70 	 1383 	 2.2175e+00 	6.8424e-01 	3.4212e-01
70 	 1384 	 1.2186e+00 	8.9634e-01 	4.4817e-01
70 	 1385 	 7.9425e-01 	1.9268e+00 	9.6338e-01
70 	 1386 	 1.6437e+00 	1.0705e+00 	5.3523e-01
70 	 1387 	 2.6650e+00 	2.2055e+00 	1.1028e+00
70 	 1388 	 1.7417e+00 	2.3075e+00 	1.1537e+00
70 	 1389 	 2.5987e+00 	4.1400e-01 	2.0700e-01
70 	 1390 	 4.0436e-01 	5.4869e-01 	2.7434e-01
70 	 1391 	 8.3886e-01 	2.2657e+00 	1.1328e+00
70 	 1392 	 3.0376e+00 	2.1878e-01 	1.0939e-01
70 	 1393 	 1.4987e+00 	8.2512e-01 	4.1256e-01
70 	 1394 	 9.3229e-01 	2.5822e+00 	1.2911e+00
70 	 1395 	 2.4180e+00 	4.1005e-01 	2.0502e-01
70 	 1396 	 1.1518e+00 	3.9554e+00 	1.9777e+00
70 	 1397 	 3.1398e+00 	6.1170e+00 	3.0585e+00
70 	 1398 	 5.8424e+00 	3.3792e+00 	1.6896e+00
70 	 1399 	 2.5633e+00 	5.9837e-01 	2.9918e-01
71 	 1400 	 1.7005e+00 	1.1838e+00 	5.9189e-01
71 	 1401 	 2.6688e+00 	1.0490e+00 	5.2449e-01
71 	 1402 	 1.6872e+00 	1.7220e+00 	8.6099e-01
71 	 1403 	 1.1561e+00 	1.9575e+00 	9.7873e-01
71 	 1404 	 1.4105e+00 	2.3638e+00 	1.1819e+00
71 	 1405 	 2.0430e+00 	2.1590e+00 	1.0795e+00
71 	 1406 	 1.5712e+00 	8.8326e-02 	4.4163e-02
71 	 1407 	 3.0475e+00 	5.5475e-01 	2.7738e-01
71 	 1408 	 5.6489e-01 	4.7972e-01 	2.3986e-01
71 	 1409 	 8.0298e-01 	5.4665e-01 	2.7332e-01
71 	 1410 	 7.9178e-01 	7.4613e-01 	3.7307e-01
71 	 1411 	 1.5743e+00 	2.9073e+00 	1.4537e+00
71 	 1412 	 2.0268e+00 	7.9589e+00 	3.9794e+00
71 	 1413 	 8.3020e+00 	3.6612e+00 	1.8306e+00
71 	 1414 	 5.5825e+00 	4.4174e-01 	2.2087e-01
71 	 1415 	 9.5244e-01 	2.3731e+00 	1.1865e+00
71 	 1416 	 2.7677e+00 	4.2200e+00 	2.1100e+00
71 	 1417 	 3.0274e+00 	4.6165e+00 	2.3082e+00
71 	 1418 	 5.4211e+00 	2.7440e+00 	1.3720e+00
71 	 1419 	 2.8058e+00 	1.2964e+00 	6.4819e-01
72 	 1420 	 1.3038e+00 	3.8631e-01 	1.9316e-01
72 	 1421 	 9.3550e-01 	2.2878e+00 	1.1439e+00
72 	 1422 	 1.3725e+00 	8.8126e-01 	4.4063e-01
72 	 1423 	 1.8255e+00 	9.6067e-01 	4.8033e-01
72 	 1424 	 9.2854e-01 	3.6109e+00 	1.8055e+00
72 	 1425 	 3.0445e+00 	4.3317e+00 	2.1659e+00
72 	 1426 	 3.5089e+00 	3.3221e+00 	1.6611e+00
72 	 1427 	 3.1320e+00 	5.3819e+00 	2.6910e+00
72 	 1428 	 5.8316e+00 	4.6852e+00 	2.3426e+00
72 	 1429 	 3.3093e+00 	3.3133e+00 	1.6566e+00
72 	 1430 	 3.5591e+00 	5.0050e+00 	2.5025e+00
72 	 1431 	 4.9249e+00 	6.3715e+00 	3.1857e+00
72 	 1432 	 7.3275e+00 	1.4819e+00 	7.4097e-01
72 	 1433 	 1.0564e+00 	2.7897e+00 	1.3949e+00
72 	 1434 	 4.0456e+00 	3.4577e-01 	1.7288e-01
72 	 1435 	 1.4423e+00 	1.2412e+00 	6.2059e-01
72 	 1436 	 9.4329e-01 	1.1411e-01 	5.7055e-02
72 	 1437 	 8.1866e-01 	1.0248e+00 	5.1240e-01
72 	 1438 	 1.5935e+00 	5.5670e-01 	2.7835e-01
72 	 1439 	 6.6144e-01 	9.9910e-02 	4.9955e-02
73 	 1440 	 8.7604e-01 	1.3046e+00 	6.5232e-01
73 	 1441 	 1.8134e+00 	1.7828e+00 	8.9142e-01
73 	 1442 	 1.5375e+00 	3.4389e+00 	1.7195e+00
73 	 1443 	 3.0654e+00 	8.1662e+00 	4.0831e+00
73 	 1444 	 8.7678e+00 	5.1676e+00 	2.5838e+00
73 	 1445 	 8.1792e+00 	8.5500e-01 	4.2750e-01
73 	 1446 	 8.1143e-01 	1.8443e+00 	9.2213e-01
73 	 1447 	 1.0667e+00 	2.3307e+00 	1.1654e+00
73 	 1448 	 2.6924e+00 	3.0704e+00 	1.5352e+00
73 	 1449 	 2.9725e+00 	3.7748e+00 	1.8874e+00
73 	 1450 	 3.0946e+00 	1.7612e+00 	8.8058e-01
73 	 1451 	 1.8326e+00 	1.1500e+00 	5.7501e-01
73 	 1452 	 1.8333e+00 	3.5798e-01 	1.7899e-01
73 	 1453 	 5.8618e-01 	1.9610e+00 	9.8051e-01
73 	 1454 	 1.5847e+00 	4.1674e+00 	2.0837e+00
73 	 1455 	 3.6429e+00 	1.3991e+00 	6.9957e-01
73 	 1456 	 1.1500e+00 	6.5512e-02 	3.2756e-02
73 	 1457 	 9.7819e-01 	1.7741e+00 	8.8707e-01
73 	 1458 	 1.7065e+00 	1.7288e+00 	8.6440e-01
73 	 1459 	 2.4307e+00 	2.0759e+00 	1.0379e+00
74 	 1460 	 1.4523e+00 	1.6044e+00 	8.0220e-01
74 	 1461 	 2.2957e+00 	8.7544e-01 	4.3772e-01
74 	 1462 	 1.0133e+00 	3.2160e+00 	1.6080e+00
74 	 1463 	 2.4217e+00 	1.9196e+00 	9.5978e-01
74 	 1464 	 1.3308e+00 	9.8140e-01 	4.9070e-01
74 	 1465 	 1.4669e+00 	7.5529e-01 	3.7764e-01
74 	 1466 	 1.5442e+00 	3.3473e-01 	1.6737e-01
74 	 1467 	 2.2627e+00 	1.3814e-01 	6.9069e-02
74 	 1468 	 1.0455e+00 	1.6580e+00 	8.2901e-01
74 	 1469 	 1.4326e+00 	2.4995e+00 	1.2498e+00
74 	 1470 	 1.7673e+00 	2.4250e+00 	1.2125e+00
74 	 1471 	 1.6167e+00 	3.9627e+00 	1.9814e+00
74 	 1472 	 4.1361e+00 	7.7677e+00 	3.8839e+00
74 	 1473 	 7.4711e+00 	8.5913e+00 	4.2957e+00
74 	 1474 	 1.1222e+01 	2.7684e+00 	1.3842e+00
74 	 1475 	 2.6801e+00 	6.0201e-01 	3.0100e-01
74 	 1476 	 2.3240e+00 	1.7216e+00 	8.6081e-01
74 	 1477 	 1.2583e+00 	2.1951e+00 	1.0976e+00
74 	 1478 	 2.3340e+00 	1.7052e+00 	8.5258e-01
74 	 1479 	 3.1549e+00 	1.7568e+00 	8.7838e-01
75 	 1480 	 1.7767e+00 	3.6474e+00 	1.8237e+00
75 	 1481 	 2.3273e+00 	6.8169e+00 	3.4085e+00
75 	 1482 	 6.2217e+00 	4.2730e+00 	2.1365e+00
75 	 1483 	 4.2392e+00 	2.8052e-01 	1.4026e-01
75 	 1484 	 6.9063e-01 	1.2193e-01 	6.0965e-02
75 	 1485 	 1.2180e+00 	6.3314e-01 	3.1657e-01
75 	 1486 	 1.1871e+00 	5.9601e-01 	2.9801e-01
75 	 1487 	 2.0377e+00 	2.9323e+00 	1.4662e+00
75 	 1488 	 2.3847e+00 	3.1036e+00 	1.5518e+00
75 	 1489 	 1.9457e+00 	3.0096e+00 	1.5048e+00
75 	 1490 	 2.4371e+00 	3.4376e+00 	1.7188e+00
75 	 1491 	 3.3788e+00 	2.9859e+00 	1.4929e+00
75 	 1492 	 2.6114e+00 	6.3179e-01 	3.1590e-01
75 	 1493 	 1.5843e+00 	8.4686e-01 	4.2343e-01
75 	 1494 	 1.9013e+00 	1.0768e+00 	5.3839e-01
75 	 1495 	 1.2494e+00 	9.2062e-02 	4.6031e-02
75 	 1496 	 9.0659e-01 	1.4527e-01 	7.2634e-02
75 	 1497 	 1.6066e+00 	3.5822e-01 	1.7911e-01
75 	 1498 	 8.8450e-01 	2.1049e+00 	1.0524e+00
75 	 1499 	 3.4346e+00 	4.7350e+00 	2.3675e+00
76 	 1500 	 3.7464e+00 	5.1313e+00 	2.5656e+00
76 	 1501 	 4.0593e+00 	4.3170e+00 	2.1585e+00
76 	 1502 	 4.2451e+00 	3.7653e+00 	1.8826e+00
76 	 1503 	 3.1932e+00 	1.8616e+00 	9.3081e-01
76 	 1504 	 1.3587e+00 	1.6871e-01 	8.4353e-02
76 	 1505 	 1.0772e+00 	5.2053e-02 	2.6026e-02
76 	 1506 	 1.6779e+00 	7.3493e-01 	3.6747e-01
76 	 1507 	 2.1838e+00 	8.3369e-01 	4.1685e-01
76 	 1508 	 6.4007e-01 	2.4662e-01 	1.2331e-01
76 	 1509 	 2.4104e+00 	1.4712e+00 	7.3562e-01
76 	 1510 	 1.7848e+00 	1.0334e+00 	5.1669e-01
76 	 1511 	 1.5220e+00 	6.7077e-02 	3.3539e-02
76 	 1512 	 8.3889e-01 	1.4019e+00 	7.0097e-01
76 	 1513 	 2.1562e+00 	4.4303e+00 	2.2152e+00
76 	 1514 	 4.9658e+00 	2.7575e+00 	1.3787e+00
76 	 1515 	 2.0702e+00 	1.5963e-01 	7.9813e-02
76 	 1516 	 6.8676e-01 	6.9144e-01 	3.4572e-01
76 	 1517 	 1.2534e+00 	1.2597e+00 	6.2983e-01
76 	 1518 	 1.1719e+00 	3.1760e+00 	1.5880e+00
76 	 1519 	 3.1011e+00 	2.3885e+00 	1.1942e+00
77 	 1520 	 2.5788e+00 	5.1373e-01 	2.5687e-01
77 	 1521 	 1.1512e+00 	6.7537e-01 	3.3768e-01
77 	 1522 	 9.9851e-01 	5.9546e-01 	2.9773e-01
77 	 1523 	 1.9853e+00 	4.9621e-02 	2.4810e-02
77 	 1524 	 6.3650e-01 	8.7177e-01 	4.3588e-01
77 	 1525 	 1.0524e+00 	9.6347e-01 	4.8173e-01
77 	 1526 	 8.1838e-01 	1.5418e+00 	7.7090e-01
77 	 1527 	 2.3455e+00 	4.1861e-01 	2.0930e-01
77 	 1528 	 2.2921e+00 	3.4168e+00 	1.7084e+00
77 	 1529 	 3.4224e+00 	5.4561e+00 	2.7281e+00
77 	 1530 	 4.7108e+00 	3.6611e+00 	1.8306e+00
77 	 1531 	 2.9326e+00 	8.2159e-01 	4.1079e-01
77 	 1532 	 9.1626e-01 	2.1917e+00 	1.0958e+00
77 	 1533 	 2.9895e+00 	5.1752e-01 	2.5876e-01
77 	 1534 	 7.6490e-01 	4.0372e-01 	2.0186e-01
77 	 1535 	 2.2328e+00 	6.2468e-01 	3.1234e-01
77 	 1536 	 1.3035e+00 	2.7295e+00 	1.3648e+00
77 	 1537 	 2.0984e+00 	2.7898e+00 	1.3949e+00
77 	 1538 	 2.6672e+00 	4.3275e-01 	2.1638e-01
77 	 1539 	 1.6468e+00 	6.0522e-01 	3.0261e-01
78 	 1540 	 5.7689e-01 	1.5571e+00 	7.7856e-01
78 	 1541 	 1.9507e+00 	3.9154e-01 	1.9577e-01
78 	 1542 	 9.9987e-01 	5.4302e-01 	2.7151e-01
78 	 1543 	 1.0328e+00 	2.4963e+00 	1.2482e+00
78 	 1544 	 2.1480e+00 	2.0373e+00 	1.0187e+00
78 	 1545 	 1.6001e+00 	2.9421e-01 	1.4711e-01
78 	 1546 	 1.3578e+00 	1.0089e-01 	5.0444e-02
78 	 1547 	 1.4859e+00 	6.5832e-01 	3.2916e-01
78 	 1548 	 9.5026e-01 	1.4329e+00 	7.1645e-01
78 	 1549 	 2.6287e+00 	2.6299e+00 	1.3149e+00
78 	 1550 	 2.2954e+00 	2.9962e+00 	1.4981e+00
78 	 1551 	 2.1992e+00 	2.8626e+00 	1.4313e+00
78 	 1552 	 3.9162e+00 	5.1469e+00 	2.5735e+00
78 	 1553 	 5.5173e+00 	9.7355e+00 	4.8677e+00
78 	 1554 	 1.0099e+01 	9.1295e+00 	4.5648e+00
78 	 1555 	 1.6958e+01 	4.7767e+00 	2.3883e+00
78 	 1556 	 4.8681e+00 	3.8030e+00 	1.9015e+00
78 	 1557 	 2.5040e+00 	1.0007e+00 	5.0036e-01
78 	 1558 	 6.5812e-01 	2.1381e-01 	1.0690e-01
78 	 1559 	 1.2557e+00 	2.9460e+00 	1.4730e+00
79 	 1560 	 2.9730e+00 	2.5103e+00 	1.2552e+00
79 	 1561 	 2.7200e+00 	2.1957e+00 	1.0979e+00
79 	 1562 	 1.6180e+00 	4.2786e+00 	2.1393e+00
79 	 1563 	 4.3268e+00 	4.6540e+00 	2.3270e+00
79 	 1564 	 3.9603e+00 	2.0022e+00 	1.0011e+00
79 	 1565 	 1.6540e+00 	1.5870e-01 	7.9351e-02
79 	 1566 	 2.0328e+00 	3.4794e-01 	1.7397e-01
79 	 1567 	 1.4766e+00 	1.6835e+00 	8.4177e-01
79 	 1568 	 2.7543e+00 	3.8804e+00 	1.9402e+00
79 	 1569 	 3.3696e+00 	3.8861e+00 	1.9430e+00
79 	 1570 	 3.4744e+00 	1.5204e+00 	7.6018e-01
79 	 1571 	 1.2272e+00 	1.6824e-02 	8.4122e-03
79 	 1572 	 3.0598e+00 	1.7551e+00 	8.7755e-01
79 	 1573 	 2.5062e+00 	4.1587e+00 	2.0793e+00
79 	 1574 	 3.1970e+00 	2.9698e+00 	1.4849e+00
79 	 1575 	 2.6898e+00 	1.6091e+00 	8.0457e-01
79 	 1576 	 1.0320e+00 	1.4365e+00 	7.1827e-01
79 	 1577 	 1.1318e+00 	8.2549e-01 	4.1274e-01
79 	 1578 	 7.9083e-01 	2.8671e-02 	1.4336e-02
79 	 1579 	 9.2927e-01 	9.1044e-01 	4.5522e-01
80 	 1580 	 8.5262e-01 	8.8767e-01 	4.4383e-01
80 	 1581 	 1.0955e+00 	8.2673e-01 	4.1336e-01
80 	 1582 	 9.1350e-01 	2.2888e+00 	1.1444e+00
80 	 1583 	 1.8810e+00 	4.5710e+00 	2.2855e+00
80 	 1584 	 3.0248e+00 	4.4742e+00 	2.2371e+00
80 	 1585 	 6.9415e+00 	3.1498e+00 	1.5749e+00
80 	 1586 	 2.0203e+00 	7.9090e+00 	3.9545e+00
80 	 1587 	 7.6035e+00 	7.7939e+00 	3.8969e+00
80 	 1588 	 1.5711e+01 	4.6226e+00 	2.3113e+00
80 	 1589 	 6.1965e+00 	3.2454e+00 	1.6227e+00
80 	 1590 	 3.2839e+00 	8.2762e-01 	4.1381e-01
80 	 1591 	 1.0623e+00 	1.5649e+00 	7.8244e-01
80 	 1592 	 2.3988e+00 	2.0433e-01 	1.0217e-01
80 	 1593 	 2.1597e+00 	2.6407e+00 	1.3203e+00
80 	 1594 	 2.0263e+00 	2.5653e+00 	1.2827e+00
80 	 1595 	 2.1241e+00 	4.9496e-01 	2.4748e-01
80 	 1596 	 1.1539e+00 	1.9844e-01 	9.9222e-02
80 	 1597 	 8.6902e-01 	2.6064e+00 	1.3032e+00
80 	 1598 	 2.5462e+00 	3.8213e+00 	1.9106e+00
80 	 1599 	 3.5392e+00 	2.6859e+00 	1.3430e+00
81 	 1600 	 2.5991e+00 	1.3726e+00 	6.8629e-01
81 	 1601 	 1.5398e+00 	2.6120e+00 	1.3060e+00
81 	 1602 	 2.3604e+00 	5.7662e+00 	2.8831e+00
81 	 1603 	 4.3891e+00 	4.4478e+00 	2.2239e+00
81 	 1604 	 5.8427e+00 	9.8353e-02 	4.9177e-02
81 	 1605 	 2.1701e+00 	3.5864e+00 	1.7932e+00
81 	 1606 	 2.9017e+00 	2.9578e+00 	1.4789e+00
81 	 1607 	 2.0664e+00 	7.0270e-01 	3.5135e-01
81 	 1608 	 8.2589e-01 	1.2817e+00 	6.4085e-01
81 	 1609 	 1.6443e+00 	2.2511e+00 	1.1256e+00
81 	 1610 	 1.8748e+00 	1.4785e+00 	7.3925e-01
81 	 1611 	 9.7861e-01 	2.1879e+00 	1.0939e+00
81 	 1612 	 2.0938e+00 	7.8291e+00 	3.9145e+00
81 	 1613 	 7.4890e+00 	5.0543e+00 	2.5271e+00
81 	 1614 	 8.0294e+00 	2.4506e+00 	1.2253e+00
81 	 1615 	 2.0436e+00 	9.3048e-01 	4.6524e-01
81 	 1616 	 1.4258e+00 	1.2705e-01 	6.3526e-02
81 	 1617 	 1.3805e+00 	1.2760e+00 	6.3798e-01
81 	 1618 	 1.1179e+00 	1.3188e+00 	6.5938e-01
81 	 1619 	 2.6422e+00 	2.3767e+00 	1.1883e+00
82 	 1620 	 2.2107e+00 	6.3483e-01 	3.1741e-01
82 	 1621 	 7.5731e-01 	1.2194e+00 	6.0972e-01
82 	 1622 	 1.9933e+00 	6.4991e-01 	3.2496e-01
82 	 1623 	 1.2149e+00 	5.8371e+00 	2.9185e+00
82 	 1624 	 6.9443e+00 	5.5527e+00 	2.7764e+00
82 	 1625 	 8.3737e+00 	7.5138e-01 	3.7569e-01
82 	 1626 	 6.8033e-01 	4.9235e-01 	2.4617e-01
82 	 1627 	 8.5838e-01 	7.1423e-01 	3.5711e-01
82 	 1628 	 1.8189e+00 	2.5164e+00 	1.2582e+00
82 	 1629 	 1.4887e+00 	4.6842e+00 	2.3421e+00
82 	 1630 	 5.5055e+00 	1.8725e+00 	9.3623e-01
82 	 1631 	 1.1491e+00 	2.7262e+00 	1.3631e+00
82 	 1632 	 2.0996e+00 	4.1388e+00 	2.0694e+00
82 	 1633 	 3.8664e+00 	1.4783e+00 	7.3913e-01
82 	 1634 	 1.0553e+00 	1.8101e-02 	9.0505e-03
82 	 1635 	 8.9682e-01 	1.8444e+00 	9.2218e-01
82 	 1636 	 1.9106e+00 	9.1511e-02 	4.5755e-02
82 	 1637 	 4.4204e-01 	1.1947e+00 	5.9734e-01
82 	 1638 	 1.1336e+00 	1.5094e+00 	7.5469e-01
82 	 1639 	 1.2713e+00 	2.8586e+00 	1.4293e+00
83 	 1640 	 2.3224e+00 	1.7123e+00 	8.5615e-01
83 	 1641 	 1.0216e+00 	3.2632e+00 	1.6316e+00
83 	 1642 	 3.3103e+00 	5.4820e+00 	2.7410e+00
83 	 1643 	 4.4431e+00 	3.4219e+00 	1.7109e+00
83 	 1644 	 3.1994e+00 	1.8170e+00 	9.0852e-01
83 	 1645 	 1.4140e+00 	3.7959e+00 	1.8979e+00
83 	 1646 	 2.7805e+00 	6.1458e+00 	3.0729e+00
83 	 1647 	 6.4555e+00 	3.0562e+00 	1.5281e+00
83 	 1648 	 2.6932e+00 	1.4492e+00 	7.2458e-01
83 	 1649 	 1.7699e+00 	3.6604e+00 	1.8302e+00
83 	 1650 	 3.0048e+00 	3.4889e+00 	1.7444e+00
83 	 1651 	 3.6187e+00 	2.9215e+00 	1.4607e+00
83 	 1652 	 2.3774e+00 	4.1351e+00 	2.0676e+00
83 	 1653 	 3.2712e+00 	5.9447e+00 	2.9723e+00
83 	 1654 	 5.9200e+00 	6.2285e+00 	3.1143e+00
83 	 1655 	 8.2139e+00 	3.1325e+00 	1.5662e+00
83 	 1656 	 2.2977e+00 	9.4592e-01 	4.7296e-01
83 	 1657 	 1.5519e+00 	4.1571e+00 	2.0785e+00
83 	 1658 	 3.5445e+00 	2.9036e+00 	1.4518e+00
83 	 1659 	 2.5318e+00 	1.1879e+00 	5.9395e-01
84 	 1660 	 1.5535e+00 	1.7487e+00 	8.7434e-01
84 	 1661 	 1.4052e+00 	1.1135e-01 	5.5676e-02
84 	 1662 	 1.2244e+00 	7.5654e-01 	3.7827e-01
84 	 1663 	 1.5496e+00 	1.4200e+00 	7.1002e-01
84 	 1664 	 1.8491e+00 	2.4980e+00 	1.2490e+00
84 	 1665 	 1.7849e+00 	2.2372e+00 	1.1186e+00
84 	 1666 	 1.4759e+00 	2.3893e+00 	1.1946e+00
84 	 1667 	 2.1783e+00 	2.4016e+00 	1.2008e+00
84 	 1668 	 2.2952e+00 	1.0860e+00 	5.4302e-01
84 	 1669 	 2.0351e+00 	1.6565e+00 	8.2824e-01
84 	 1670 	 1.7076e+00 	3.7513e-01 	1.8757e-01
84 	 1671 	 8.3205e-01 	2.9612e+00 	1.4806e+00
84 	 1672 	 2.5303e+00 	2.6371e+00 	1.3185e+00
84 	 1673 	 2.3637e+00 	3.2352e-02 	1.6176e-02
84 	 1674 	 6.3308e-01 	2.6645e+00 	1.3323e+00
84 	 1675 	 2.3227e+00 	2.4911e+00 	1.2455e+00
84 	 1676 	 2.4468e+00 	2.7667e+00 	1.3834e+00
84 	 1677 	 2.0257e+00 	1.7043e+00 	8.5213e-01
84 	 1678 	 2.0523e+00 	8.7941e-01 	4.3970e-01
84 	 1679 	 6.2553e-01 	1.9659e+00 	9.8296e-01
85 	 1680 	 3.1468e+00 	2.3671e+00 	1.1836e+00
85 	 1681 	 1.8093e+00 	2.3102e+00 	1.1551e+00
85 	 1682 	 1.6622e+00 	9.3735e-01 	4.6867e-01
85 	 1683 	 1.2195e+00 	1.2644e+00 	6.3218e-01
85 	 1684 	 1.0673e+00 	8.6505e-01 	4.3252e-01
85 	 1685 	 1.5495e+00 	2.6354e-02 	1.3177e-02
85 	 1686 	 9.7482e-01 	1.4177e+00 	7.0884e-01
85 	 1687 	 2.4384e+00 	2.4663e-01 	1.2331e-01
85 	 1688 	 9.6068e-01 	2.5143e+00 	1.2572e+00
85 	 1689 	 1.9169e+00 	4.4528e+00 	2.2264e+00
85 	 1690 	 3.8532e+00 	6.1530e+00 	3.0765e+00
85 	 1691 	 5.8142e+00 	3.8461e+00 	1.9230e+00
85 	 1692 	 3.5957e+00 	9.9861e-01 	4.9931e-01
85 	 1693 	 2.1694e+00 	2.9090e+00 	1.4545e+00
85 	 1694 	 2.9106e+00 	5.4063e+00 	2.7032e+00
85 	 1695 	 4.8238e+00 	4.7985e+00 	2.3993e+00
85 	 1696 	 5.9402e+00 	6.2618e+00 	3.1309e+00
85 	 1697 	 5.5705e+00 	4.3856e+00 	2.1928e+00
85 	 1698 	 5.3769e+00 	5.3002e-02 	2.6501e-02
85 	 1699 	 9.8729e-01 	1.1000e+00 	5.5000e-01
86 	 1700 	 2.9644e+00 	1.9167e+00 	9.5835e-01
86 	 1701 	 2.4292e+00 	1.5316e+00 	7.6582e-01
86 	 1702 	 1.4037e+00 	1.0871e+00 	5.4357e-01
86 	 1703 	 1.0112e+00 	6.9663e-01 	3.4832e-01
86 	 1704 	 7.4906e-01 	2.4939e+00 	1.2469e+00
86 	 1705 	 2.9347e+00 	2.8492e+00 	1.4246e+00
86 	 1706 	 1.7186e+00 	6.3750e+00 	3.1875e+00
86 	 1707 	 6.7082e+00 	1.0290e+01 	5.1451e+00
86 	 1708 	 1.2339e+01 	8.0105e+00 	4.0052e+00
86 	 1709 	 1.5870e+01 	5.2355e+00 	2.6178e+00
86 	 1710 	 4.8595e+00 	3.0746e+00 	1.5373e+00
86 	 1711 	 3.6361e+00 	1.8321e+00 	9.1604e-01
86 	 1712 	 1.2155e+00 	2.7095e+00 	1.3547e+00
86 	 1713 	 2.2267e+00 	2.1026e-01 	1.0513e-01
86 	 1714 	 2.9961e-01 	3.9738e-01 	1.9869e-01
86 	 1715 	 1.1843e+00 	3.5851e+00 	1.7926e+00
86 	 1716 	 3.7825e+00 	1.5433e+00 	7.7165e-01
86 	 1717 	 1.3470e+00 	2.5589e-01 	1.2795e-01
86 	 1718 	 7.0386e-01 	2.0772e-01 	1.0386e-01
86 	 1719 	 1.3009e+00 	5.3914e-01 	2.6957e-01
87 	 1720 	 6.9646e-01 	1.8769e+00 	9.3847e-01
87 	 1721 	 3.1560e+00 	3.9064e+00 	1.9532e+00
87 	 1722 	 3.6421e+00 	6.0133e+00 	3.0067e+00
87 	 1723 	 6.5112e+00 	4.2950e+00 	2.1475e+00
87 	 1724 	 3.1098e+00 	1.1885e+00 	5.9426e-01
87 	 1725 	 1.1614e+00 	4.6233e-01 	2.3116e-01
87 	 1726 	 5.9929e-01 	1.2143e+00 	6.0715e-01
87 	 1727 	 2.2226e+00 	8.2666e-01 	4.1333e-01
87 	 1728 	 1.0303e+00 	2.0361e+00 	1.0180e+00
87 	 1729 	 2.7205e+00 	2.6431e+00 	1.3215e+00
87 	 1730 	 2.0238e+00 	1.9181e+00 	9.5907e-01
87 	 1731 	 3.0465e+00 	9.1424e-01 	4.5712e-01
87 	 1732 	 1.4343e+00 	3.5980e-01 	1.7990e-01
87 	 1733 	 9.0661e-01 	1.3897e-01 	6.9487e-02
87 	 1734 	 6.1722e-01 	6.6138e-01 	3.3069e-01
87 	 1735 	 7.7099e-01 	5.7439e-01 	2.8719e-01
87 	 1736 	 6.4427e-01 	2.1961e+00 	1.0980e+00
87 	 1737 	 1.5386e+00 	3.4792e+00 	1.7396e+00
87 	 1738 	 2.5463e+00 	2.0804e+00 	1.0402e+00
87 	 1739 	 2.5344e+00 	1.2520e-01 	6.2599e-02
88 	 1740 	 1.4144e+00 	1.4885e-01 	7.4427e-02
88 	 1741 	 8.0202e-01 	3.0115e+00 	1.5058e+00
88 	 1742 	 2.0074e+00 	4.7419e+00 	2.3710e+00
88 	 1743 	 4.8645e+00 	1.2654e+00 	6.3271e-01
88 	 1744 	 9.6080e-01 	6.6970e-01 	3.3485e-01
88 	 1745 	 2.2557e+00 	1.8905e+00 	9.4526e-01
88 	 1746 	 1.2977e+00 	8.6786e-01 	4.3393e-01
88 	 1747 	 1.1215e+00 	1.8156e+00 	9.0782e-01
88 	 1748 	 3.2735e+00 	4.0905e-01 	2.0452e-01
88 	 1749 	 8.5671e-01 	1.6017e+00 	8.0084e-01
88 	 1750 	 1.8021e+00 	2.7779e+00 	1.3890e+00
88 	 1751 	 3.2203e+00 	2.4037e+00 	1.2018e+00
88 	 1752 	 1.7370e+00 	5.5093e-01 	2.7546e-01
88 	 1753 	 6.4516e-01 	2.5564e+00 	1.2782e+00
88 	 1754 	 2.5405e+00 	2.7062e+00 	1.3531e+00
88 	 1755 	 2.0651e+00 	2.1673e-01 	1.0837e-01
88 	 1756 	 1.1605e+00 	3.0872e+00 	1.5436e+00
88 	 1757 	 2.8303e+00 	2.8577e+00 	1.4288e+00
88 	 1758 	 2.6805e+00 	9.6505e-01 	4.8253e-01
88 	 1759 	 5.8459e-01 	4.2358e+00 	2.1179e+00
89 	 1760 	 3.1033e+00 	5.4983e+00 	2.7491e+00
89 	 1761 	 6.1186e+00 	2.6111e+00 	1.3056e+00
89 	 1762 	 2.8503e+00 	1.8326e+00 	9.1628e-01
89 	 1763 	 3.0160e+00 	2.7100e+00 	1.3550e+00
89 	 1764 	 2.7414e+00 	1.4542e-01 	7.2709e-02
89 	 1765 	 7.8983e-01 	7.4658e-01 	3.7329e-01
89 	 1766 	 1.8175e+00 	4.4473e-02 	2.2236e-02
89 	 1767 	 6.5333e-01 	1.0809e+00 	5.4043e-01
89 	 1768 	 1.3630e+00 	1.8763e+00 	9.3814e-01
89 	 1769 	 1.6984e+00 	1.1280e+00 	5.6401e-01
89 	 1770 	 1.4189e+00 	9.8940e-01 	4.9470e-01
89 	 1771 	 8.9490e-01 	1.9182e+00 	9.5910e-01
89 	 1772 	 2.7418e+00 	1.4570e+00 	7.2849e-01
89 	 1773 	 2.4649e+00 	3.6753e-01 	1.8376e-01
89 	 1774 	 1.0943e+00 	2.4817e+00 	1.2408e+00
89 	 1775 	 2.2261e+00 	5.1284e+00 	2.5642e+00
89 	 1776 	 4.3623e+00 	2.3295e+00 	1.1647e+00
89 	 1777 	 1.9402e+00 	1.2583e-01 	6.2917e-02
89 	 1778 	 5.9677e-01 	6.5307e-01 	3.2654e-01
89 	 1779 	 9.1834e-01 	4.0397e-01 	2.0198e-01
90 	 1780 	 1.3810e+00 	6.1970e-01 	3.0985e-01
90 	 1781 	 2.4032e+00 	2.8888e-01 	1.4444e-01
90 	 1782 	 7.9133e-01 	5.7479e-01 	2.8740e-01
90 	 1783 	 1.3739e+00 	3.5687e-01 	1.7844e-01
90 	 1784 	 1.1304e+00 	1.1649e+00 	5.8243e-01
90 	 1785 	 2.2201e+00 	8.0589e-01 	4.0295e-01
90 	 1786 	 5.7777e-01 	2.5377e+00 	1.2689e+00
90 	 1787 	 2.1725e+00 	5.0273e-01 	2.5136e-01
90 	 1788 	 9.1636e-01 	4.6870e-01 	2.3435e-01
90 	 1789 	 1.3456e+00 	2.6599e-01 	1.3300e-01
90 	 1790 	 5.0007e-01 	8.3226e-01 	4.1613e-01
90 	 1791 	 1.4280e+00 	1.9712e+00 	9.8559e-01
90 	 1792 	 2.0462e+00 	5.4792e-01 	2.7396e-01
90 	 1793 	 1.6903e+00 	1.4140e+00 	7.0702e-01
90 	 1794 	 1.5290e+00 	4.0885e+00 	2.0442e+00
90 	 1795 	 3.3793e+00 	3.0014e+00 	1.5007e+00
90 	 1796 	 2.7495e+00 	2.7012e+00 	1.3506e+00
90 	 1797 	 1.9774e+00 	3.5319e-02 	1.7659e-02
90 	 1798 	 8.9638e-01 	1.3549e+00 	6.7744e-01
90 	 1799 	 1.1601e+00 	5.3307e-01 	2.6653e-01
91 	 1800 	 8.2537e-01 	8.4768e-01 	4.2384e-01
91 	 1801 	 1.6282e+00 	2.5742e-01 	1.2871e-01
91 	 1802 	 9.6559e-01 	9.3114e-01 	4.6557e-01
91 	 1803 	 8.9836e-01 	1.4229e+00 	7.1144e-01
91 	 1804 	 2.8313e+00 	1.8911e+00 	9.4555e-01
91 	 1805 	 1.1089e+00 	2.2772e+00 	1.1386e+00
91 	 1806 	 1.5563e+00 	1.6572e+00 	8.2860e-01
91 	 1807 	 1.6653e+00 	7.0317e-01 	3.5158e-01
91 	 1808 	 9.4125e-01 	3.2143e-01 	1.6071e-01
91 	 1809 	 1.0715e+00 	5.4193e-01 	2.7097e-01
91 	 1810 	 8.3274e-01 	4.8406e-01 	2.4203e-01
91 	 1811 	 1.5444e+00 	1.0283e+00 	5.1417e-01
91 	 1812 	 2.5045e+00 	2.2286e+00 	1.1143e+00
91 	 1813 	 2.0957e+00 	2.7422e+00 	1.3711e+00
91 	 1814 	 3.4913e+00 	3.9173e+00 	1.9586e+00
91 	 1815 	 2.4527e+00 	3.6188e+00 	1.8094e+00
91 	 1816 	 3.6604e+00 	1.6344e+00 	8.1719e-01
91 	 1817 	 1.3264e+00 	1.1738e+00 	5.8690e-01
91 	 1818 	 2.9849e+00 	2.2211e+00 	1.1106e+00
91 	 1819 	 2.0401e+00 	1.8413e+00 	9.2063e-01
92 	 1820 	 2.6440e+00 	3.5601e-01 	1.7801e-01
92 	 1821 	 6.8818e-01 	2.4539e+00 	1.2269e+00
92 	 1822 	 1.6983e+00 	1.4770e+00 	7.3852e-01
92 	 1823 	 1.0481e+00 	2.6402e-01 	1.3201e-01
92 	 1824 	 1.2537e+00 	5.3969e-01 	2.6985e-01
92 	 1825 	 1.6337e+00 	2.0706e+00 	1.0353e+00
92 	 1826 	 1.9219e+00 	1.5867e+00 	7.9336e-01
92 	 1827 	 1.0670e+00 	1.7107e+00 	8.5533e-01
92 	 1828 	 1.7534e+00 	1.4048e+00 	7.0241e-01
92 	 1829 	 2.5733e+00 	9.1974e-01 	4.5987e-01
92 	 1830 	 1.3876e+00 	2.4317e-01 	1.2158e-01
92 	 1831 	 4.1026e-01 	4.2162e-01 	2.1081e-01
92 	 1832 	 6.6013e-01 	2.2193e+00 	1.1097e+00
92 	 1833 	 1.7742e+00 	4.6782e+00 	2.3391e+00
92 	 1834 	 3.7589e+00 	3.8502e+00 	1.9251e+00
92 	 1835 	 4.3462e+00 	1.4820e+00 	7.4099e-01
92 	 1836 	 2.3296e+00 	3.4795e+00 	1.7397e+00
92 	 1837 	 2.6351e+00 	2.4859e+00 	1.2430e+00
92 	 1838 	 3.0873e+00 	1.5013e+00 	7.5067e-01
92 	 1839 	 1.2637e+00 	5.0310e+00 	2.5155e+00
93 	 1840 	 4.9227e+00 	4.5940e+00 	2.2970e+00
93 	 1841 	 5.3260e+00 	3.4724e+00 	1.7362e+00
93 	 1842 	 3.0782e+00 	1.7807e+00 	8.9035e-01
93 	 1843 	 1.1403e+00 	3.1429e+00 	1.5714e+00
93 	 1844 	 3.0789e+00 	5.9678e+00 	2.9839e+00
93 	 1845 	 5.2598e+00 	3.9021e+00 	1.9510e+00
93 	 1846 	 4.0109e+00 	5.1279e-01 	2.5639e-01
93 	 1847 	 1.0047e+00 	1.6529e+00 	8.2643e-01
93 	 1848 	 9.9473e-01 	4.6853e+00 	2.3427e+00
93 	 1849 	 3.5349e+00 	2.7766e+00 	1.3883e+00
93 	 1850 	 2.3562e+00 	5.3241e-01 	2.6620e-01
93 	 1851 	 9.3925e-01 	2.0209e+00 	1.0105e+00
93 	 1852 	 1.3364e+00 	2.3155e+00 	1.1577e+00
93 	 1853 	 2.1644e+00 	3.5603e+00 	1.7801e+00
93 	 1854 	 2.7387e+00 	7.5535e+00 	3.7768e+00
93 	 1855 	 1.1634e+01 	1.1468e+01 	5.7342e+00
93 	 1856 	 1.3953e+01 	8.1679e+00 	4.0840e+00
93 	 1857 	 1.3682e+01 	1.3932e+00 	6.9660e-01
93 	 1858 	 9.8884e-01 	4.3363e-01 	2.1682e-01
93 	 1859 	 1.5860e+00 	1.6318e+00 	8.1588e-01
94 	 1860 	 1.1500e+00 	1.8486e+00 	9.2431e-01
94 	 1861 	 1.4851e+00 	1.1057e+00 	5.5287e-01
94 	 1862 	 9.5064e-01 	1.2891e+00 	6.4456e-01
94 	 1863 	 1.2559e+00 	4.7194e+00 	2.3597e+00
94 	 1864 	 6.2322e+00 	5.2602e+00 	2.6301e+00
94 	 1865 	 5.2012e+00 	2.0070e+00 	1.0035e+00
94 	 1866 	 1.5705e+00 	2.4330e+00 	1.2165e+00
94 	 1867 	 2.4622e+00 	3.0328e+00 	1.5164e+00
94 	 1868 	 2.5098e+00 	2.8306e+00 	1.4153e+00
94 	 1869 	 1.7007e+00 	2.4315e+00 	1.2157e+00
94 	 1870 	 2.9851e+00 	1.5825e+00 	7.9127e-01
94 	 1871 	 1.0394e+00 	1.6306e+00 	8.1532e-01
94 	 1872 	 1.6182e+00 	2.6758e-01 	1.3379e-01
94 	 1873 	 1.9387e+00 	3.5357e+00 	1.7678e+00
94 	 1874 	 2.4738e+00 	3.4136e+00 	1.7068e+00
94 	 1875 	 4.6188e+00 	1.5990e+00 	7.9948e-01
94 	 1876 	 1.0967e+00 	1.9933e+00 	9.9664e-01
94 	 1877 	 2.2326e+00 	1.8344e+00 	9.1721e-01
94 	 1878 	 1.6320e+00 	2.5991e+00 	1.2996e+00
94 	 1879 	 2.4009e+00 	6.0976e-01 	3.0488e-01
95 	 1880 	 3.7349e-01 	3.6610e+00 	1.8305e+00
95 	 1881 	 3.2048e+00 	6.9086e+00 	3.4543e+00
95 	 1882 	 7.1411e+00 	1.0667e+01 	5.3336e+00
95 	 1883 	 1.6189e+01 	5.2876e+00 	2.6438e+00
95 	 1884 	 9.7225e+00 	7.5265e-01 	3.7633e-01
95 	 1885 	 1.3059e+00 	7.9841e-01 	3.9920e-01
95 	 1886 	 8.7924e-01 	4.7485e-01 	2.3743e-01
95 	 1887 	 1.0882e+00 	5.7465e-01 	2.8733e-01
95 	 1888 	 1.6353e+00 	5.6578e-01 	2.8289e-01
95 	 1889 	 7.8365e-01 	2.2424e+00 	1.1212e+00
95 	 1890 	 2.1190e+00 	3.3500e+00 	1.6750e+00
95 	 1891 	 2.2137e+00 	3.9379e+00 	1.9689e+00
95 	 1892 	 3.8623e+00 	2.0835e+00 	1.0417e+00
95 	 1893 	 1.3795e+00 	9.0686e-01 	4.5343e-01
95 	 1894 	 1.0706e+00 	2.9001e+00 	1.4501e+00
95 	 1895 	 3.2769e+00 	4.5478e+00 	2.2739e+00
95 	 1896 	 3.8843e+00 	2.4356e+00 	1.2178e+00
95 	 1897 	 2.3235e+00 	1.4238e+00 	7.1189e-01
95 	 1898 	 2.2055e+00 	8.8271e-01 	4.4136e-01
95 	 1899 	 1.0013e+00 	1.6447e+00 	8.2237e-01
96 	 1900 	 1.8132e+00 	3.7069e-01 	1.8534e-01
96 	 1901 	 4.4206e-01 	2.9355e+00 	1.4678e+00
96 	 1902 	 2.1595e+00 	4.6093e+00 	2.3046e+00
96 	 1903 	 3.2294e+00 	2.3432e+00 	1.1716e+00
96 	 1904 	 1.8487e+00 	1.7063e+00 	8.5313e-01
96 	 1905 	 1.4910e+00 	3.7910e+00 	1.8955e+00
96 	 1906 	 4.2307e+00 	3.5576e+00 	1.7788e+00
96 	 1907 	 2.7646e+00 	1.1945e+00 	5.9727e-01
96 	 1908 	 1.5219e+00 	2.2436e+00 	1.1218e+00
96 	 1909 	 2.9640e+00 	7.3069e+00 	3.6534e+00
96 	 1910 	 5.8611e+00 	6.1501e+00 	3.0750e+00
96 	 1911 	 7.6345e+00 	1.5056e+00 	7.5279e-01
96 	 1912 	 1.6845e+00 	4.5372e-01 	2.2686e-01
96 	 1913 	 4.0561e-01 	9.6336e-01 	4.8168e-01
96 	 1914 	 1.0341e+00 	1.0146e+00 	5.0731e-01
96 	 1915 	 7.7604e-01 	3.8801e+00 	1.9401e+00
96 	 1916 	 2.9593e+00 	6.2059e+00 	3.1029e+00
96 	 1917 	 6.1712e+00 	5.9373e+00 	2.9687e+00
96 	 1918 	 5.6256e+00 	3.8546e+00 	1.9273e+00
96 	 1919 	 4.4088e+00 	6.4128e-01 	3.2064e-01
97 	 1920 	 7.8041e-01 	1.7431e+00 	8.7154e-01
97 	 1921 	 1.1765e+00 	1.4452e+00 	7.2260e-01
97 	 1922 	 2.2267e+00 	1.0059e+00 	5.0295e-01
97 	 1923 	 8.8538e-01 	2.4428e+00 	1.2214e+00
97 	 1924 	 2.5065e+00 	1.1964e+00 	5.9818e-01
97 	 1925 	 1.3359e+00 	2.9960e+00 	1.4980e+00
97 	 1926 	 2.2300e+00 	1.5852e+00 	7.9258e-01
97 	 1927 	 1.7129e+00 	3.1887e+00 	1.5943e+00
97 	 1928 	 2.6101e+00 	2.6695e+00 	1.3347e+00
97 	 1929 	 2.6792e+00 	3.8403e-02 	1.9202e-02
97 	 1930 	 4.6853e-01 	3.7569e-02 	1.8785e-02
97 	 1931 	 1.4669e+00 	3.7530e-01 	1.8765e-01
97 	 1932 	 4.9790e-01 	1.8129e+00 	9.0645e-01
97 	 1933 	 1.1780e+00 	3.7127e+00 	1.8564e+00
97 	 1934 	 4.2448e+00 	1.9551e+00 	9.7754e-01
97 	 1935 	 2.7523e+00 	8.8957e-01 	4.4479e-01
97 	 1936 	 1.5174e+00 	8.1014e-01 	4.0507e-01
97 	 1937 	 9.4826e-01 	1.0230e+00 	5.1148e-01
97 	 1938 	 9.1574e-01 	4.5312e+00 	2.2656e+00
97 	 1939 	 3.2262e+00 	7.4034e+00 	3.7017e+00
98 	 1940 	 1.0731e+01 	4.6155e+00 	2.3077e+00
98 	 1941 	 6.6316e+00 	1.5682e+00 	7.8410e-01
98 	 1942 	 3.2358e+00 	5.8387e-01 	2.9193e-01
98 	 1943 	 1.6032e+00 	4.7887e-01 	2.3944e-01
98 	 1944 	 7.6270e-01 	2.6320e-01 	1.3160e-01
98 	 1945 	 9.0710e-01 	9.1572e-02 	4.5786e-02
98 	 1946 	 6.3904e-01 	1.7195e-01 	8.5975e-02
98 	 1947 	 1.0456e+00 	1.1033e+00 	5.5166e-01
98 	 1948 	 8.1127e-01 	1.0956e+00 	5.4782e-01
98 	 1949 	 1.0728e+00 	1.2447e+00 	6.2234e-01
98 	 1950 	 2.2488e+00 	1.2094e+00 	6.0469e-01
98 	 1951 	 1.1192e+00 	2.6378e-01 	1.3189e-01
98 	 1952 	 1.7307e+00 	4.4807e-01 	2.2403e-01
98 	 1953 	 2.0663e+00 	2.5885e-01 	1.2942e-01
98 	 1954 	 1.8639e+00 	9.5073e-02 	4.7536e-02
98 	 1955 	 1.5458e+00 	1.4610e+00 	7.3051e-01
98 	 1956 	 1.2013e+00 	3.4349e+00 	1.7175e+00
98 	 1957 	 2.6640e+00 	4.6055e+00 	2.3027e+00
98 	 1958 	 3.9815e+00 	1.0108e+00 	5.0542e-01
98 	 1959 	 1.3423e+00 	2.5001e+00 	1.2500e+00
99 	 1960 	 2.0349e+00 	3.6213e-01 	1.8106e-01
99 	 1961 	 2.8854e-01 	5.8971e+00 	2.9486e+00
99 	 1962 	 4.9169e+00 	5.0070e+00 	2.5035e+00
99 	 1963 	 6.9156e+00 	6.1114e-02 	3.0557e-02
99 	 1964 	 7.2682e-01 	8.2594e-02 	4.1297e-02
99 	 1965 	 7.5676e-01 	1.6384e+00 	8.1920e-01
99 	 1966 	 1.3796e+00 	1.0367e+00 	5.1835e-01
99 	 1967 	 1.8725e+00 	2.4480e-01 	1.2240e-01
99 	 1968 	 7.7976e-01 	4.4726e-02 	2.2363e-02
99 	 1969 	 2.5365e+00 	4.9286e-01 	2.4643e-01
99 	 1970 	 4.6230e-01 	6.1140e-02 	3.0570e-02
99 	 1971 	 7.7668e-01 	6.6061e-01 	3.3030e-01
99 	 1972 	 1.3661e+00 	7.6022e-01 	3.8011e-01
99 	 1973 	 7.9826e-01 	1.4493e+00 	7.2466e-01
99 	 1974 	 1.7145e+00 	1.9704e+00 	9.8521e-01
99 	 1975 	 1.2257e+00 	3.6621e+00 	1.8311e+00
99 	 1976 	 2.7845e+00 	2.4441e+00 	1.2221e+00
99 	 1977 	 2.0786e+00 	1.8099e+00 	9.0493e-01
99 	 1978 	 2.5067e+00 	7.7962e+00 	3.8981e+00
99 	 1979 	 6.2755e+00 	1.0620e+01 	5.3099e+00
100 	 1980 	 2.2214e+01 	6.3203e+00 	3.1602e+00
100 	 1981 	 7.4673e+00 	2.6396e+00 	1.3198e+00
100 	 1982 	 3.2075e+00 	2.1600e+00 	1.0800e+00
100 	 1983 	 1.5065e+00 	3.5168e+00 	1.7584e+00
100 	 1984 	 3.8619e+00 	5.5170e+00 	2.7585e+00
100 	 1985 	 5.0167e+00 	6.0085e+00 	3.0043e+00
100 	 1986 	 6.1377e+00 	1.8171e+00 	9.0855e-01
100 	 1987 	 1.4790e+00 	7.6275e-01 	3.8137e-01
100 	 1988 	 1.7115e+00 	2.7918e-01 	1.3959e-01
100 	 1989 	 9.4291e-01 	8.4781e-01 	4.2391e-01
100 	 1990 	 8.8885e-01 	2.4749e-01 	1.2374e-01
100 	 1991 	 1.4366e+00 	1.2773e+00 	6.3866e-01
100 	 1992 	 1.4629e+00 	2.1068e+00 	1.0534e+00
100 	 1993 	 2.1990e+00 	1.3732e+00 	6.8662e-01
100 	 1994 	 2.3472e+00 	2.5899e+00 	1.2949e+00
100 	 1995 	 1.9659e+00 	4.4130e+00 	2.2065e+00
100 	 1996 	 4.2373e+00 	4.6170e+00 	2.3085e+00
100 	 1997 	 5.5215e+00 	7.3173e-01 	3.6586e-01
100 	 1998 	 7.0115e-01 	2.0473e+00 	1.0237e+00
100 	 1999 	 1.8550e+00 	1.2040e+00 	6.0199e-01
101 	 2000 	 1.8753e+00 	1.6491e+00 	8.2453e-01
101 	 2001 	 1.4812e+00 	1.4304e-01 	7.1521e-02
101 	 2002 	 6.4505e-01 	9.1215e-01 	4.5607e-01
101 	 2003 	 1.8925e+00 	1.7462e-02 	8.7310e-03
101 	 2004 	 1.2331e+00 	5.1901e-01 	2.5951e-01
101 	 2005 	 2.0927e+00 	8.5501e-01 	4.2750e-01
101 	 2006 	 8.5286e-01 	1.9313e+00 	9.6563e-01
101 	 2007 	 1.3129e+00 	5.4561e+00 	2.7280e+00
101 	 2008 	 4.0010e+00 	5.7956e+00 	2.8978e+00
101 	 2009 	 8.1374e+00 	3.4031e+00 	1.7016e+00
101 	 2010 	 4.4421e+00 	2.4495e+00 	1.2247e+00
101 	 2011 	 1.8432e+00 	1.1102e+00 	5.5508e-01
101 	 2012 	 2.3494e+00 	1.3790e+00 	6.8950e-01
101 	 2013 	 1.6283e+00 	3.1465e+00 	1.5733e+00
101 	 2014 	 2.8806e+00 	2.1974e+00 	1.0987e+00
101 	 2015 	 2.8840e+00 	6.7642e-01 	3.3821e-01
101 	 2016 	 8.7353e-01 	1.0246e+00 	5.1228e-01
101 	 2017 	 7.1552e-01 	4.9592e-01 	2.4796e-01
101 	 2018 	 5.2903e-01 	1.1032e+00 	5.5162e-01
101 	 2019 	 1.1804e+00 	5.3661e-01 	2.6831e-01
102 	 2020 	 7.3980e-01 	1.6268e+00 	8.1340e-01
102 	 2021 	 1.0184e+00 	6.1210e-01 	3.0605e-01
102 	 2022 	 8.3707e-01 	1.4780e+00 	7.3901e-01
102 	 2023 	 1.1035e+00 	1.6017e+00 	8.0085e-01
102 	 2024 	 1.3596e+00 	4.7924e+00 	2.3962e+00
102 	 2025 	 5.0091e+00 	7.4668e+00 	3.7334e+00
102 	 2026 	 8.5760e+00 	1.1746e+01 	5.8729e+00
102 	 2027 	 1.2531e+01 	9.2683e+00 	4.6342e+00
102 	 2028 	 2.1659e+01 	2.2809e+00 	1.1405e+00
102 	 2029 	 2.7564e+00 	2.0157e-01 	1.0078e-01
102 	 2030 	 7.4951e-01 	2.0586e+00 	1.0293e+00
102 	 2031 	 1.9584e+00 	1.2596e+00 	6.2982e-01
102 	 2032 	 1.4618e+00 	1.7352e-01 	8.6762e-02
102 	 2033 	 5.8748e-01 	1.4117e-01 	7.0583e-02
102 	 2034 	 8.4100e-01 	3.0340e+00 	1.5170e+00
102 	 2035 	 2.9205e+00 	6.0279e+00 	3.0140e+00
102 	 2036 	 6.7319e+00 	3.3205e+00 	1.6602e+00
102 	 2037 	 2.5002e+00 	4.7644e-02 	2.3822e-02
102 	 2038 	 1.6752e+00 	9.7404e-01 	4.8702e-01
102 	 2039 	 8.0187e-01 	5.8423e-01 	2.9212e-01
103 	 2040 	 2.2026e+00 	9.8332e-01 	4.9166e-01
103 	 2041 	 1.4744e+00 	3.3549e+00 	1.6774e+00
103 	 2042 	 3.1544e+00 	2.0783e+00 	1.0391e+00
103 	 2043 	 1.4506e+00 	1.3067e+00 	6.5334e-01
103 	 2044 	 1.9727e+00 	6.7740e-01 	3.3870e-01
103 	 2045 	 1.1947e+00 	2.3683e+00 	1.1842e+00
103 	 2046 	 1.6939e+00 	3.2175e+00 	1.6087e+00
103 	 2047 	 2.2697e+00 	1.8467e+00 	9.2333e-01
103 	 2048 	 1.3991e+00 	2.8099e+00 	1.4050e+00
103 	 2049 	 2.1260e+00 	2.3985e+00 	1.1993e+00
103 	 2050 	 1.6127e+00 	2.7376e-02 	1.3688e-02
103 	 2051 	 1.1643e+00 	7.2949e-01 	3.6475e-01
103 	 2052 	 7.3944e-01 	1.5529e-01 	7.7645e-02
103 	 2053 	 1.5659e+00 	1.0987e+00 	5.4936e-01
103 	 2054 	 1.0734e+00 	2.0165e-01 	1.0082e-01
103 	 2055 	 1.2862e+00 	1.0999e+00 	5.4993e-01
103 	 2056 	 1.5247e+00 	2.4261e+00 	1.2131e+00
103 	 2057 	 3.2502e+00 	9.9509e-01 	4.9755e-01
103 	 2058 	 2.6634e+00 	5.4146e-01 	2.7073e-01
103 	 2059 	 1.6761e+00 	4.5398e-01 	2.2699e-01
104 	 2060 	 1.1905e+00 	1.5556e+00 	7.7779e-01
104 	 2061 	 2.2020e+00 	1.2750e-01 	6.3752e-02
104 	 2062 	 6.7471e-01 	3.0196e+00 	1.5098e+00
104 	 2063 	 2.0159e+00 	5.1969e+00 	2.5985e+00
104 	 2064 	 6.3541e+00 	7.5868e+00 	3.7934e+00
104 	 2065 	 7.8362e+00 	7.2159e+00 	3.6080e+00
104 	 2066 	 1.0319e+01 	4.9902e+00 	2.4951e+00
104 	 2067 	 4.6605e+00 	7.4272e-01 	3.7136e-01
104 	 2068 	 6.0659e-01 	2.7786e-01 	1.3893e-01
104 	 2069 	 1.1185e+00 	2.8260e+00 	1.4130e+00
104 	 2070 	 2.4561e+00 	2.3772e+00 	1.1886e+00
104 	 2071 	 2.2747e+00 	3.4029e+00 	1.7015e+00
104 	 2072 	 3.3903e+00 	4.4493e+00 	2.2247e+00
104 	 2073 	 4.0501e+00 	2.8710e+00 	1.4355e+00
104 	 2074 	 3.0940e+00 	1.0493e+00 	5.2464e-01
104 	 2075 	 2.0471e+00 	6.7812e-01 	3.3906e-01
104 	 2076 	 9.5290e-01 	2.3530e+00 	1.1765e+00
104 	 2077 	 1.9222e+00 	1.3914e+00 	6.9568e-01
104 	 2078 	 1.1504e+00 	3.1093e-01 	1.5546e-01
104 	 2079 	 1.1269e+00 	1.8863e-01 	9.4316e-02
105 	 2080 	 3.6038e-01 	2.6096e+00 	1.3048e+00
105 	 2081 	 2.1021e+00 	3.1048e+00 	1.5524e+00
105 	 2082 	 2.4357e+00 	2.2724e+00 	1.1362e+00
105 	 2083 	 1.8214e+00 	3.3959e+00 	1.6980e+00
105 	 2084 	 2.5320e+00 	4.5322e+00 	2.2661e+00
105 	 2085 	 3.7796e+00 	6.4007e+00 	3.2004e+00
105 	 2086 	 8.8819e+00 	5.6365e+00 	2.8183e+00
105 	 2087 	 7.3199e+00 	2.8423e+00 	1.4212e+00
105 	 2088 	 2.5363e+00 	6.1053e-01 	3.0526e-01
105 	 2089 	 7.7792e-01 	1.3137e+00 	6.5686e-01
105 	 2090 	 7.7200e-01 	5.8121e-01 	2.9061e-01
105 	 2091 	 7.1303e-01 	6.7751e-01 	3.3875e-01
105 	 2092 	 1.0512e+00 	1.2701e+00 	6.3505e-01
105 	 2093 	 1.7552e+00 	3.4143e+00 	1.7072e+00
105 	 2094 	 2.8024e+00 	3.2782e+00 	1.6391e+00
105 	 2095 	 2.6254e+00 	1.8134e+00 	9.0669e-01
105 	 2096 	 1.9385e+00 	2.0924e+00 	1.0462e+00
105 	 2097 	 2.2702e+00 	1.5409e+00 	7.7046e-01
105 	 2098 	 1.7055e+00 	2.6678e-01 	1.3339e-01
105 	 2099 	 1.1781e+00 	3.2577e+00 	1.6288e+00
106 	 2100 	 2.2760e+00 	3.2759e+00 	1.6379e+00
106 	 2101 	 2.8488e+00 	6.7433e-01 	3.3716e-01
106 	 2102 	 8.6127e-01 	1.1486e+00 	5.7431e-01
106 	 2103 	 2.3231e+00 	2.7070e+00 	1.3535e+00
106 	 2104 	 2.3140e+00 	1.8696e+00 	9.3481e-01
106 	 2105 	 1.9044e+00 	8.2947e-01 	4.1474e-01
106 	 2106 	 2.5834e+00 	4.4299e-01 	2.2150e-01
106 	 2107 	 6.1922e-01 	5.2874e-01 	2.6437e-01
106 	 2108 	 8.8368e-01 	8.6568e-01 	4.3284e-01
106 	 2109 	 9.1467e-01 	6.5271e-01 	3.2636e-01
106 	 2110 	 7.5445e-01 	2.0990e+00 	1.0495e+00
106 	 2111 	 3.0741e+00 	1.1675e+00 	5.8375e-01
106 	 2112 	 2.8285e+00 	1.1096e+00 	5.5482e-01
106 	 2113 	 1.3063e+00 	2.1706e+00 	1.0853e+00
106 	 2114 	 1.8351e+00 	3.1900e+00 	1.5950e+00
106 	 2115 	 3.7551e+00 	2.2903e+00 	1.1451e+00
106 	 2116 	 1.3258e+00 	2.7162e-01 	1.3581e-01
106 	 2117 	 7.5232e-01 	5.7640e-01 	2.8820e-01
106 	 2118 	 1.1792e+00 	1.9214e+00 	9.6068e-01
106 	 2119 	 1.5706e+00 	2.2832e+00 	1.1416e+00
107 	 2120 	 1.7554e+00 	1.0019e+00 	5.0094e-01
107 	 2121 	 2.1828e+00 	2.0551e+00 	1.0276e+00
107 	 2122 	 1.7253e+00 	1.6214e-01 	8.1069e-02
107 	 2123 	 3.0511e-01 	1.0038e+00 	5.0189e-01
107 	 2124 	 1.1412e+00 	2.0551e-02 	1.0276e-02
107 	 2125 	 2.1226e+00 	1.8231e+00 	9.1153e-01
107 	 2126 	 1.7743e+00 	2.3962e+00 	1.1981e+00
107 	 2127 	 1.9994e+00 	5.8338e-01 	2.9169e-01
107 	 2128 	 7.5705e-01 	1.7324e-01 	8.6618e-02
107 	 2129 	 6.5439e-01 	3.1558e+00 	1.5779e+00
107 	 2130 	 2.2813e+00 	7.8887e+00 	3.9444e+00
107 	 2131 	 9.2500e+00 	3.7972e+00 	1.8986e+00
107 	 2132 	 3.6926e+00 	2.2231e+00 	1.1116e+00
107 	 2133 	 2.4919e+00 	4.8574e+00 	2.4287e+00
107 	 2134 	 4.0080e+00 	3.2071e+00 	1.6035e+00
107 	 2135 	 2.5558e+00 	7.1437e-01 	3.5719e-01
107 	 2136 	 8.2269e-01 	5.3046e-02 	2.6523e-02
107 	 2137 	 8.2831e-01 	2.6118e+00 	1.3059e+00
107 	 2138 	 2.0461e+00 	2.7556e+00 	1.3778e+00
107 	 2139 	 2.0776e+00 	2.9152e+00 	1.4576e+00
108 	 2140 	 2.0591e+00 	4.2159e+00 	2.1080e+00
108 	 2141 	 4.1859e+00 	4.0915e+00 	2.0457e+00
108 	 2142 	 3.7559e+00 	4.2498e+00 	2.1249e+00
108 	 2143 	 4.4136e+00 	3.7026e+00 	1.8513e+00
108 	 2144 	 4.1878e+00 	9.5068e-01 	4.7534e-01
108 	 2145 	 1.0532e+00 	4.1624e-01 	2.0812e-01
108 	 2146 	 1.7471e+00 	6.2441e-02 	3.1221e-02
108 	 2147 	 9.4504e-01 	4.5639e-01 	2.2819e-01
108 	 2148 	 3.5515e-01 	3.0580e-01 	1.5290e-01
108 	 2149 	 5.7962e-01 	6.6092e-02 	3.3046e-02
108 	 2150 	 1.2473e+00 	2.5607e+00 	1.2804e+00
108 	 2151 	 1.9710e+00 	5.1373e+00 	2.5687e+00
108 	 2152 	 3.9721e+00 	6.1054e+00 	3.0527e+00
108 	 2153 	 6.1818e+00 	9.0884e+00 	4.5442e+00
108 	 2154 	 8.7403e+00 	6.3322e+00 	3.1661e+00
108 	 2155 	 1.2351e+01 	1.2729e+00 	6.3643e-01
108 	 2156 	 1.0686e+00 	5.1917e-01 	2.5959e-01
108 	 2157 	 1.7851e+00 	5.0190e-01 	2.5095e-01
108 	 2158 	 1.7964e+00 	1.5936e-01 	7.9682e-02
108 	 2159 	 2.4668e+00 	5.2438e-01 	2.6219e-01
109 	 2160 	 9.7564e-01 	1.0369e+00 	5.1844e-01
109 	 2161 	 1.3831e+00 	2.3347e+00 	1.1674e+00
109 	 2162 	 2.3294e+00 	4.2014e+00 	2.1007e+00
109 	 2163 	 3.6992e+00 	7.0612e+00 	3.5306e+00
109 	 2164 	 5.8101e+00 	8.9603e+00 	4.4801e+00
109 	 2165 	 1.0229e+01 	1.0747e+01 	5.3735e+00
109 	 2166 	 1.5511e+01 	9.0008e+00 	4.5004e+00
109 	 2167 	 1.2517e+01 	2.1890e+00 	1.0945e+00
109 	 2168 	 1.3842e+00 	1.4025e+00 	7.0125e-01
109 	 2169 	 2.9763e+00 	7.2254e-01 	3.6127e-01
109 	 2170 	 2.4316e+00 	2.0239e+00 	1.0119e+00
109 	 2171 	 1.5378e+00 	9.8120e-01 	4.9060e-01
109 	 2172 	 1.4594e+00 	1.2225e+00 	6.1126e-01
109 	 2173 	 1.1446e+00 	1.0314e+00 	5.1568e-01
109 	 2174 	 1.8352e+00 	5.2975e-01 	2.6488e-01
109 	 2175 	 1.2818e+00 	5.5269e-01 	2.7635e-01
109 	 2176 	 8.0612e-01 	1.3756e+00 	6.8782e-01
109 	 2177 	 1.2519e+00 	5.6681e+00 	2.8340e+00
109 	 2178 	 4.1197e+00 	1.7346e+00 	8.6731e-01
109 	 2179 	 2.4529e+00 	1.8905e+00 	9.4523e-01
110 	 2180 	 1.3722e+00 	6.6659e-02 	3.3329e-02
110 	 2181 	 1.1785e+00 	1.2081e-01 	6.0406e-02
110 	 2182 	 3.2101e-01 	3.6127e-01 	1.8064e-01
110 	 2183 	 3.7239e-01 	1.7650e+00 	8.8252e-01
110 	 2184 	 2.3914e+00 	3.9743e+00 	1.9871e+00
110 	 2185 	 3.9316e+00 	6.8405e+00 	3.4202e+00
110 	 2186 	 6.8996e+00 	5.7518e+00 	2.8759e+00
110 	 2187 	 7.6741e+00 	7.6247e-02 	3.8123e-02
110 	 2188 	 6.0404e-01 	2.1884e+00 	1.0942e+00
110 	 2189 	 1.4282e+00 	3.0801e+00 	1.5400e+00
110 	 2190 	 2.6551e+00 	3.1900e+00 	1.5950e+00
110 	 2191 	 2.5843e+00 	1.3220e+00 	6.6100e-01
110 	 2192 	 2.6332e+00 	5.2153e-01 	2.6077e-01
110 	 2193 	 5.3506e-01 	1.6791e+00 	8.3954e-01
110 	 2194 	 1.7654e+00 	4.0652e+00 	2.0326e+00
110 	 2195 	 3.9606e+00 	8.7556e+00 	4.3778e+00
110 	 2196 	 9.4049e+00 	7.7094e+00 	3.8547e+00
110 	 2197 	 1.3657e+01 	8.5540e-01 	4.2770e-01
110 	 2198 	 7.8887e-01 	1.6424e+00 	8.2120e-01
110 	 2199 	 2.6405e+00 	2.4557e+00 	1.2279e+00
111 	 2200 	 2.6097e+00 	2.8719e+00 	1.4360e+00
111 	 2201 	 3.7378e+00 	1.1228e+00 	5.6142e-01
111 	 2202 	 1.1911e+00 	4.3013e-02 	2.1506e-02
111 	 2203 	 9.5843e-01 	5.4219e-02 	2.7110e-02
111 	 2204 	 1.8992e+00 	4.8207e-02 	2.4103e-02
111 	 2205 	 6.8908e-01 	4.6716e-01 	2.3358e-01
111 	 2206 	 1.3738e+00 	1.8224e+00 	9.1121e-01
111 	 2207 	 1.9452e+00 	3.6880e+00 	1.8440e+00
111 	 2208 	 5.1276e+00 	1.1381e+00 	5.6907e-01
111 	 2209 	 7.2621e-01 	2.8127e+00 	1.4064e+00
111 	 2210 	 2.9680e+00 	3.8762e+00 	1.9381e+00
111 	 2211 	 2.9760e+00 	3.5198e+00 	1.7599e+00
111 	 2212 	 3.0036e+00 	2.0063e-02 	1.0032e-02
111 	 2213 	 2.0609e-01 	4.0182e-01 	2.0091e-01
111 	 2214 	 8.4127e-01 	5.8577e-02 	2.9289e-02
111 	 2215 	 9.5701e-01 	2.3773e-01 	1.1886e-01
111 	 2216 	 3.7755e-01 	3.0541e-01 	1.5270e-01
111 	 2217 	 6.7086e-01 	2.6146e-01 	1.3073e-01
111 	 2218 	 1.6972e+00 	1.3558e+00 	6.7791e-01
111 	 2219 	 1.4114e+00 	4.4375e+00 	2.2187e+00
112 	 2220 	 3.4212e+00 	7.1829e+00 	3.5915e+00
112 	 2221 	 8.6663e+00 	4.9421e+00 	2.4711e+00
112 	 2222 	 5.7615e+00 	1.5925e+00 	7.9624e-01
112 	 2223 	 2.0445e+00 	5.4691e-01 	2.7346e-01
112 	 2224 	 1.2440e+00 	9.1890e-01 	4.5945e-01
112 	 2225 	 1.0987e+00 	3.6028e-01 	1.8014e-01
112 	 2226 	 1.8170e+00 	1.6113e+00 	8.0565e-01
112 	 2227 	 1.7448e+00 	3.9278e+00 	1.9639e+00
112 	 2228 	 4.3434e+00 	3.8061e+00 	1.9031e+00
112 	 2229 	 3.2236e+00 	1.3861e+00 	6.9307e-01
112 	 2230 	 8.0856e-01 	7.5044e+00 	3.7522e+00
112 	 2231 	 7.0084e+00 	7.8487e+00 	3.9243e+00
112 	 2232 	 9.5455e+00 	4.9140e+00 	2.4570e+00
112 	 2233 	 4.6968e+00 	3.4914e+00 	1.7457e+00
112 	 2234 	 2.8602e+00 	3.6817e+00 	1.8408e+00
112 	 2235 	 3.7383e+00 	4.4491e+00 	2.2246e+00
112 	 2236 	 4.4119e+00 	2.2172e+00 	1.1086e+00
112 	 2237 	 1.9065e+00 	1.6219e+00 	8.1095e-01
112 	 2238 	 1.0691e+00 	1.8858e+00 	9.4292e-01
112 	 2239 	 1.9508e+00 	6.2386e-01 	3.1193e-01
113 	 2240 	 1.5405e+00 	2.3637e+00 	1.1819e+00
113 	 2241 	 1.9349e+00 	1.3334e+00 	6.6671e-01
113 	 2242 	 9.2088e-01 	9.9968e-01 	4.9984e-01
113 	 2243 	 2.8086e+00 	2.1131e+00 	1.0566e+00
113 	 2244 	 1.3420e+00 	1.4848e-01 	7.4242e-02
113 	 2245 	 1.0067e+00 	3.5923e+00 	1.7961e+00
113 	 2246 	 3.0894e+00 	4.8942e+00 	2.4471e+00
113 	 2247 	 3.3826e+00 	3.4308e+00 	1.7154e+00
113 	 2248 	 2.6840e+00 	2.3035e+00 	1.1517e+00
113 	 2249 	 1.5179e+00 	3.0720e+00 	1.5360e+00
113 	 2250 	 2.8870e+00 	2.8711e+00 	1.4355e+00
113 	 2251 	 2.7867e+00 	4.5531e-01 	2.2766e-01
113 	 2252 	 9.4642e-01 	1.0805e+00 	5.4023e-01
113 	 2253 	 1.1703e+00 	1.1924e+00 	5.9621e-01
113 	 2254 	 1.3992e+00 	1.5523e+00 	7.7617e-01
113 	 2255 	 1.7712e+00 	1.0674e-01 	5.3372e-02
113 	 2256 	 9.4905e-01 	1.7707e+00 	8.8537e-01
113 	 2257 	 2.6107e+00 	1.7889e+00 	8.9447e-01
113 	 2258 	 1.9766e+00 	8.4352e-01 	4.2176e-01
113 	 2259 	 1.7393e+00 	5.7325e-01 	2.8663e-01
114 	 2260 	 1.2147e+00 	8.5690e-01 	4.2845e-01
114 	 2261 	 2.1031e+00 	9.3560e-01 	4.6780e-01
114 	 2262 	 4.9415e-01 	3.5410e+00 	1.7705e+00
114 	 2263 	 3.1897e+00 	5.7911e+00 	2.8955e+00
114 	 2264 	 5.5189e+00 	6.3140e+00 	3.1570e+00
114 	 2265 	 8.2474e+00 	1.4359e+00 	7.1795e-01
114 	 2266 	 1.1802e+00 	2.0061e+00 	1.0030e+00
114 	 2267 	 1.3830e+00 	1.3070e+00 	6.5350e-01
114 	 2268 	 1.8612e+00 	1.7622e+00 	8.8110e-01
114 	 2269 	 9.9649e-01 	2.7429e+00 	1.3714e+00
114 	 2270 	 1.9793e+00 	1.4162e+00 	7.0809e-01
114 	 2271 	 1.3224e+00 	9.8670e-01 	4.9335e-01
114 	 2272 	 1.1822e+00 	1.3526e+00 	6.7632e-01
114 	 2273 	 1.6669e+00 	6.7488e-01 	3.3744e-01
114 	 2274 	 1.4235e+00 	2.4318e-01 	1.2159e-01
114 	 2275 	 4.1274e-01 	6.4786e-01 	3.2393e-01
114 	 2276 	 1.1027e+00 	1.3393e+00 	6.6964e-01
114 	 2277 	 2.5441e+00 	7.2286e-01 	3.6143e-01
114 	 2278 	 2.4446e+00 	1.2725e+00 	6.3627e-01
114 	 2279 	 1.6186e+00 	3.9840e+00 	1.9920e+00
115 	 2280 	 3.0241e+00 	4.1302e+00 	2.0651e+00
115 	 2281 	 2.8719e+00 	6.4420e-01 	3.2210e-01
115 	 2282 	 6.9133e-01 	4.9201e-01 	2.4600e-01
115 	 2283 	 5.0710e-01 	1.5500e+00 	7.7498e-01
115 	 2284 	 1.9423e+00 	7.9100e-01 	3.9550e-01
115 	 2285 	 6.2471e-01 	1.4806e-01 	7.4028e-02
115 	 2286 	 2.4682e+00 	1.2521e+00 	6.2606e-01
115 	 2287 	 2.4389e+00 	1.9310e-01 	9.6550e-02
115 	 2288 	 5.1008e-01 	1.1794e+00 	5.8972e-01
115 	 2289 	 2.2237e+00 	9.6016e-01 	4.8008e-01
115 	 2290 	 1.1781e+00 	1.1253e-01 	5.6267e-02
115 	 2291 	 2.2991e+00 	5.1438e-02 	2.5719e-02
115 	 2292 	 7.5787e-01 	1.8147e+00 	9.0734e-01
115 	 2293 	 2.7737e+00 	2.7103e+00 	1.3552e+00
115 	 2294 	 2.1388e+00 	4.1918e-01 	2.0959e-01
115 	 2295 	 7.4669e-01 	2.2220e+00 	1.1110e+00
115 	 2296 	 3.0225e+00 	1.2264e+00 	6.1319e-01
115 	 2297 	 1.6937e+00 	1.3256e-01 	6.6280e-02
115 	 2298 	 3.2107e-01 	9.1419e-01 	4.5709e-01
115 	 2299 	 5.9571e-01 	2.1725e+00 	1.0863e+00
116 	 2300 	 1.9251e+00 	1.8318e+00 	9.1590e-01
116 	 2301 	 1.4324e+00 	2.5344e+00 	1.2672e+00
116 	 2302 	 1.4344e+00 	4.6496e+00 	2.3248e+00
116 	 2303 	 5.3689e+00 	4.4627e+00 	2.2313e+00
116 	 2304 	 4.2464e+00 	3.9455e+00 	1.9727e+00
116 	 2305 	 2.8331e+00 	1.4755e+00 	7.3773e-01
116 	 2306 	 1.2563e+00 	2.9269e+00 	1.4635e+00
116 	 2307 	 1.9523e+00 	5.3748e+00 	2.6874e+00
116 	 2308 	 6.2296e+00 	9.0717e+00 	4.5359e+00
116 	 2309 	 1.0236e+01 	4.6151e+00 	2.3076e+00
116 	 2310 	 5.3550e+00 	3.7184e-01 	1.8592e-01
116 	 2311 	 5.4753e-01 	1.4869e+00 	7.4343e-01
116 	 2312 	 1.0965e+00 	1.3699e+00 	6.8497e-01
116 	 2313 	 1.5628e+00 	1.2932e+00 	6.4660e-01
116 	 2314 	 1.8883e+00 	1.5529e+00 	7.7647e-01
116 	 2315 	 2.3069e+00 	2.7958e+00 	1.3979e+00
116 	 2316 	 2.0978e+00 	3.3612e+00 	1.6806e+00
116 	 2317 	 2.3373e+00 	2.6195e+00 	1.3098e+00
116 	 2318 	 1.9143e+00 	9.6315e-02 	4.8157e-02
116 	 2319 	 1.0467e+00 	2.5915e+00 	1.2957e+00
117 	 2320 	 1.7959e+00 	2.0628e+00 	1.0314e+00
117 	 2321 	 2.0596e+00 	1.7732e+00 	8.8661e-01
117 	 2322 	 1.8166e+00 	2.9917e-01 	1.4959e-01
117 	 2323 	 5.8403e-01 	2.3313e+00 	1.1656e+00
117 	 2324 	 1.8020e+00 	1.1072e+00 	5.5361e-01
117 	 2325 	 7.0031e-01 	2.8872e+00 	1.4436e+00
117 	 2326 	 1.9643e+00 	3.4459e+00 	1.7230e+00
117 	 2327 	 3.5901e+00 	9.9899e-01 	4.9949e-01
117 	 2328 	 1.0630e+00 	2.3686e+00 	1.1843e+00
117 	 2329 	 2.2912e+00 	3.1381e+00 	1.5690e+00
117 	 2330 	 2.5301e+00 	2.6356e+00 	1.3178e+00
117 	 2331 	 4.2965e+00 	2.0798e+00 	1.0399e+00
117 	 2332 	 1.6294e+00 	3.2240e-01 	1.6120e-01
117 	 2333 	 4.8953e-01 	2.3679e+00 	1.1839e+00
117 	 2334 	 2.3378e+00 	1.9759e+00 	9.8796e-01
117 	 2335 	 1.9365e+00 	1.5809e+00 	7.9043e-01
117 	 2336 	 1.3826e+00 	7.1214e-01 	3.5607e-01
117 	 2337 	 7.5783e-01 	4.0939e-01 	2.0470e-01
117 	 2338 	 1.2350e+00 	1.9890e-01 	9.9451e-02
117 	 2339 	 1.9139e+00 	2.7753e-01 	1.3877e-01
118 	 2340 	 1.4687e+00 	1.6207e+00 	8.1034e-01
118 	 2341 	 1.1419e+00 	1.2689e+00 	6.3446e-01
118 	 2342 	 8.9687e-01 	7.9642e-01 	3.9821e-01
118 	 2343 	 9.7128e-01 	2.9251e+00 	1.4625e+00
118 	 2344 	 2.2618e+00 	4.2431e+00 	2.1216e+00
118 	 2345 	 3.9614e+00 	4.3185e+00 	2.1592e+00
118 	 2346 	 4.5168e+00 	5.0238e+00 	2.5119e+00
118 	 2347 	 4.0626e+00 	3.1213e+00 	1.5606e+00
118 	 2348 	 3.2102e+00 	2.0121e+00 	1.0061e+00
118 	 2349 	 1.4298e+00 	2.7794e+00 	1.3897e+00
118 	 2350 	 2.2273e+00 	2.1857e+00 	1.0928e+00
118 	 2351 	 1.6790e+00 	3.2834e-01 	1.6417e-01
118 	 2352 	 1.1408e+00 	6.3396e-01 	3.1698e-01
118 	 2353 	 1.1893e+00 	3.9303e+00 	1.9651e+00
118 	 2354 	 4.1852e+00 	4.2961e+00 	2.1480e+00
118 	 2355 	 3.1147e+00 	1.9371e+00 	9.6856e-01
118 	 2356 	 2.0264e+00 	1.8952e+00 	9.4761e-01
118 	 2357 	 2.0969e+00 	9.2529e-01 	4.6264e-01
118 	 2358 	 1.2031e+00 	5.3795e-01 	2.6898e-01
118 	 2359 	 5.2070e-01 	2.4260e-01 	1.2130e-01
119 	 2360 	 2.7726e+00 	1.0549e+00 	5.2747e-01
119 	 2361 	 7.7500e-01 	6.0572e-01 	3.0286e-01
119 	 2362 	 1.8090e+00 	2.6820e+00 	1.3410e+00
119 	 2363 	 2.7009e+00 	2.3427e+00 	1.1714e+00
119 	 2364 	 1.6163e+00 	1.3288e+00 	6.6442e-01
119 	 2365 	 1.4030e+00 	6.6728e-02 	3.3364e-02
119 	 2366 	 3.5681e-01 	4.2933e+00 	2.1466e+00
119 	 2367 	 4.4875e+00 	8.5057e+00 	4.2528e+00
119 	 2368 	 9.7466e+00 	1.4522e+01 	7.2611e+00
119 	 2369 	 2.7926e+01 	7.9835e+00 	3.9917e+00
119 	 2370 	 2.6836e+01 	2.1950e+00 	1.0975e+00
119 	 2371 	 1.6592e+00 	3.1594e+00 	1.5797e+00
119 	 2372 	 3.0692e+00 	2.8409e+00 	1.4205e+00
119 	 2373 	 2.2666e+00 	9.3916e-02 	4.6958e-02
119 	 2374 	 1.4457e+00 	1.2566e+00 	6.2828e-01
119 	 2375 	 8.5974e-01 	1.8872e+00 	9.4360e-01
119 	 2376 	 1.2551e+00 	3.9751e-01 	1.9875e-01
119 	 2377 	 7.3820e-01 	6.5512e-01 	3.2756e-01
119 	 2378 	 8.3773e-01 	9.2277e-01 	4.6138e-01
119 	 2379 	 6.9964e-01 	2.3842e+00 	1.1921e+00
120 	 2380 	 1.6834e+00 	2.1530e+00 	1.0765e+00
120 	 2381 	 1.8878e+00 	1.0845e+00 	5.4225e-01
120 	 2382 	 1.5060e+00 	1.6731e+00 	8.3654e-01
120 	 2383 	 2.2826e+00 	1.1484e+00 	5.7421e-01
120 	 2384 	 2.2041e+00 	5.3134e-01 	2.6567e-01
120 	 2385 	 1.4108e+00 	4.3400e-01 	2.1700e-01
120 	 2386 	 5.9921e-01 	5.0024e-01 	2.5012e-01
120 	 2387 	 5.2639e-01 	1.8893e+00 	9.4464e-01
120 	 2388 	 1.9505e+00 	9.3247e-01 	4.6623e-01
120 	 2389 	 7.8711e-01 	1.1899e+00 	5.9495e-01
120 	 2390 	 1.2012e+00 	1.2168e+00 	6.0841e-01
120 	 2391 	 9.6652e-01 	1.0024e+00 	5.0121e-01
120 	 2392 	 1.2349e+00 	1.0097e+00 	5.0487e-01
120 	 2393 	 9.6639e-01 	1.1147e+00 	5.5736e-01
120 	 2394 	 2.3774e+00 	4.6565e-01 	2.3282e-01
120 	 2395 	 5.4521e-01 	2.9388e+00 	1.4694e+00
120 	 2396 	 3.7063e+00 	7.3546e+00 	3.6773e+00
120 	 2397 	 6.3776e+00 	5.3219e+00 	2.6609e+00
120 	 2398 	 1.0940e+01 	8.3423e-01 	4.1712e-01
120 	 2399 	 1.8751e+00 	1.0663e+00 	5.3317e-01
121 	 2400 	 8.0362e-01 	1.6021e+00 	8.0103e-01
Max iterations or epochs reached

