8,12,11,0,0,0,29,28,30,25,26,0,34,32,36,33,0,31,3,4,0,6,1,0,0,0,0,16,0,18,22,24,19,20,0,21,32,36,0,34,31,0,0,16,18,13,14,15,22,20,24,21,23,0,27,0,26,30,0,29,1,0,3,4,2,0,10,12,7,0,11,9,26,0,29,0,0,27,11,10,0,0,8,9,0,0,18,15,0,13,21,22,0,24,19,0,31,0,33,0,32,36,4,6,1,0,5,3,14,18,17,16,0,15,35,0,0,31,0,33,4,0,6,3,5,0,9,10,8,12,7,11,19,23,0,22,20,24,28,30,25,26,29,0,2,6,5,4,1,3,23,0,24,19,0,21,0,26,30,0,29,25,0,0,32,0,31,35,7,11,0,10,8,12,16,18,13,14,0,15,20,24,0,22,19,21,0,0,0,0,0,3,10,0,0,0,11,0,15,0,14,18,13,0,25,0,0,0,26,30,0,36,0,32,0,0,24,28,27,0,0,0,9,8,10,5,6,0,14,0,16,0,15,11,0,20,18,0,0,21,29,33,31,0,30,0,2,4,0,0,3,0,12,16,15,14,11,13,33,32,0,29,30,31,0,36,0,0,0,0,0,8,6,0,5,9,17,0,0,0,18,0,26,28,23,24,27,25,0,4,0,0,0,0,0,0,22,17,0,0,26,24,28,25,27,23,0,0,30,0,29,0,5,9,7,8,6,0,14,16,0,0,0,13,0,34,33,0,29,0,15,14,0,11,12,0,20,18,0,19,21,0,0,26,24,28,23,27,35,3,1,0,36,0,8,10,5,0,9,0,0,22,21,20,17,0,0,2,4,35,36,1,0,6,0,0,9,5,13,0,0,16,11,15,0,27,25,26,0,28,0,34,29,0,0,31,6,10,9,8,5,7,27,0,28,23,24,0,32,0,34,31,33,0,1,2,0,0,35,0,11,15,13,14,12,16,20,22,17,18,21,19,27,0,30,0,26,0,0,11,13,8,9,10,0,0,19,0,0,14,22,23,21,25,0,24,0,36,0,0,33,1,0,7,2,3,0,4,15,19,0,17,14,16,36,0,1,32,33,34,5,3,0,4,6,2,10,0,9,0,8,12,0,24,22,23,0,0,0,31,26,27,30,28,21,0,24,23,20,22,6,0,7,0,3,0,0,0,13,0,12,8,16,0,15,19,0,0,0,0,28,29,27,31,0,0,32,33,36,34,3,7,0,5,0,0,24,23,0,0,21,22,29,27,31,28,30,26,34,35,33,1,0,36,0,12,10,11,0,13,17,19,0,15,18,0,33,1,36,0,0,34,18,17,19,14,15,16,23,0,25,22,24,0,28,0,0,31,0,30,0,0,0,5,3,7,11,13,8,9,12,0,9,0,12,0,8,0,30,0,31,26,0,28,0,0,1,0,36,32,4,0,3,7,2,0,0,18,0,17,0,0,23,25,0,21,24,22,0,0,22,21,0,0,0,3,0,36,1,0,9,7,0,0,10,0,14,15,13,17,0,16,24,0,0,27,25,0,0,35,30,0,0,0,0,5,0,0,36,0,22,21,23,18,0,20,27,0,0,26,0,24,0,33,31,0,30,0,6,0,0,9,7,0,0,17,0,13,16,0,7,0,10,0,6,0,28,27,29,24,0,0,33,31,0,0,34,0,2,3,0,0,0,4,12,16,0,0,0,17,21,23,0,19,22,0,31,35,34,33,30,0,16,15,17,0,0,0,21,19,23,20,0,18,0,0,25,29,24,28,0,0,2,3,1,5,9,11,0,0,10,0,0,0,28,0,24,0,10,9,0,6,0,8,0,0,0,0,16,0,0,0,0,23,0,22,30,34,0,33,31,0,3,5,36,0,0,2,0,17,16,15,0,14,34,0,0,0,31,0,3,1,0,0,0,0,8,0,0,11,6,10,0,22,0,21,19,0,0,29,24,25,28,0,35,3,2,1,0,0,20,0,21,16,0,18,25,23,0,24,0,22,30,31,29,0,0,32,4,8,6,7,0,0,0,15,0,11,14,12,23,0,0,25,22,0,8,7,0,0,5,6,13,11,15,12,0,10,18,19,17,0,0,20,0,32,30,0,0,33,0,3,0,35,2,36,11,15,0,0,0,0,32,31,0,0,0,0,0,0,0,36,0,34,6,7,0,0,4,0,16,20,18,19,17,0,0,0,22,23,26,24,5,0,8,7,0,6,0,25,0,0,23,24,31,29,33,0,32,28,36,0,35,3,34,0,10,0,12,0,11,0,19,21,0,0,20,0,29,33,32,0,28,30,14,13,0,10,11,12,0,17,21,18,20,16,24,25,23,0,22,26,34,2,36,1,35,3,0,0,0,0,8,6,0,21,0,0,16,0,2,0,3,34,35,0,0,0,9,0,0,0,12,13,11,15,10,14,22,0,0,0,23,0,31,0,28,29,0,30,10,14,13,12,0,11,31,0,32,27,28,29,36,0,2,0,0,0,0,6,4,8,3,7,0,0,0,18,16,0,24,0,21,0,25,23,4,8,7,0,3,5,25,24,0,0,0,0,30,28,0,29,31,27,0,0,34,2,33,1,0,13,0,12,0,0,18,0,15,16,19,17,34,2,0,36,0,0,19,18,20,0,16,17,24,22,0,0,0,0,29,30,28,32,27,0,3,0,5,6,4,0,0,0,0,10,0,11,16,20,19,18,0,0,0,36,2,33,34,0,6,4,0,5,7,3,11,0,10,14,0,0,0,0,23,0,22,26,0,32,0,28,31,0,28,32,0,0,27,29,13,0,14,9,10,11,18,16,20,0,19,0,23,24,0,26,0,0,33,0,35,36,34,0,0,8,3,0,7,5,0,26,0,0,0,23,7,0,8,3,4,5,0,10,14,0,13,9,17,0,16,20,0,19,27,31,29,30,0,32,36,0,33,34,0,0
0,7,4,3,0,0,0,35,33,0,0,2,21,0,23,26,25,0,28,0,0,0,0,32,0,11,0,0,14,9,0,18,16,17,0,15,0,1,34,33,0,0,28,0,27,0,31,32,0,16,17,20,0,18,0,23,21,25,0,26,7,5,6,4,0,0,0,12,0,0,0,9,0,0,22,0,0,23,16,0,15,18,19,0,0,4,5,8,0,6,0,11,0,13,12,14,31,29,0,0,32,0,2,36,34,35,0,33,18,19,16,0,20,0,0,11,0,0,0,0,33,34,0,2,1,36,4,0,0,0,0,8,0,0,24,0,26,21,0,30,28,29,31,27,12,0,0,0,14,0,0,5,3,6,7,0,27,28,0,32,31,30,34,35,0,1,0,2,0,17,0,16,0,0,26,0,0,0,25,0,0,31,0,0,0,29,0,0,21,24,25,26,0,10,11,14,13,0,0,17,15,19,18,20,1,35,36,34,2,33,0,0,0,5,7,3,0,30,27,0,31,28,21,22,0,0,24,25,8,9,10,13,12,11,15,0,0,18,17,19,36,34,0,33,1,32,0,5,3,0,6,2,5,6,3,2,7,0,33,34,0,35,0,1,20,21,0,25,0,0,0,28,0,30,0,0,0,10,11,0,0,8,19,0,0,16,0,14,23,0,21,20,0,22,0,16,0,17,0,19,0,3,4,0,0,5,9,10,0,0,0,13,30,28,29,0,0,26,0,35,0,0,36,32,0,18,0,14,19,16,9,10,0,11,0,13,32,0,0,1,36,35,0,4,2,0,5,7,0,0,23,21,25,0,0,0,27,0,30,0,11,0,9,0,0,0,3,4,2,5,6,7,26,27,28,31,30,0,0,0,0,0,35,0,18,0,0,15,19,14,25,0,0,22,24,0,35,36,33,32,0,34,27,0,26,0,30,0,0,15,0,0,18,17,21,22,20,0,0,25,6,4,0,3,7,2,13,11,0,10,0,0,34,0,32,0,36,0,26,27,25,28,29,30,13,14,0,18,17,16,0,21,19,23,22,24,5,0,4,2,0,1,0,0,0,0,0,0,10,11,0,7,12,0,2,0,1,4,5,6,25,0,0,30,29,28,32,0,31,35,34,36,17,15,0,0,0,0,24,0,20,21,0,19,4,0,2,0,6,3,0,0,0,0,0,0,19,20,21,0,23,22,26,0,0,29,28,30,11,0,10,0,12,7,0,16,14,15,17,0,0,17,0,13,18,0,8,9,7,10,11,12,31,32,0,0,0,0,2,3,1,5,0,0,0,21,22,0,24,19,0,0,26,0,29,0,0,0,20,0,24,21,0,15,13,16,0,0,1,2,3,6,5,0,8,9,7,11,10,0,29,27,28,26,30,0,36,34,32,33,35,31,28,29,0,25,30,0,0,0,0,0,23,24,7,0,9,12,11,10,0,15,0,17,16,18,0,0,34,32,0,31,6,4,2,3,5,1,25,0,0,0,0,24,17,18,16,0,20,21,0,0,6,9,0,7,0,12,0,14,0,15,0,30,31,29,0,28,3,1,35,36,2,34,31,32,0,0,33,0,23,24,22,25,26,0,10,11,12,0,0,0,17,18,16,20,19,21,2,0,0,35,3,34,9,7,0,6,8,4,19,20,17,0,21,18,11,0,0,0,0,0,34,0,36,3,2,1,5,6,4,8,0,9,0,0,25,23,0,0,0,31,29,0,32,28,0,14,0,10,15,12,0,6,0,0,8,9,28,29,0,0,0,0,0,36,34,2,1,3,0,18,19,17,21,0,27,0,23,24,0,22,1,0,35,34,0,0,29,0,0,0,32,33,0,17,18,0,20,19,0,24,22,0,25,27,8,6,7,5,0,4,15,0,0,12,0,10,0,0,5,0,9,6,35,36,34,1,2,3,22,0,24,27,0,0,0,30,28,32,31,33,14,12,13,11,15,0,21,0,0,0,20,16,0,9,6,5,10,7,0,1,0,0,0,0,23,24,0,28,0,26,0,31,0,33,0,34,15,13,0,12,16,11,0,20,0,0,21,0,26,27,24,23,0,0,18,19,17,20,0,22,0,6,0,10,9,8,12,0,0,15,0,16,33,0,32,0,0,0,4,0,36,0,3,35,2,0,36,35,4,0,30,0,29,32,0,34,0,18,19,22,21,20,24,25,23,0,26,28,0,7,8,0,0,0,16,0,12,13,0,11,32,0,0,29,34,0,0,25,0,0,0,28,11,12,13,16,0,0,0,19,17,0,20,0,3,1,0,36,4,0,10,0,0,7,9,5,20,0,0,17,0,0,0,13,11,14,15,16,0,0,0,4,3,2,0,0,5,9,8,0,27,0,26,0,28,23,34,32,30,31,33,29,0,15,12,0,0,13,6,0,5,8,9,10,0,30,0,34,33,32,36,1,0,3,2,4,21,19,20,0,22,17,0,26,0,0,27,23,33,0,0,30,35,32,0,0,24,0,0,0,12,0,14,0,16,15,0,0,18,22,21,23,0,0,0,1,5,36,11,9,0,0,0,6,0,28,0,24,29,26,19,0,18,21,0,23,6,0,8,11,0,9,0,0,0,0,15,17,34,0,33,0,35,30,5,3,1,0,0,36,0,0,13,0,17,0,7,0,0,0,0,11,30,0,0,0,34,33,1,2,0,4,3,5,22,20,0,19,23,18,29,0,25,26,28,24,0,4,0,0,0,0,31,32,30,33,34,0,18,19,0,23,22,21,25,26,24,28,27,29,0,0,0,0,11,6,0,0,0,14,16,12,9,0,7,6,11,8,1,2,36,0,4,5,0,25,26,29,28,0,31,0,30,34,33,35,16,0,15,13,17,12,23,21,0,20,0,18,21,22,0,18,23,0,13,0,12,15,16,17,0,1,0,5,4,0,0,0,0,10,9,0,28,26,27,25,0,24,35,33,0,0,34,30
4,8,9,5,7,6,0,14,12,0,0,0,36,0,0,34,35,3,29,30,33,32,0,0,21,18,19,0,17,0,26,0,24,0,22,0,16,0,21,0,19,0,25,26,24,23,22,0,12,0,14,10,11,15,0,6,0,8,0,7,33,30,31,32,29,28,2,35,0,0,34,1,0,2,3,0,1,36,7,8,6,5,0,9,0,0,32,0,29,33,23,24,27,26,0,25,15,12,13,14,11,0,20,0,0,21,16,0,28,0,0,29,31,30,0,0,36,35,0,0,24,0,26,22,0,27,17,0,0,20,16,0,9,6,7,0,5,4,14,11,12,0,0,13,10,0,0,11,0,12,19,0,18,0,16,21,0,7,8,4,0,9,0,36,3,0,34,0,0,24,25,26,0,0,0,0,30,0,28,31,22,26,27,0,25,0,31,32,30,29,0,33,0,19,20,0,17,0,11,12,0,14,10,0,0,36,1,2,35,34,0,5,0,0,0,0,36,0,5,1,3,2,0,10,8,0,0,0,0,33,34,30,0,35,0,26,0,28,24,0,17,14,15,16,13,0,0,0,20,23,0,21,30,34,0,31,0,32,3,0,0,1,36,5,26,27,0,24,25,29,19,20,23,0,18,21,11,8,9,0,7,6,16,13,14,17,12,0,18,0,23,19,0,20,0,0,0,0,0,0,14,15,0,12,0,17,0,8,0,10,6,9,35,32,0,34,31,30,4,1,2,5,36,3,6,10,11,7,9,0,0,16,14,13,0,0,0,3,4,36,1,5,0,0,35,0,0,33,23,0,0,22,0,18,28,25,26,29,24,0,24,28,29,0,27,0,33,34,32,31,30,0,20,0,0,0,0,23,0,14,17,16,12,15,5,2,3,0,1,36,10,0,8,11,0,0,12,16,17,13,0,14,0,0,0,19,18,23,0,9,0,6,7,11,1,2,0,0,0,3,0,26,27,28,25,24,0,0,0,0,0,0,23,27,0,0,0,0,32,33,31,30,29,34,19,20,21,0,0,22,0,13,0,15,11,0,4,1,2,3,36,35,9,6,7,0,5,8,0,0,16,12,14,13,20,21,0,18,17,22,0,8,9,5,6,0,36,1,0,0,0,2,28,25,0,27,24,0,0,30,31,0,0,32,0,0,34,0,0,0,0,0,1,36,0,0,25,26,0,23,0,28,18,0,22,0,17,20,0,7,0,0,6,5,0,12,13,16,11,0,0,0,10,6,0,7,0,0,0,12,11,0,0,0,3,0,36,4,30,0,0,33,0,32,22,19,0,0,0,17,0,24,25,28,23,26,35,0,0,0,0,1,0,0,7,0,0,0,31,32,33,29,0,34,0,25,0,27,0,26,16,0,14,15,0,0,21,18,0,22,0,0,17,21,0,18,20,19,0,0,25,0,23,28,0,14,0,0,0,0,0,0,10,9,5,0,34,31,32,33,0,29,3,0,1,0,35,2,31,35,0,0,0,0,0,5,0,0,1,6,27,0,29,0,26,30,0,21,24,23,19,22,12,0,0,0,0,7,17,14,0,18,0,0,19,23,0,0,0,0,28,29,27,26,0,30,15,16,17,13,0,0,8,0,12,0,7,10,36,33,0,35,32,0,5,0,3,0,1,4,0,5,6,2,0,0,0,11,9,8,7,12,0,34,35,0,0,0,26,27,0,0,25,28,18,15,16,17,0,13,23,20,0,0,19,0,0,17,0,14,0,15,22,0,21,0,19,0,0,0,11,7,8,0,2,0,0,0,0,0,30,27,28,29,26,25,35,32,33,36,31,34,0,29,0,26,0,0,0,0,33,32,31,36,0,0,23,0,20,0,14,0,0,0,0,16,6,0,4,5,0,1,0,0,9,0,0,0,0,0,12,0,10,0,16,17,15,14,13,18,0,4,5,1,0,0,32,33,0,35,0,0,24,21,22,0,20,19,29,26,27,30,0,0,2,6,0,0,5,0,0,12,0,0,8,13,0,35,36,32,33,0,27,28,31,30,0,0,19,16,0,18,0,14,0,21,0,0,20,23,8,0,0,9,11,10,0,18,0,0,14,19,0,0,0,2,3,7,0,34,0,0,0,0,25,0,23,24,0,0,30,0,28,31,26,29,0,18,19,15,17,16,23,24,0,21,20,25,0,11,12,0,9,13,3,4,0,6,2,5,31,0,29,30,27,26,0,33,34,1,32,0,20,0,25,21,23,22,29,0,28,27,0,31,16,0,18,14,0,19,9,10,13,12,0,0,1,34,35,0,0,32,6,3,4,0,2,0,0,0,0,27,29,0,35,36,34,33,0,0,22,23,24,20,0,25,15,16,19,0,14,17,7,4,5,6,0,2,0,0,0,13,8,11,32,0,1,33,0,34,0,0,4,3,0,0,0,0,30,26,27,0,0,22,25,24,0,23,0,0,11,12,9,0,0,15,16,0,14,17,3,7,0,4,6,5,12,0,11,0,0,14,35,36,0,33,0,2,28,29,32,31,27,30,0,17,18,19,16,0,0,0,0,26,21,24,0,0,26,0,24,23,0,0,29,28,0,32,17,0,0,15,16,20,10,11,0,13,0,12,0,0,36,1,0,0,7,4,5,8,0,6,27,0,0,28,0,29,0,1,0,34,33,2,23,24,25,21,22,0,0,0,0,0,15,0,0,5,6,7,0,3,0,10,0,0,9,0,15,0,20,16,0,0,24,25,23,22,21,26,11,12,13,9,10,0,4,5,8,7,0,6,32,0,30,31,28,0,0,34,35,2,33,36,33,0,2,0,36,0,0,7,0,0,0,8,29,0,0,0,0,0,22,0,26,0,21,24,0,0,12,13,10,9,19,16,17,20,15,18,9,0,14,10,12,11,18,19,0,16,15,0,0,6,7,0,0,0,34,35,2,1,0,0,26,0,24,25,22,0,0,28,29,0,27,0
0,0,0,36,1,3,27,26,25,0,23,28,13,0,15,0,11,0,10,7,6,5,9,8,0,17,20,21,0,22,0,0,31,0,0,32,17,22,20,18,19,0,0,8,0,0,5,10,0,34,33,30,29,32,28,25,24,0,0,26,0,0,2,3,36,0,16,12,13,15,11,14,5,0,8,6,7,9,33,32,31,0,0,34,19,22,0,18,17,20,16,0,12,11,15,14,25,23,26,0,24,28,4,36,0,3,35,2,29,34,32,30,31,0,0,20,19,18,17,0,7,10,0,6,5,8,0,0,36,35,0,0,13,11,14,15,0,16,0,24,25,0,23,26,23,0,26,0,0,27,15,0,0,0,0,0,0,0,3,36,0,0,34,31,30,0,33,32,0,0,0,0,6,10,22,18,19,21,17,20,11,16,14,12,0,15,3,2,1,36,35,4,0,28,27,24,0,0,0,19,18,0,21,0,0,0,0,33,0,0,10,6,0,0,5,8,0,0,11,0,10,12,36,35,34,33,32,1,22,25,24,21,20,23,19,0,15,14,18,17,28,26,0,30,27,0,0,3,0,0,0,5,20,25,0,0,0,24,12,0,0,0,0,0,34,1,0,0,32,0,0,28,27,26,0,29,4,0,0,6,3,0,19,15,0,0,14,17,2,7,5,0,0,6,30,29,0,0,0,0,16,0,0,0,14,0,0,0,0,8,12,0,22,0,23,24,21,0,1,33,0,36,32,35,14,0,0,15,0,18,6,5,4,3,2,0,0,0,30,27,26,0,0,0,0,0,0,23,0,0,35,36,33,0,13,9,10,0,0,11,26,31,29,27,28,30,0,17,16,15,14,19,4,7,6,0,2,5,1,34,33,32,0,35,10,8,0,12,0,0,25,21,0,24,0,0,32,0,35,0,0,36,0,23,0,21,0,25,10,0,12,9,8,11,7,4,0,2,0,0,16,0,17,0,0,0,31,27,0,30,26,29,19,0,22,0,0,0,11,0,9,8,7,12,33,36,0,32,31,34,0,0,0,25,29,28,0,1,0,5,2,6,0,14,15,0,13,16,31,0,34,0,0,35,23,22,21,20,0,24,0,12,0,0,0,0,6,3,2,1,0,0,15,13,16,17,0,0,30,26,0,0,25,28,7,12,0,8,0,11,35,34,33,32,31,36,21,0,0,20,19,22,18,0,14,0,17,0,27,25,0,29,0,30,0,2,0,5,0,4,0,30,0,26,27,29,17,0,0,14,13,18,3,6,5,0,1,4,36,33,0,31,35,34,9,7,10,0,8,0,0,20,21,23,19,22,1,6,4,2,3,0,0,0,27,0,25,30,15,18,17,14,0,16,12,0,8,7,11,0,0,19,0,23,20,0,36,0,33,0,31,34,0,0,16,14,0,17,0,0,3,2,1,6,27,30,0,0,25,0,0,21,20,0,0,22,0,31,34,35,0,36,12,0,0,0,7,0,0,35,33,31,32,34,22,0,0,0,0,23,0,11,10,0,6,9,5,2,1,36,4,0,14,0,15,16,13,0,29,0,0,28,0,27,0,0,0,19,20,0,10,0,0,7,0,11,0,35,34,31,30,33,29,26,25,0,0,27,2,36,3,0,1,0,17,0,14,16,12,0,24,0,0,0,26,0,16,0,0,13,12,17,2,5,4,0,36,0,35,32,31,30,0,33,0,0,0,0,7,0,0,0,20,22,18,21,0,17,15,0,0,0,4,3,2,0,36,5,0,29,0,0,0,27,23,0,0,18,22,21,32,30,0,34,31,35,0,7,8,10,0,0,6,11,9,7,8,10,34,0,32,31,30,35,0,23,0,0,18,0,17,0,13,0,16,0,26,0,27,0,25,29,5,1,2,4,36,0,36,0,0,1,2,4,28,0,0,25,24,29,0,17,16,0,12,15,0,8,0,6,10,0,20,18,0,22,19,23,35,31,32,34,30,0,0,0,19,17,0,20,8,7,0,5,0,0,30,0,0,29,28,31,0,0,23,22,26,25,36,34,1,0,35,3,0,0,0,0,10,13,28,0,0,29,0,32,20,19,0,17,0,21,0,9,0,0,4,0,3,36,35,34,2,0,12,10,13,14,11,0,27,23,24,0,0,25,0,3,1,0,0,2,26,0,24,0,22,0,12,15,14,0,0,13,0,6,5,4,0,7,18,16,19,0,17,21,33,0,30,0,28,31,10,15,0,0,0,0,2,0,36,35,34,3,24,27,0,23,22,0,21,0,0,16,20,19,30,28,31,32,29,0,0,5,0,8,0,0,4,9,0,0,6,0,0,31,0,29,28,33,0,21,0,0,16,0,15,0,11,10,14,13,24,0,25,0,0,27,3,35,36,0,34,1,22,0,0,0,0,26,14,13,0,11,10,15,36,3,2,0,0,1,33,30,29,0,32,0,6,0,7,8,5,0,0,17,0,0,0,19,21,26,0,22,23,0,13,12,11,10,9,0,0,2,1,0,33,0,32,0,28,0,31,30,0,0,6,0,0,8,20,16,17,0,0,0,0,0,12,10,0,13,1,0,0,0,0,0,23,26,0,22,21,24,20,17,0,15,19,18,29,0,0,0,28,0,8,0,5,0,3,6,33,0,0,34,35,1,25,24,23,22,21,0,11,14,0,0,9,0,0,5,4,0,0,6,0,0,18,0,0,0,0,28,29,31,0,30,3,8,0,0,0,0,31,0,29,28,27,0,0,20,19,16,15,18,14,0,10,9,0,0,23,21,24,25,22,26,0,34,35,0,0,0,0,0,18,0,0,0,7,6,5,4,0,0,29,0,0,28,0,0,0,23,0,21,0,24,35,0,36,1,34,2,14,10,0,0,0,0,0,0,30,0,0,31,19,18,0,16,0,20,0,0,7,0,3,6,2,0,34,0,0,36,11,9,12,13,0,0,26,0,23,0,21,0
0,0,0,1,2,5,14,16,12,17,15,0,27,28,0,0,25,26,20,19,22,0,18,0,0,11,9,8,0,6,30,32,0,34,31,33,0,0,21,0,20,23,32,0,0,35,0,31,9,0,11,0,7,8,2,1,4,5,36,0,28,29,0,26,0,0,12,14,17,16,0,15,28,0,27,25,26,29,2,4,0,0,0,1,15,16,0,12,13,14,0,7,0,11,0,9,0,0,0,32,31,0,18,20,0,22,0,21,0,30,33,0,32,35,8,0,0,11,9,7,21,22,23,18,19,0,0,13,0,17,12,0,4,5,3,2,1,36,24,0,0,0,0,27,10,6,9,7,8,0,20,0,0,23,21,0,0,0,0,30,31,32,0,0,28,29,0,27,16,17,15,14,13,12,0,2,5,0,1,3,0,12,15,13,0,17,26,28,0,29,0,25,3,4,5,36,0,2,0,31,34,35,0,0,22,0,21,20,0,18,6,0,0,0,7,9,36,0,0,0,34,1,0,0,0,13,0,9,0,24,0,0,0,0,0,0,0,19,14,0,0,7,0,4,0,2,26,0,31,30,27,29,24,20,0,21,22,25,0,36,0,0,35,0,0,12,13,8,0,10,4,0,0,7,2,0,30,0,29,0,27,26,0,16,19,0,15,17,18,0,17,15,16,0,0,30,0,0,0,27,0,6,0,0,3,4,34,0,36,1,32,35,0,0,23,22,21,20,8,0,0,0,9,11,0,26,29,27,28,0,4,6,2,7,0,3,17,0,19,0,15,16,0,0,12,13,8,11,0,0,35,0,33,32,0,22,25,0,21,0,6,0,0,3,0,0,16,18,14,0,0,0,0,30,31,26,0,0,22,21,24,25,0,23,12,13,0,10,9,0,32,34,1,0,33,0,12,0,11,9,10,13,22,0,20,25,23,0,35,36,1,0,33,34,28,0,30,31,0,29,18,19,17,16,15,14,2,4,7,0,3,5,0,0,24,0,0,26,0,0,33,0,0,34,12,13,0,0,0,0,0,4,7,8,3,0,0,32,30,0,0,0,0,0,20,19,0,18,0,27,30,0,0,0,5,0,0,0,6,4,18,0,20,15,0,0,0,0,0,14,0,12,0,0,0,0,34,0,21,23,0,25,22,24,1,33,36,34,35,2,11,13,9,0,12,10,24,25,0,0,22,23,0,16,19,20,15,0,7,8,0,5,4,3,0,29,32,31,28,0,13,9,0,10,0,0,23,25,0,26,24,22,36,1,2,0,34,35,29,28,0,32,0,0,19,20,0,0,0,15,3,5,8,0,4,0,19,0,0,16,17,0,0,0,0,32,30,28,0,0,8,0,4,5,35,34,1,2,33,0,25,0,24,0,22,21,0,11,14,13,0,12,7,3,0,0,0,8,17,19,0,20,18,16,0,0,0,27,28,29,23,0,25,0,0,24,13,14,12,11,10,9,0,35,0,0,34,0,0,25,0,0,0,0,3,5,0,0,4,2,16,0,18,13,14,0,9,8,0,12,7,10,0,36,34,0,32,0,0,0,0,23,0,0,23,19,22,0,21,24,33,35,31,36,0,0,10,11,12,7,8,0,0,0,5,0,1,0,29,30,28,0,0,25,0,15,0,0,14,16,11,0,10,8,9,0,0,23,0,0,0,20,0,35,0,0,0,0,0,0,29,30,0,28,0,18,16,15,14,13,0,3,6,5,2,4,17,13,16,14,15,18,27,29,25,30,0,0,0,0,0,0,2,0,33,0,35,36,0,0,0,0,22,21,0,19,7,9,12,11,8,10,0,0,34,0,33,36,9,11,7,12,10,8,0,23,24,0,0,0,0,14,17,18,13,0,0,0,4,3,0,1,0,0,0,0,26,0,5,1,4,2,3,6,15,0,0,0,0,14,28,29,0,0,0,0,0,0,23,24,0,0,0,12,10,9,8,7,31,33,36,35,0,0,0,29,0,30,0,34,7,0,0,10,8,6,20,0,0,0,0,0,0,12,15,0,0,14,3,4,0,1,0,0,0,25,28,27,24,26,3,35,2,36,0,4,13,0,0,16,14,12,26,0,28,23,24,0,19,0,21,22,17,0,9,10,8,7,6,5,0,31,34,0,30,32,15,0,14,12,13,16,25,27,23,0,26,24,0,3,0,0,36,0,0,30,33,34,29,32,21,22,0,19,18,17,0,0,10,9,6,8,9,5,8,0,7,10,0,21,0,22,20,18,32,0,0,29,30,31,0,24,0,0,23,26,15,0,14,13,12,0,0,1,4,3,0,0,21,17,20,18,0,22,0,33,0,0,32,30,0,0,10,0,6,7,0,36,3,4,0,2,27,28,26,25,0,23,11,13,16,0,12,0,0,0,0,24,25,28,0,3,35,4,0,0,14,0,16,11,12,0,7,0,0,0,0,8,33,34,32,0,30,29,0,0,22,0,18,20,8,4,0,0,0,9,18,20,16,0,19,0,0,32,33,0,29,0,24,23,26,27,22,0,0,15,0,12,0,0,0,36,3,0,35,1,26,0,0,23,24,0,0,2,0,3,1,0,13,0,15,0,11,12,6,5,8,9,0,7,0,33,0,0,29,28,16,18,0,20,17,19,0,0,1,35,36,3,12,14,10,15,0,11,25,0,27,22,0,24,18,0,0,0,16,19,8,9,0,6,5,4,28,0,33,32,29,0,0,16,19,17,18,21,30,32,0,33,31,0,7,8,0,0,5,0,36,35,2,0,0,0,26,27,0,24,0,22,0,12,15,14,0,0,0,0,0,0,12,15,0,0,22,27,25,23,1,2,3,0,0,36,0,0,0,33,28,31,20,21,19,0,0,0,4,6,0,0,0,7,32,28,31,0,30,33,0,8,0,9,0,5,19,20,21,16,0,18,0,11,14,15,0,13,0,3,1,36,35,0,0,24,27,26,0,25
0,8,0,7,0,9,25,29,28,26,24,0,0,0,20,22,0,19,0,14,0,17,12,0,35,30,33,31,0,34,36,5,1,0,0,3,16,14,0,0,0,15,31,35,34,32,0,0,27,0,26,0,0,0,21,20,0,0,0,19,5,36,3,1,0,0,6,11,7,8,10,9,0,26,29,0,0,27,7,0,10,8,6,9,0,0,2,4,5,0,0,32,34,35,30,31,17,12,15,0,14,16,0,23,0,20,22,0,0,0,0,0,30,0,0,17,16,14,0,0,0,0,0,10,11,7,3,0,4,5,36,0,23,18,0,0,0,0,24,29,25,0,28,27,22,20,0,19,0,0,0,5,4,2,0,3,33,0,32,0,0,31,27,0,28,0,24,0,11,0,0,0,0,10,0,17,13,14,16,15,4,0,5,1,36,3,19,23,22,0,18,21,0,0,0,0,17,13,0,8,10,11,6,7,29,0,27,25,26,0,30,35,31,32,0,33,31,29,32,28,27,0,10,14,0,11,9,12,0,3,5,7,8,4,36,35,1,0,33,0,20,15,0,16,0,19,21,26,22,23,0,0,13,11,14,10,0,12,28,32,0,29,0,0,24,0,23,25,0,22,18,17,19,20,15,16,2,33,0,0,35,1,0,0,4,0,7,6,25,0,26,22,0,24,4,8,7,5,3,0,36,33,35,1,0,0,0,29,31,32,0,0,14,9,0,0,11,13,15,20,16,17,19,0,1,0,0,34,33,36,16,0,19,0,15,0,0,9,11,13,14,0,6,5,0,8,0,0,26,21,24,22,23,25,27,32,28,0,0,30,0,0,20,16,15,18,0,2,1,35,33,0,30,0,0,31,32,28,24,23,25,26,21,22,8,3,6,4,5,0,0,14,0,0,13,12,0,5,8,4,3,0,0,0,25,23,0,24,18,15,17,19,20,0,12,0,13,14,9,10,32,27,30,28,29,31,0,2,34,35,1,0,0,10,13,9,8,0,27,0,30,28,0,29,23,20,0,24,25,21,0,0,18,0,14,15,1,32,0,0,34,36,2,7,0,4,6,5,30,0,0,27,26,0,0,13,0,10,0,11,5,0,4,6,7,3,0,34,36,0,32,33,0,0,17,15,16,0,20,25,0,0,24,0,0,4,0,0,2,5,0,0,0,22,0,0,0,0,0,18,19,15,11,10,12,13,0,9,31,26,29,27,28,0,0,1,33,34,36,0,0,22,25,0,0,23,3,7,6,4,2,5,35,32,0,0,1,0,0,0,30,31,0,27,0,8,11,0,10,0,0,0,15,16,18,0,36,34,1,33,32,35,0,19,18,16,0,17,0,8,0,0,0,9,0,4,6,7,0,0,25,0,23,21,0,0,26,0,27,28,0,0,0,0,19,15,14,17,33,1,36,34,32,0,0,0,0,30,31,0,23,22,0,25,0,21,0,2,0,0,4,0,8,13,0,10,12,0,0,0,4,0,35,2,0,22,21,19,0,20,14,11,13,15,16,0,0,7,9,10,5,6,28,0,26,0,25,0,29,0,30,0,33,0,9,7,0,6,5,0,0,28,0,0,23,0,0,17,0,21,0,18,14,0,15,16,11,12,0,0,32,0,0,33,35,0,0,0,3,2,0,0,34,30,0,0,12,16,0,0,0,14,0,5,7,0,0,6,0,1,3,0,0,36,22,0,0,18,0,21,23,0,24,25,27,26,0,25,0,24,23,0,6,0,0,0,0,8,2,35,0,3,4,0,32,31,33,0,29,30,0,0,0,12,13,0,17,0,18,0,21,0,0,0,0,0,11,14,30,34,0,0,29,32,0,23,25,27,28,0,0,19,0,0,17,0,4,0,2,36,1,0,5,10,0,0,9,8,21,19,0,18,0,20,36,0,0,0,0,0,0,29,0,33,34,30,0,25,27,28,23,24,0,5,8,6,7,9,11,0,12,13,15,14,0,0,33,0,0,0,11,0,14,12,0,13,0,4,0,8,9,5,1,0,2,3,34,35,21,16,19,0,18,0,22,27,0,24,26,0,2,36,3,35,0,1,0,21,20,18,16,19,13,0,12,14,15,11,7,6,0,9,4,0,0,0,25,23,24,26,28,33,29,30,0,0,26,0,0,0,22,25,5,9,8,6,4,0,1,0,0,0,3,35,0,0,0,33,28,29,15,0,13,11,12,14,16,0,17,18,20,19,14,0,15,0,10,13,0,0,0,30,0,31,0,0,24,26,0,23,19,18,20,0,16,0,0,0,1,35,0,2,4,9,5,0,8,0,0,18,21,0,0,19,35,0,2,36,34,1,0,0,30,32,33,29,25,24,26,0,0,23,9,0,7,5,6,8,10,15,11,0,14,13,8,6,9,0,4,0,23,27,26,24,0,25,19,0,18,20,0,17,13,0,0,15,10,0,33,28,31,29,30,32,34,3,0,0,2,1,29,0,0,26,0,0,0,12,0,9,7,0,4,1,3,5,6,0,0,0,35,0,31,0,0,0,0,14,15,17,19,24,20,21,23,22,0,9,12,8,0,0,0,30,0,0,25,0,22,0,21,0,24,20,0,15,17,18,13,14,0,31,34,0,33,0,0,0,2,0,5,4,0,0,0,20,19,22,2,6,0,3,1,4,0,31,0,35,36,32,28,27,29,0,0,0,12,7,10,0,9,0,0,18,0,15,17,16,0,15,18,14,13,16,0,36,35,0,0,34,28,25,27,0,30,0,22,0,23,24,19,0,6,0,4,0,3,0,0,0,0,0,0,10,0,0,0,0,1,4,20,24,0,0,0,0,0,13,15,17,18,14,10,9,11,12,0,0,30,25,0,26,0,29,0,0,32,33,35,0,35,33,36,0,0,34,14,0,17,0,0,0,0,0,9,11,12,8,4,3,0,0,1,0,0,0,0,20,0,23,25,30,0,27,29,28
0,0,18,0,0,19,34,2,1,35,36,3,0,30,28,32,0,31,14,0,0,11,10,15,9,0,0,0,4,5,0,25,0,22,0,26,0,34,36,35,0,1,16,20,19,0,0,21,11,12,0,0,0,13,0,30,31,29,0,33,27,0,0,0,22,23,0,0,0,4,0,8,27,22,24,0,26,25,0,0,0,5,6,9,0,36,34,2,3,0,20,18,19,17,0,21,15,12,0,14,10,11,0,0,30,0,33,32,0,0,0,5,0,7,0,0,0,23,24,0,17,18,0,0,21,19,2,36,1,35,34,3,33,30,31,0,28,0,11,0,12,10,15,14,0,10,12,0,14,13,0,0,31,29,30,0,0,24,22,0,27,25,8,0,7,5,0,9,3,36,0,0,34,35,0,0,0,0,21,0,0,28,30,0,0,0,10,14,0,11,12,15,0,6,4,0,9,7,26,0,0,0,0,0,0,18,19,20,0,0,35,1,36,0,0,2,30,0,27,0,0,28,7,0,10,8,9,0,2,0,0,5,6,4,23,0,22,0,0,24,18,0,16,17,13,14,32,34,33,31,0,35,18,13,15,14,17,0,31,35,0,32,33,36,26,27,25,29,0,0,0,9,10,8,0,12,6,3,4,5,0,2,20,22,21,0,0,0,12,0,0,8,11,10,25,0,28,26,27,30,20,21,0,23,0,0,5,3,4,2,1,6,36,33,34,35,31,32,0,0,0,13,18,0,6,0,3,2,0,4,19,0,0,0,0,24,14,0,13,17,18,0,0,33,34,0,31,0,0,27,28,0,25,0,8,10,9,0,12,11,36,0,33,32,35,34,13,17,16,14,15,18,8,9,7,0,12,10,29,0,28,26,25,0,0,0,0,23,19,0,2,4,3,0,6,5,24,19,21,20,0,22,1,0,0,2,3,0,32,33,0,35,36,0,17,15,0,14,13,18,12,0,0,11,0,8,26,28,27,25,0,0,20,15,17,0,19,18,0,0,36,34,0,2,28,0,27,31,32,0,13,11,12,0,9,14,8,0,6,7,3,4,22,24,23,21,26,25,26,21,23,0,0,24,0,0,6,4,0,8,34,35,0,0,0,0,19,0,18,0,15,20,14,0,12,13,9,0,28,0,29,27,0,31,0,33,0,0,1,36,15,19,0,0,0,20,10,0,9,13,14,0,0,29,30,28,27,0,26,0,24,25,21,0,4,0,0,3,8,7,14,0,0,10,13,0,0,0,0,0,29,32,22,23,21,25,26,24,7,5,0,0,3,8,2,0,36,1,33,34,0,18,0,15,0,0,32,0,0,28,31,30,0,0,12,10,0,0,4,0,3,7,8,0,25,23,24,0,21,26,20,0,0,19,15,16,0,0,0,33,0,0,8,3,0,4,0,6,21,0,0,0,23,26,0,0,15,19,0,0,1,35,36,34,33,0,32,29,30,0,27,0,0,12,0,9,14,13,7,0,4,0,6,5,20,24,23,21,22,25,0,16,14,0,19,0,0,0,0,33,32,0,31,28,29,0,26,27,0,11,0,8,0,12,0,0,0,0,18,17,0,36,35,0,0,1,0,28,0,30,31,29,12,10,0,9,8,0,7,0,0,6,0,3,21,0,0,0,25,24,0,26,28,0,0,0,8,12,11,0,0,13,3,0,0,0,0,0,0,22,0,21,0,0,19,16,0,18,14,15,33,35,0,32,1,36,0,8,10,0,12,11,26,30,0,27,28,0,0,0,0,24,25,23,0,4,0,3,0,0,1,34,35,36,32,0,15,17,16,14,0,18,25,0,22,21,0,23,2,0,5,3,0,0,33,34,32,36,0,35,18,16,0,15,14,19,13,0,0,0,8,9,27,0,28,0,31,30,0,32,0,0,0,0,14,0,0,15,16,19,9,10,8,12,13,11,30,28,0,27,26,31,25,22,0,0,20,0,3,0,4,0,7,6,34,29,31,30,33,32,11,15,14,0,0,0,6,7,5,9,10,0,27,0,0,24,0,28,22,19,20,21,17,0,36,2,0,35,0,3,16,0,13,12,15,14,29,33,32,30,31,0,24,25,23,0,28,26,9,7,0,0,0,10,0,0,2,0,0,0,18,20,19,0,22,21,10,0,0,0,9,8,23,0,0,0,25,0,0,0,0,0,22,0,0,1,2,36,35,0,34,31,32,33,0,30,12,0,13,0,16,15,22,17,19,0,21,0,35,3,2,0,1,4,30,31,0,33,0,0,0,0,14,12,11,0,10,7,8,9,0,6,24,0,25,23,28,0,0,35,1,36,3,0,17,0,20,0,19,0,0,13,0,15,16,0,33,31,32,0,29,34,0,25,0,27,0,0,0,8,7,0,10,0,28,23,25,0,0,0,5,9,8,0,0,10,36,0,0,3,4,2,0,0,0,18,17,22,16,13,14,0,0,12,30,0,0,29,34,0,35,30,32,31,34,33,0,16,15,13,0,17,0,0,6,10,0,9,0,26,0,25,24,0,23,20,21,22,18,0,1,0,2,0,5,0,0,12,0,13,0,15,30,0,0,31,32,0,25,26,24,0,29,0,0,8,9,0,6,0,0,2,0,0,36,1,0,21,20,0,23,22,0,24,26,25,28,0,0,0,9,0,8,11,1,2,0,4,5,0,0,20,21,0,18,23,17,14,15,16,0,0,0,0,32,30,0,0,5,36,2,1,0,3,18,22,0,19,0,23,0,0,0,0,0,15,0,0,33,31,0,35,29,0,0,28,0,0,0,9,8,0,11,0,0,6,8,0,0,0,24,28,27,25,26,29,0,20,0,0,23,21,4,2,3,1,36,5,0,32,0,34,30,31,13,15,0,0,17,16,0,0,20,0,22,21,36,4,3,0,0,0,31,0,0,34,35,0,0,0,15,0,12,0,0,0,9,10,6,7,25,27,26,24,0,28
29,32,0,31,0,0,0,9,8,7,0,5,27,24,0,25,26,22,0,18,21,0,0,16,0,10,11,0,0,0,2,0,35,36,34,0,17,0,0,19,0,18,0,0,0,31,30,29,15,0,0,13,0,10,5,6,0,8,7,0,0,34,35,0,0,3,0,0,23,0,0,0,0,0,0,0,0,6,16,0,20,19,0,0,0,0,0,1,2,34,29,0,0,32,31,0,0,22,0,24,25,27,14,15,11,0,0,13,11,0,0,13,10,12,22,0,26,25,24,0,9,0,5,7,0,0,35,36,3,2,1,34,32,28,0,0,31,0,20,21,17,18,16,0,35,0,3,1,34,0,0,15,14,13,0,11,33,30,0,0,32,0,23,0,27,26,25,0,0,0,17,0,0,21,8,9,5,6,0,0,0,0,0,25,0,0,34,3,0,0,36,35,21,18,17,19,20,16,11,0,15,14,13,10,8,4,5,6,0,9,0,0,29,30,28,31,16,19,0,18,0,17,0,32,0,0,0,28,14,0,10,0,0,9,4,5,8,0,0,3,1,0,0,35,0,2,25,26,0,0,21,24,0,0,2,36,33,35,0,14,13,0,11,10,32,29,0,30,31,0,22,0,26,25,24,21,19,15,0,17,18,0,0,0,0,5,3,6,22,0,26,24,0,23,0,2,1,36,35,34,20,0,0,0,19,15,0,11,0,13,12,9,0,3,4,0,0,8,0,32,28,0,27,0,0,0,8,6,3,5,0,20,19,0,17,16,0,35,34,36,1,33,0,0,32,0,0,27,0,21,0,0,24,26,13,14,0,11,0,12,0,31,0,30,0,29,0,0,7,6,0,0,0,0,22,24,0,21,16,17,20,0,0,15,0,9,10,11,12,14,1,2,34,35,0,0,0,13,0,12,9,11,0,0,25,24,0,0,0,5,0,6,0,3,0,35,2,1,36,33,0,27,28,29,30,0,19,20,16,17,15,0,0,30,31,29,26,28,2,0,0,5,4,3,25,0,21,23,0,20,15,0,19,18,17,14,12,0,9,10,11,13,36,0,33,34,32,35,21,24,25,23,20,22,32,1,36,35,34,0,0,0,15,0,18,14,9,10,13,12,11,0,6,2,3,0,0,7,30,31,0,28,26,0,15,0,19,17,0,0,0,31,30,29,28,0,0,0,9,0,0,0,3,0,0,6,5,0,36,32,33,0,0,1,24,25,0,0,0,23,33,0,1,0,0,0,0,0,12,0,10,0,0,0,0,0,0,0,0,22,0,24,0,20,18,0,15,0,0,19,6,7,3,4,2,5,3,6,7,5,2,0,0,0,0,17,16,15,0,34,33,35,36,0,27,28,31,30,29,26,24,20,21,22,23,25,12,13,9,10,0,11,9,0,13,0,8,0,0,25,0,0,0,21,0,0,3,5,6,2,0,0,1,36,35,32,30,26,0,28,0,0,18,19,0,16,0,0,0,5,0,4,0,3,0,18,17,16,15,0,36,0,32,34,0,31,0,27,30,29,0,25,0,19,0,0,22,0,11,12,8,0,7,10,20,23,0,22,19,21,31,36,0,34,0,0,18,15,14,0,0,13,0,0,12,11,0,0,5,0,2,0,4,0,29,30,0,27,25,28,0,17,18,16,13,0,0,30,0,28,27,26,0,9,0,0,11,7,2,3,6,5,0,0,35,0,0,33,34,36,23,0,20,21,19,0,0,29,30,28,0,27,1,0,5,4,3,2,24,21,20,22,23,19,14,15,18,17,0,13,11,7,8,9,10,12,0,36,0,0,31,34,32,0,36,34,31,33,7,12,11,10,9,8,0,27,26,28,0,25,20,0,0,0,22,19,0,13,14,15,0,18,0,6,0,3,1,4,8,0,0,10,7,9,19,24,23,0,21,20,6,3,2,0,5,0,0,33,0,35,34,31,29,25,0,27,28,30,0,18,0,15,0,0,0,21,0,0,17,0,29,34,0,0,31,30,0,13,0,14,15,0,6,0,10,9,8,0,3,35,36,1,2,0,0,28,0,0,23,26,0,0,0,8,0,7,0,22,21,0,19,0,4,1,0,2,3,35,30,0,0,33,0,0,0,23,24,25,26,28,15,16,12,0,11,14,12,15,16,14,11,13,23,28,27,26,0,24,10,7,6,8,9,5,36,1,4,3,0,35,0,0,30,0,0,0,21,0,18,0,0,0,0,33,0,32,29,31,5,0,0,0,7,6,0,0,24,26,27,23,18,0,22,21,20,0,15,0,0,0,0,16,0,0,0,1,35,0,36,3,0,2,0,1,11,16,15,14,13,0,0,31,30,32,33,29,24,25,28,0,26,0,0,17,18,19,0,22,9,10,6,7,5,8,24,27,28,0,0,25,35,4,0,2,1,0,22,0,0,20,21,0,0,13,16,0,14,11,9,5,0,0,8,10,0,34,0,31,29,0,13,16,0,15,12,0,24,0,0,0,26,0,11,0,0,9,10,6,0,0,5,4,3,0,34,30,31,32,33,35,22,23,0,0,18,0,25,28,29,27,24,26,36,5,4,0,0,1,23,20,0,0,22,18,13,0,0,16,0,0,0,6,0,8,0,11,34,35,31,32,30,0,19,22,23,0,0,20,30,0,34,33,0,0,0,14,13,15,0,12,7,8,0,10,9,6,4,0,0,2,3,5,28,29,25,26,24,27,1,4,0,3,36,0,12,0,16,15,14,13,35,0,31,0,34,30,25,0,29,28,27,24,0,0,19,20,21,0,10,11,0,0,0,9,7,0,11,0,0,0,0,23,0,21,20,19,0,2,1,0,0,0,31,32,0,0,33,0,0,0,25,26,27,0,16,0,13,0,12,0,0,0,35,33,30,32,0,11,10,9,0,7,29,0,25,0,0,24,0,0,23,22,21,18,16,0,0,0,15,0,4,0,1,2,0,0
0,19,0,23,18,22,0,25,0,0,29,0,3,0,36,1,0,2,34,35,31,30,0,0,15,12,13,14,0,16,11,7,9,8,0,6,15,13,14,17,0,16,20,19,21,18,23,22,33,34,30,31,35,0,28,29,0,24,0,0,9,6,7,8,0,10,0,1,3,0,4,0,33,0,32,0,0,34,2,1,0,36,5,4,15,16,0,13,17,0,10,0,7,6,9,8,27,24,25,0,29,28,23,19,0,20,0,0,9,7,0,0,0,10,14,13,0,12,17,0,0,28,0,0,29,0,0,0,0,0,21,0,3,0,1,0,5,0,35,31,33,0,34,0,3,0,2,5,36,4,0,7,9,6,11,10,21,0,18,19,0,20,0,17,13,12,15,14,0,30,31,32,0,34,0,25,0,26,28,24,0,25,0,29,24,28,0,0,33,0,35,0,9,10,6,7,11,8,0,0,1,36,0,0,0,0,19,20,23,0,0,0,0,14,16,0,0,0,18,21,16,20,0,23,0,22,0,0,0,2,34,35,3,36,0,0,29,0,31,30,0,0,0,12,15,0,9,0,7,6,0,0,7,0,6,9,4,8,12,11,13,10,15,0,0,0,0,23,27,0,20,21,17,16,19,0,1,34,35,36,0,0,33,29,31,30,0,28,25,0,24,27,0,26,30,0,31,0,0,32,7,8,4,5,9,0,0,3,0,0,1,0,19,0,17,18,21,0,15,11,13,12,0,10,13,11,0,15,0,14,0,17,19,16,21,20,31,0,28,29,33,30,0,27,23,22,25,0,0,0,5,6,9,8,3,0,1,36,0,34,0,35,36,3,34,2,0,0,0,4,0,0,0,20,0,0,21,18,0,15,11,10,0,12,31,28,0,0,33,0,27,23,25,24,26,22,31,29,30,0,28,0,36,35,1,34,3,0,13,14,10,11,0,0,8,9,0,4,7,6,25,0,23,0,0,0,21,17,19,18,20,16,0,8,9,0,7,0,15,14,16,0,18,17,28,29,25,0,30,27,0,0,0,0,22,0,4,1,0,3,6,0,0,32,34,33,0,31,34,32,33,36,31,0,0,0,4,1,0,0,0,17,13,0,18,15,11,12,8,0,10,0,0,0,26,0,30,29,24,0,0,21,23,0,0,26,0,30,0,29,33,0,34,31,0,35,0,0,7,8,12,9,0,0,0,0,0,3,0,19,20,21,0,23,18,14,16,0,17,0,22,20,21,24,0,0,0,26,0,0,30,29,0,0,1,2,6,3,35,0,32,31,34,33,16,0,0,15,18,17,0,8,0,0,11,7,16,14,0,18,0,0,21,20,22,19,24,23,34,35,31,32,36,33,29,0,26,25,28,27,10,7,8,9,12,11,6,0,0,0,5,1,4,0,0,0,1,5,0,8,10,7,0,11,0,23,19,20,24,21,0,18,14,0,16,0,34,31,32,33,36,0,0,26,28,27,29,25,12,0,11,0,0,0,17,16,18,0,20,0,30,31,27,0,0,0,0,26,22,21,0,23,0,3,4,0,0,7,2,34,36,35,0,0,30,28,29,0,27,31,35,34,0,0,2,0,12,0,9,10,14,11,7,8,0,3,6,5,0,21,0,23,26,25,20,16,18,17,0,15,0,0,23,0,0,0,29,28,30,27,32,31,6,0,3,0,0,5,0,0,34,0,36,35,18,15,0,17,20,19,14,0,12,11,13,9,18,16,17,20,0,19,23,22,24,0,0,25,0,0,33,34,2,0,31,32,28,27,30,29,0,9,10,11,14,13,8,4,6,0,7,3,0,4,0,0,3,7,0,0,12,9,14,13,24,25,0,22,0,23,19,0,16,0,0,17,0,33,34,35,2,0,32,28,30,0,31,27,36,34,35,2,33,0,5,4,0,3,0,7,18,19,15,16,20,17,13,0,10,0,12,11,30,0,28,29,0,0,26,22,24,23,25,0,32,30,31,0,29,33,1,36,2,35,0,3,14,15,0,0,16,0,9,0,0,0,8,7,26,23,24,25,28,27,22,18,20,19,21,17,14,12,13,16,0,15,19,0,0,17,0,21,0,33,29,0,34,31,27,0,0,0,0,0,8,5,0,0,10,0,0,0,2,1,0,0,8,6,7,10,0,0,13,12,14,11,16,0,0,27,23,0,0,25,0,0,18,17,0,19,2,0,36,1,0,0,0,30,32,31,33,29,26,0,25,0,0,0,0,30,32,0,34,33,8,0,0,6,10,7,3,0,36,35,2,0,20,17,0,0,22,21,16,12,14,13,15,11,20,18,0,22,17,21,25,24,26,23,28,0,0,0,0,0,0,1,0,34,30,29,32,31,14,0,12,13,0,0,0,6,0,0,9,0,0,36,1,4,0,3,7,0,8,5,10,0,0,0,0,18,22,19,15,16,12,11,0,0,32,29,30,31,34,0,28,0,0,25,0,23,0,15,16,19,14,18,22,21,23,0,25,24,0,36,32,33,1,34,30,31,0,0,29,0,11,8,9,0,13,12,7,0,0,4,6,0,5,3,4,7,2,6,10,9,0,8,0,12,23,0,20,0,25,0,0,19,15,0,17,16,0,32,33,34,1,36,0,0,29,0,0,26,0,0,28,0,26,30,0,33,35,32,0,36,11,0,8,9,13,10,0,7,3,2,0,4,23,20,0,22,25,0,0,0,17,16,0,14,0,0,0,0,8,12,0,0,0,14,0,18,29,0,0,27,0,28,0,25,21,20,23,0,5,2,3,0,0,0,1,33,35,0,0,32,35,33,34,1,32,0,4,0,0,2,7,0,0,0,14,0,0,0,12,0,9,8,11,10,0,26,0,28,0,0,25,21,23,22,0,20,0,21,22,25,0,24,0,0,29,26,31,30,0,0,2,3,7,0,36,0,0,0,35,34,17,14,15,16,0,18,13,9,11,10,0,8
17,21,0,16,0,18,27,0,0,0,26,0,9,0,5,7,6,0,36,34,0,0,0,35,29,0,30,33,28,32,11,0,0,10,0,0,11,15,0,0,14,0,21,18,17,16,0,19,0,2,35,1,36,34,30,28,33,31,32,0,23,25,24,27,22,0,0,7,9,0,8,6,0,0,0,28,0,30,0,0,35,34,2,0,21,20,17,0,0,0,0,10,15,13,0,11,0,0,0,9,4,0,23,25,27,0,26,24,35,3,1,34,2,36,0,6,0,0,8,7,27,26,23,0,0,22,18,16,21,0,20,17,0,13,0,15,10,14,0,31,33,28,0,0,23,27,25,22,26,0,33,0,29,28,32,0,15,0,0,13,0,0,0,0,0,0,0,5,35,0,36,3,34,2,17,19,0,16,20,18,5,9,7,4,0,0,15,0,0,10,14,13,33,32,0,31,30,0,24,0,27,25,26,23,17,0,0,21,0,20,0,0,3,0,2,36,0,35,33,30,0,0,5,0,1,0,0,3,23,0,0,21,20,18,14,0,17,15,16,0,0,0,0,11,6,10,0,0,29,24,0,26,0,0,9,6,10,0,0,14,0,12,16,15,35,0,31,33,0,0,26,0,0,0,0,0,0,21,0,0,0,0,1,3,5,36,4,2,1,0,3,0,4,2,11,8,7,0,10,9,0,28,0,27,0,0,20,0,0,0,22,0,13,0,0,17,12,0,0,0,35,30,34,0,25,29,0,0,0,26,35,0,0,0,34,33,17,0,13,15,14,12,8,6,0,0,10,0,1,3,2,5,0,4,19,21,23,18,22,0,0,0,21,0,0,0,0,0,25,24,0,27,0,0,7,9,0,0,0,0,0,3,4,1,31,33,32,35,30,34,0,15,17,12,16,0,13,17,0,0,16,14,0,0,19,18,0,21,5,0,1,3,0,36,32,30,35,33,34,31,25,27,26,29,24,28,0,9,11,6,10,0,0,0,0,0,21,19,0,0,24,23,27,0,0,0,0,0,7,5,1,0,0,2,0,0,30,0,0,34,0,0,12,14,0,0,0,13,12,16,0,0,15,0,0,0,18,17,21,0,0,0,36,2,1,35,31,29,34,32,0,0,24,26,25,28,0,27,6,8,10,0,9,0,0,28,0,0,27,25,0,31,30,29,0,0,16,15,0,14,13,0,7,5,10,0,0,0,36,2,0,0,0,3,0,20,22,17,21,19,36,4,2,35,0,0,10,7,0,0,9,0,0,27,0,26,25,23,19,0,0,20,21,18,0,14,13,16,11,15,30,32,0,29,33,31,6,0,0,5,9,7,16,13,12,11,15,14,0,33,30,32,31,0,0,23,28,26,27,24,18,0,19,0,0,21,36,2,4,0,3,1,30,0,32,29,33,31,0,0,36,0,3,0,22,0,18,20,19,17,13,11,16,0,0,12,6,8,0,0,5,0,0,26,28,23,27,25,28,32,30,27,31,0,2,35,34,0,0,0,0,19,16,18,17,15,11,9,14,12,13,0,4,6,5,0,3,0,22,24,26,21,25,23,0,0,12,0,13,11,0,0,16,0,0,18,0,0,34,36,0,0,0,0,32,30,31,0,0,0,0,26,0,0,0,6,0,0,0,0,0,0,18,0,19,17,26,23,22,0,0,0,0,7,4,6,5,0,35,33,0,36,0,0,28,0,29,0,0,0,0,0,0,0,13,0,4,0,6,0,0,5,14,11,10,9,13,12,32,0,28,0,29,27,23,0,0,24,25,22,16,18,17,0,15,19,0,0,0,0,1,35,22,0,0,0,0,23,32,29,0,27,31,30,14,0,0,12,11,9,5,3,8,6,7,0,34,0,35,2,33,1,16,18,0,0,19,17,34,2,36,33,1,35,8,5,4,3,0,6,26,25,22,24,23,0,17,15,0,18,19,0,0,0,0,0,0,13,0,0,32,27,0,29,21,25,23,20,0,22,31,28,27,26,30,29,13,12,0,0,10,8,0,2,7,0,6,3,33,0,34,0,0,36,15,0,19,0,18,0,15,19,17,14,0,0,25,22,0,20,0,0,7,6,3,0,4,2,0,0,1,0,36,33,27,0,0,0,0,0,0,11,13,8,12,0,27,31,29,26,30,0,0,34,0,0,36,0,19,18,0,0,0,14,10,0,13,11,12,0,3,0,4,7,2,6,0,23,25,0,0,0,3,0,0,2,6,4,0,0,0,0,12,0,31,0,27,0,0,26,0,20,25,23,24,0,15,0,16,19,14,0,0,35,1,32,36,0,0,1,35,32,0,0,7,4,3,2,6,0,25,24,21,0,22,20,16,14,19,0,18,15,9,11,0,13,0,0,27,29,31,0,30,28,0,13,0,8,12,0,19,16,0,0,18,17,1,36,0,0,34,32,28,0,0,29,0,27,21,23,22,25,20,24,3,5,7,2,6,0,2,6,0,1,5,0,12,9,8,0,0,10,30,0,26,0,0,0,0,0,0,22,23,0,14,0,15,18,13,0,32,34,36,31,35,33,20,24,22,0,23,21,0,27,26,25,29,28,12,11,8,10,0,7,3,1,6,4,5,0,0,34,33,36,31,0,14,16,18,13,17,0,0,0,0,7,0,9,18,15,0,0,17,0,36,35,0,34,33,0,0,25,0,28,29,0,0,0,21,24,19,0,2,4,6,1,0,3,14,0,0,13,17,0,0,0,20,19,0,22,6,5,2,0,0,1,33,0,36,34,35,32,26,28,27,30,25,29,8,0,0,0,11,0,0,36,34,31,35,33,0,0,2,0,0,4,24,23,20,0,21,0,15,13,18,0,0,14,0,0,0,12,0,11,26,0,0,25,29,27,26,30,0,25,29,0,36,0,32,31,35,34,0,0,14,16,15,13,0,7,12,10,11,8,0,4,3,6,1,0,0,0,24,19,23,0
0,20,19,0,21,0,34,0,30,32,0,33,12,13,14,17,15,16,0,36,5,0,0,2,6,0,7,0,10,11,0,0,0,0,24,0,0,2,0,5,0,36,16,0,12,14,17,15,30,0,32,35,33,0,21,18,23,0,0,20,24,27,0,0,0,29,9,11,8,10,0,7,10,8,0,11,9,6,22,19,0,0,0,0,36,1,0,0,3,4,27,0,29,28,0,0,0,0,0,32,0,35,15,17,14,16,12,13,34,32,0,35,33,30,0,0,6,8,11,9,24,25,26,29,27,0,15,12,17,0,13,14,18,21,19,0,22,23,3,0,0,0,0,0,0,14,13,0,0,0,28,25,24,0,0,27,6,7,0,11,9,10,0,30,35,34,0,0,36,3,1,2,4,5,21,0,20,22,0,19,28,0,25,0,27,24,4,0,36,2,5,0,0,0,0,0,21,22,0,6,11,10,7,8,0,0,0,14,16,0,33,35,0,34,30,31,26,0,23,0,0,22,0,0,34,0,3,0,16,17,0,21,19,20,7,0,9,8,0,6,0,0,11,12,14,15,31,33,0,32,0,29,14,12,0,0,0,0,26,23,0,24,27,25,4,0,6,9,7,8,31,0,33,32,29,0,0,0,35,36,0,0,19,21,18,20,0,0,0,30,0,33,31,28,8,0,0,0,9,0,0,23,24,27,25,26,13,10,15,0,11,12,16,19,17,18,20,21,1,3,36,2,0,35,0,6,0,9,7,4,0,17,16,0,21,0,34,35,0,3,1,2,0,22,27,26,0,0,0,31,29,30,32,33,13,0,12,14,10,11,20,18,17,21,0,16,0,0,28,0,0,31,10,11,0,15,13,14,0,34,3,2,35,36,0,7,0,6,8,0,25,27,24,0,22,0,2,0,0,0,1,34,0,0,0,0,15,13,28,0,30,33,0,0,0,0,0,0,17,18,0,0,23,24,0,27,0,0,6,0,4,5,0,0,27,31,29,26,0,0,2,4,7,5,20,21,0,0,23,0,0,8,13,0,9,10,14,17,15,16,0,19,0,1,34,36,32,33,0,0,0,0,5,2,0,15,14,16,19,17,0,0,34,0,0,36,23,0,25,0,21,0,26,0,27,0,30,0,0,0,0,12,8,0,0,0,33,1,35,32,12,0,8,10,0,11,26,0,28,31,0,0,0,14,19,18,0,16,20,0,0,22,24,25,5,7,0,6,0,3,12,10,9,13,11,8,0,0,20,0,25,23,0,3,0,0,0,6,29,26,0,30,0,0,32,35,33,0,36,0,0,0,16,18,14,15,18,16,0,19,0,14,0,27,26,28,31,0,8,9,0,0,11,0,35,0,0,36,0,0,2,5,3,0,6,7,23,0,22,0,20,21,24,0,21,0,0,20,0,33,0,0,0,35,0,15,16,19,0,0,5,2,7,0,3,4,8,11,9,0,0,0,0,31,0,30,0,27,0,1,36,4,2,35,15,0,11,0,0,14,29,30,0,0,32,33,0,0,22,21,0,0,23,26,24,0,27,0,8,0,0,0,5,6,0,25,0,28,26,23,0,36,35,1,4,0,17,0,0,22,0,21,8,5,10,9,6,7,11,14,12,13,0,16,0,34,31,33,0,30,0,31,30,34,0,0,9,6,0,0,0,0,23,0,25,28,26,27,14,0,0,15,0,13,17,20,18,19,21,22,0,0,0,3,35,0,15,13,12,0,14,0,27,0,0,25,28,0,0,6,7,10,8,9,32,29,0,33,0,31,35,2,36,1,0,0,0,22,0,0,0,18,9,7,6,10,8,5,0,18,0,19,22,20,35,36,1,4,0,0,26,23,28,27,0,25,0,32,30,0,33,34,0,0,13,0,0,12,21,0,18,0,20,17,33,0,29,31,34,0,0,12,0,16,0,15,2,0,0,3,36,1,0,0,0,7,9,10,26,28,0,27,23,24,0,17,16,0,18,15,0,0,27,29,32,30,9,10,11,14,12,0,36,33,2,1,0,35,0,6,4,0,0,0,0,26,23,0,0,0,1,0,34,0,36,0,13,10,0,0,14,0,27,28,0,32,0,0,0,15,20,0,16,0,0,24,0,0,0,0,6,8,0,7,3,4,7,5,0,0,6,3,19,16,0,0,0,18,33,0,35,0,0,1,24,21,26,0,22,23,0,30,28,29,0,32,12,14,11,13,9,0,25,0,0,26,24,21,0,34,0,0,2,0,0,0,0,20,18,19,6,3,0,0,4,5,0,12,0,11,13,0,30,0,0,31,27,28,13,11,10,14,12,9,25,22,21,0,26,0,3,4,0,8,0,0,30,0,32,31,28,0,0,0,34,35,1,2,18,20,17,19,15,16,31,0,0,0,30,27,7,4,0,5,0,0,21,22,0,0,24,25,12,9,0,0,10,0,15,0,16,17,19,0,0,2,35,1,0,34,0,33,32,36,0,31,11,0,0,0,12,10,0,0,27,0,0,29,16,0,18,17,0,15,19,22,0,21,23,24,4,6,0,5,1,0,5,3,2,0,4,1,17,0,0,15,18,16,0,0,33,0,34,35,0,0,24,0,20,0,25,0,26,27,0,30,0,12,9,11,7,8,0,0,0,0,16,13,0,26,0,0,30,28,0,0,9,12,10,11,34,31,0,0,32,33,1,4,2,3,0,6,22,24,21,23,0,20,0,21,0,0,0,0,35,32,31,33,36,34,13,14,0,18,16,0,4,1,6,5,2,3,7,10,0,9,11,12,28,30,27,29,25,26,29,27,26,0,0,25,0,0,0,3,0,4,19,20,0,24,22,23,0,7,12,0,0,0,0,0,0,0,0,18,0,0,33,35,0,32,11,9,8,12,10,7,23,0,19,21,24,22,0,0,0,6,4,5,0,0,30,0,26,27,31,34,0,33,0,0,16,18,0,0,13,0
17,22,18,19,21,20,14,13,15,16,12,11,0,2,35,0,4,36,30,32,34,0,29,0,0,0,28,24,25,27,6,7,0,5,9,8,0,16,12,13,15,14,0,7,0,0,6,5,0,0,29,33,0,30,24,26,28,25,23,27,0,17,0,0,19,0,36,0,0,35,0,0,5,10,6,7,0,0,2,0,0,0,36,35,0,26,23,27,28,0,0,20,22,0,17,21,14,11,16,0,13,15,30,31,0,29,33,32,0,4,0,0,3,2,32,31,33,34,0,29,0,20,17,21,22,18,12,14,0,0,11,15,8,5,10,6,0,9,24,25,0,23,0,26,0,0,30,0,33,0,26,0,27,28,24,23,0,14,11,15,0,12,0,8,10,7,5,0,2,35,4,36,0,0,0,19,22,17,21,20,23,0,24,0,0,0,20,0,0,22,18,17,7,8,5,0,0,0,0,0,4,0,0,3,0,0,34,0,31,33,12,0,0,11,15,14,12,17,0,0,0,15,9,8,10,0,7,0,0,0,30,34,35,31,25,0,29,0,0,28,21,0,23,0,20,22,1,2,5,36,4,3,36,5,1,2,0,0,33,32,0,35,0,30,20,21,18,22,23,0,0,0,17,14,0,16,0,6,11,7,8,10,0,0,29,0,28,27,24,29,25,26,28,0,0,20,22,0,19,18,8,0,6,0,11,7,0,3,5,2,0,4,33,30,0,0,32,0,13,14,0,0,16,0,18,23,19,0,22,0,0,14,16,17,13,12,0,3,0,0,0,0,0,33,0,32,0,34,27,24,0,25,0,0,7,8,0,6,0,9,6,0,0,0,0,0,3,2,0,0,1,36,26,0,24,28,29,0,0,0,23,0,18,22,0,12,17,0,14,16,31,32,0,30,0,33,30,0,0,0,0,33,27,0,28,29,25,24,14,15,0,0,17,0,0,0,11,0,6,10,0,36,0,0,2,4,0,0,0,18,0,21,33,2,34,0,0,36,0,29,31,0,28,27,17,0,15,0,20,0,0,12,0,0,0,13,0,0,0,0,5,7,0,23,26,21,25,0,21,26,22,23,0,24,18,0,19,0,0,15,5,6,0,7,8,0,34,0,2,35,0,1,0,27,0,28,29,0,0,11,14,9,0,0,0,0,0,5,0,0,36,35,1,0,0,0,0,24,21,0,26,0,16,0,20,0,0,19,12,0,14,10,11,0,28,29,32,0,0,30,0,0,10,11,13,12,0,5,7,8,4,3,0,30,27,31,32,28,0,24,26,23,21,0,18,0,20,0,17,19,34,35,0,33,0,0,27,32,28,29,31,0,24,23,0,26,0,21,11,12,0,13,0,10,0,6,0,5,0,7,36,33,0,34,0,1,16,17,20,15,0,18,15,20,0,0,19,0,0,0,0,0,10,9,35,36,33,0,2,0,28,30,32,29,27,31,24,0,26,22,23,0,0,5,0,0,0,6,16,0,17,18,0,19,13,12,14,0,0,10,36,1,0,0,3,0,29,31,0,0,28,0,0,22,27,23,0,0,5,0,9,4,8,7,34,0,35,36,0,1,31,30,0,0,29,28,0,19,16,20,0,17,11,13,15,0,10,0,7,4,0,5,6,8,0,24,27,22,26,25,28,33,29,30,32,31,25,0,0,27,23,22,12,13,0,14,15,11,5,0,9,6,0,0,0,0,3,0,0,2,0,18,21,16,0,19,0,15,11,12,14,13,7,0,0,0,5,0,30,0,28,32,33,0,23,25,0,0,0,0,19,16,0,17,18,20,0,36,3,0,2,1,4,9,5,6,8,7,1,0,0,3,0,0,24,25,0,26,27,23,17,0,21,0,0,20,13,0,15,0,12,14,0,30,0,28,32,31,22,27,23,24,26,0,19,18,0,0,17,16,6,7,0,8,0,5,35,0,3,36,34,2,0,28,33,29,30,0,11,12,15,10,0,13,25,0,0,0,0,0,22,21,0,0,20,19,0,10,0,11,12,0,0,4,6,0,0,5,0,0,36,32,33,0,0,15,0,0,17,16,0,18,0,15,0,0,10,0,11,12,8,7,33,0,31,35,0,32,0,0,30,27,0,0,0,19,0,20,0,0,2,0,6,0,5,4,31,36,32,0,0,34,28,0,29,0,26,25,15,16,0,17,18,0,8,10,12,9,7,0,4,0,6,0,3,5,20,21,24,19,23,22,0,0,20,0,23,0,0,15,17,18,0,0,3,4,1,0,6,2,0,0,36,33,31,35,0,25,0,26,27,29,8,9,0,0,11,10,0,6,2,3,0,4,34,33,35,36,0,31,21,22,19,0,24,0,14,16,18,15,13,17,10,0,12,8,0,11,26,27,30,0,0,0,0,0,8,0,11,0,0,3,5,6,2,1,27,0,25,0,30,26,20,22,0,0,0,23,0,13,18,0,15,17,32,0,0,0,35,34,14,19,15,0,18,0,0,10,12,0,0,8,0,35,0,36,0,33,27,0,31,28,26,0,23,20,0,21,22,24,3,0,0,0,6,5,2,7,3,4,6,5,35,34,36,1,33,32,0,23,0,24,25,21,15,0,19,16,14,18,11,0,13,9,10,12,0,0,0,26,30,29,26,31,0,28,30,0,23,0,0,0,21,20,10,0,0,12,13,9,3,5,7,4,2,0,0,0,1,0,34,36,15,0,0,14,0,0,0,0,33,34,36,0,29,0,0,0,27,26,0,0,14,18,0,15,9,0,13,10,0,12,5,2,7,0,0,6,21,22,0,0,0,23,20,0,21,22,0,0,0,0,0,19,0,14,4,0,2,0,7,0,0,0,0,34,32,0,0,26,31,27,28,30,9,10,13,0,12,0,0,13,9,10,12,0,5,0,6,7,0,2,0,29,26,0,31,27,21,23,25,0,0,24,0,14,0,0,0,0,0,0,1,0,36,35
20,0,0,23,21,19,29,27,0,0,26,25,18,15,0,0,16,0,0,8,0,0,12,10,0,4,1,0,3,2,31,36,35,0,33,0,26,28,30,29,0,25,35,0,36,34,32,31,24,21,19,23,22,20,17,0,15,13,0,16,11,0,0,0,0,0,1,0,5,2,0,4,0,0,6,5,0,1,11,9,0,10,0,7,0,33,31,0,34,32,0,0,27,0,30,28,23,0,19,0,21,20,0,18,17,14,0,0,14,0,18,0,0,0,23,21,0,0,20,0,0,0,7,11,0,8,0,2,3,1,0,0,35,0,31,36,33,0,0,30,0,26,27,0,32,34,0,35,0,0,5,3,6,4,2,0,30,0,25,29,28,0,23,0,0,0,24,22,17,0,13,0,15,0,7,12,0,0,0,10,8,0,0,11,0,7,17,15,18,0,14,0,6,3,0,0,0,2,35,0,33,31,36,34,29,28,0,30,27,26,19,24,0,20,21,22,0,31,0,32,30,28,2,36,3,0,35,0,27,0,0,26,0,23,20,0,18,0,21,0,0,13,10,15,12,11,4,9,8,0,6,0,35,1,0,2,0,34,0,6,9,7,0,0,0,30,28,0,31,0,26,0,0,22,27,25,0,19,0,21,0,17,10,0,14,11,0,13,5,0,0,8,0,4,14,12,0,0,11,0,3,36,34,2,1,35,0,29,0,28,33,0,26,25,22,27,0,23,0,21,0,17,18,0,11,0,0,14,0,10,20,0,21,19,0,16,0,6,4,8,7,0,2,35,0,34,3,1,32,0,28,33,30,0,22,27,26,0,24,0,0,19,21,20,18,0,26,0,27,25,0,22,15,0,0,14,13,11,8,0,0,4,9,7,2,0,34,3,0,35,0,33,0,29,0,31,23,25,27,26,24,22,32,30,0,31,29,28,21,18,16,0,19,17,0,0,12,10,0,13,0,7,0,9,6,0,34,0,2,35,36,0,34,36,2,1,35,0,0,0,0,6,4,3,0,0,27,31,30,28,25,22,23,21,0,24,19,0,15,0,17,16,0,14,0,0,11,0,0,30,0,31,29,0,1,0,2,0,34,0,26,23,0,0,24,22,19,0,0,15,20,18,0,12,9,14,0,0,3,8,7,4,5,6,22,0,26,0,0,21,31,29,0,30,28,27,20,0,15,19,18,16,0,10,0,0,14,0,7,6,3,8,0,0,33,2,0,34,35,36,16,0,20,19,0,15,25,23,26,0,22,0,14,11,9,13,12,10,7,4,5,0,8,6,1,0,33,0,0,34,0,32,0,0,29,30,0,0,8,7,0,0,13,0,0,0,10,9,2,35,33,1,36,0,31,28,29,0,32,0,0,0,21,26,23,0,15,20,0,0,17,18,10,12,14,13,11,9,0,17,20,18,16,15,8,5,3,0,6,0,0,34,35,0,2,36,0,0,0,32,29,28,21,26,0,22,23,24,31,33,35,34,32,30,4,0,5,3,1,36,29,26,24,28,27,25,22,19,0,18,23,21,16,0,0,17,14,13,6,11,0,0,8,0,1,0,5,4,2,0,10,8,0,9,7,6,35,32,0,34,0,31,0,0,26,0,29,27,22,0,0,0,20,0,12,0,16,0,14,15,0,0,23,0,20,0,28,26,0,27,25,24,17,14,0,0,15,0,10,7,8,0,11,9,0,3,36,5,0,0,0,0,0,0,32,33,0,0,17,16,14,0,0,20,0,0,19,18,11,0,6,0,9,0,4,0,0,36,5,0,34,33,0,0,32,31,0,29,0,25,0,27,25,27,29,28,26,24,34,32,0,33,0,30,23,20,18,0,21,0,16,13,0,12,0,0,0,9,0,11,8,0,36,0,4,0,2,3,0,9,11,10,0,0,16,14,0,15,13,12,0,2,0,4,3,1,34,0,32,30,35,33,28,0,24,29,26,25,18,0,22,19,0,21,12,0,16,15,0,0,21,0,22,20,18,17,10,7,5,0,8,6,0,0,1,0,4,2,33,0,29,0,31,30,23,28,27,0,25,26,30,32,34,33,31,0,3,0,4,2,36,35,28,25,23,27,26,24,0,0,19,17,22,20,15,14,11,0,13,12,0,0,9,6,0,8,24,26,0,27,0,23,33,31,34,32,30,29,22,19,0,21,0,18,15,0,13,11,16,14,9,0,5,0,7,0,35,0,0,36,0,2,36,2,4,0,1,0,9,7,0,8,6,5,34,31,29,33,32,0,27,24,25,0,28,26,21,20,17,22,19,18,11,16,15,12,13,0,0,0,22,21,19,17,0,25,0,26,24,23,0,13,11,15,14,12,0,6,7,5,0,0,0,2,35,0,1,0,29,0,33,30,31,32,6,0,10,9,7,0,15,13,16,14,12,0,4,0,0,0,2,36,0,30,31,0,0,32,0,0,23,28,0,0,17,22,21,18,0,0,0,17,19,18,0,14,24,22,25,0,0,0,13,10,8,12,0,9,6,3,0,0,7,0,0,35,0,0,0,33,0,31,30,27,0,29,27,0,0,0,28,26,0,34,0,0,33,32,25,22,20,0,0,21,0,0,16,0,0,0,12,11,0,0,10,9,0,7,6,3,4,5,3,0,7,6,0,2,12,0,0,11,9,0,1,0,32,36,35,33,0,0,28,26,31,29,0,23,0,25,0,21,14,19,0,15,16,0,0,0,0,12,10,8,0,0,19,0,15,14,7,0,2,6,5,3,0,33,34,32,0,35,0,29,26,31,28,0,20,25,0,0,0,0,0,0,1,36,0,32,0,4,7,5,3,2,0,28,26,30,29,27,0,21,22,20,0,0,0,17,14,0,0,15,0,13,12,9,10,11,21,0,25,0,0,0,0,28,0,0,27,26,0,16,0,0,0,0,0,0,10,8,0,11,0,5,2,7,4,3,32,1,36,0,34,35
15,18,19,17,0,20,0,0,28,31,32,30,13,0,14,12,11,9,33,35,0,36,1,0,6,0,0,4,7,5,21,26,0,22,23,24,0,6,7,0,4,8,15,17,0,0,20,18,1,34,0,36,35,33,21,0,0,24,0,0,30,0,0,28,31,0,0,14,0,10,0,0,0,24,25,23,22,26,33,35,34,0,2,36,0,16,0,18,17,15,3,5,4,6,0,8,0,14,9,10,0,11,27,0,31,28,29,30,33,36,1,0,34,2,9,0,10,13,14,12,31,28,32,30,29,27,15,0,0,0,0,0,0,0,21,22,25,23,3,8,0,4,0,0,9,12,13,11,10,0,21,0,22,0,26,24,7,0,8,6,0,0,27,29,28,0,31,32,0,2,0,34,0,35,15,20,19,0,0,0,0,0,31,29,28,32,3,0,0,7,0,6,0,0,26,24,23,21,0,11,10,12,13,14,18,20,0,0,19,0,0,2,0,34,35,0,30,33,34,32,31,35,6,0,7,10,0,9,0,25,0,0,26,24,12,14,13,0,16,0,21,23,18,19,22,20,36,0,4,1,2,3,18,0,22,20,0,23,0,32,31,34,0,0,16,13,0,0,0,12,36,2,1,3,0,5,9,0,6,7,10,0,24,29,0,0,26,0,0,27,28,0,0,0,36,0,0,4,5,3,22,19,23,0,20,18,6,8,7,0,10,11,15,17,12,13,16,14,0,35,34,0,32,33,12,15,16,0,13,0,24,26,25,28,29,27,0,7,11,9,8,0,30,32,31,0,34,35,0,0,36,1,0,0,18,23,0,19,0,21,36,0,0,2,1,5,12,14,13,16,17,15,34,31,35,33,32,0,0,0,19,0,0,0,27,0,24,0,0,26,0,11,10,7,8,0,6,9,0,0,0,11,0,0,0,22,0,21,4,0,5,3,2,0,0,26,25,0,0,0,0,35,0,31,34,0,12,17,0,0,0,15,14,0,18,16,0,19,26,28,0,30,31,29,0,0,13,0,10,0,0,34,33,0,0,1,0,7,2,3,0,4,20,25,24,21,0,23,26,0,0,28,27,0,2,4,0,6,0,5,24,0,25,0,22,20,0,10,0,11,0,13,17,19,14,15,0,0,0,0,36,0,34,35,0,35,0,0,0,0,8,10,0,0,0,11,0,0,0,0,0,26,14,16,0,17,18,19,0,25,20,0,24,0,2,7,0,3,0,0,8,0,12,10,9,0,20,0,21,24,25,23,0,0,0,0,4,0,26,0,0,29,30,31,0,0,32,33,36,0,0,0,18,15,16,17,0,0,6,4,3,0,14,16,15,18,0,17,36,0,1,35,34,32,20,22,0,0,0,25,0,31,26,0,30,28,8,13,12,0,10,11,20,0,0,22,21,0,32,34,0,36,1,35,18,15,19,0,16,14,2,4,3,5,6,7,11,13,0,9,12,0,26,0,30,27,0,29,23,0,27,25,0,28,0,0,36,0,4,2,21,18,22,20,0,17,5,7,6,0,0,0,0,0,0,12,15,13,29,34,0,30,31,32,35,2,3,1,36,0,0,13,0,15,16,0,0,0,0,32,0,0,17,19,18,20,21,22,26,28,0,24,27,0,5,0,9,0,7,8,11,0,0,13,0,0,0,0,24,0,0,26,0,0,10,8,7,5,0,0,30,32,33,34,0,4,35,0,3,1,17,22,0,18,19,0,5,0,0,7,0,10,17,19,0,21,22,20,0,36,4,2,0,35,0,0,24,0,27,28,32,0,29,30,33,0,0,16,15,12,13,0,0,20,0,19,18,22,29,31,30,33,0,32,15,0,16,0,13,11,0,1,36,0,0,4,0,0,5,6,9,7,23,0,27,24,0,26,0,32,33,31,0,34,0,0,6,9,10,0,0,24,28,26,25,23,0,0,0,14,15,16,0,22,17,0,0,0,35,0,0,36,1,2,22,25,0,24,23,0,34,36,0,2,3,0,20,17,21,0,0,16,0,0,5,7,0,9,13,0,10,11,0,12,0,33,32,29,30,31,10,13,14,12,11,15,0,24,23,26,27,25,0,0,0,7,0,0,28,0,29,0,32,0,0,0,0,0,0,36,0,0,0,0,18,19,4,7,8,0,0,0,0,0,0,0,21,0,2,35,0,1,0,34,0,24,0,0,26,27,0,33,0,29,32,0,10,15,14,11,12,13,16,19,20,18,17,21,28,30,0,32,33,0,0,11,15,13,12,0,34,36,0,1,2,3,0,0,0,0,8,6,22,27,26,0,24,25,0,1,2,0,35,0,0,0,11,0,15,13,32,29,33,31,0,28,0,18,0,0,0,0,0,0,22,23,26,0,0,0,0,5,6,7,0,0,0,30,29,0,4,6,0,0,9,7,26,0,27,25,24,22,10,12,0,13,0,15,0,21,0,17,0,18,0,0,2,35,0,0,0,34,0,0,32,36,0,9,0,11,0,0,0,26,0,28,27,25,0,15,14,0,17,0,22,0,0,0,23,21,0,6,0,2,3,0,0,0,5,0,0,0,13,15,0,17,18,0,35,32,0,0,33,31,19,0,0,0,23,0,28,30,25,0,0,0,7,0,11,0,9,10,19,22,23,0,0,24,31,33,32,35,36,0,0,14,18,16,15,0,1,3,2,4,5,6,10,12,7,0,11,9,0,30,0,0,0,28,25,0,29,27,26,30,0,3,2,5,0,4,0,20,24,22,21,0,0,9,8,0,11,12,16,18,13,0,17,15,31,36,35,0,33,0,0,0,11,9,8,0,19,0,0,23,24,0,0,0,6,4,3,1,25,27,26,0,29,30,34,36,31,32,35,33,13,18,17,0,15,16,0,16,17,15,14,0,25,27,26,0,30,0,11,0,0,10,0,7,0,33,32,34,35,36,4,6,1,2,0,0,0,24,0,20,0,22
31,32,0,34,33,36,14,0,18,0,15,13,22,23,0,21,24,19,6,1,5,4,2,0,27,26,0,30,0,0,10,0,0,12,0,8,25,0,29,28,27,30,8,10,0,11,9,7,16,17,14,15,0,13,36,0,35,34,32,33,21,20,0,24,0,0,4,3,0,0,1,2,13,0,17,16,15,18,32,34,36,35,0,31,0,5,0,3,6,1,24,19,23,22,20,21,0,0,0,0,0,10,28,27,29,30,25,0,0,0,0,0,21,24,2,4,6,0,3,0,0,11,8,0,12,7,30,0,29,0,26,27,15,0,13,0,17,0,0,0,0,36,0,32,1,0,0,4,3,6,0,22,24,23,21,19,0,0,0,27,0,25,12,7,0,10,0,9,33,0,0,0,35,34,16,15,17,18,13,14,7,8,11,0,0,12,0,28,30,29,0,25,0,35,0,0,0,0,18,0,0,0,0,15,0,0,0,0,5,4,22,21,0,24,19,20,29,30,33,32,31,34,0,14,16,15,13,11,20,0,18,19,0,0,4,0,3,0,36,1,25,24,0,0,27,26,0,7,9,10,0,6,0,24,27,26,25,28,0,8,0,9,7,5,0,0,12,0,16,0,34,0,0,32,30,31,0,18,17,0,21,20,2,0,3,0,35,36,35,36,3,2,1,4,0,0,0,0,19,17,0,0,24,0,28,23,10,5,0,0,6,7,31,30,0,34,0,0,14,0,15,16,0,12,11,12,15,14,13,16,30,0,0,0,31,29,2,0,0,1,4,0,22,0,21,20,18,19,0,6,5,10,9,8,26,25,27,28,0,24,0,0,9,8,7,0,0,26,28,0,25,0,0,0,30,31,34,29,16,11,15,14,12,13,1,36,35,4,3,0,20,0,21,22,17,0,17,18,0,0,19,0,36,2,4,0,1,0,8,9,6,7,10,5,0,23,27,26,24,25,0,0,11,16,15,0,32,31,33,34,0,30,8,0,12,11,10,0,27,0,31,0,28,26,0,0,33,0,1,32,19,14,0,0,0,0,4,0,2,7,6,5,23,0,24,25,0,21,14,0,0,0,0,19,33,0,1,36,34,0,0,0,3,0,7,0,25,20,0,0,21,22,0,9,8,0,12,11,29,28,30,0,26,0,2,3,6,5,4,7,0,23,0,0,0,20,29,0,0,0,31,26,0,8,12,11,0,10,34,0,32,1,36,35,0,0,18,0,0,0,0,0,36,0,34,1,0,17,19,0,16,14,23,24,0,22,25,20,7,2,0,5,3,4,28,27,26,0,0,29,11,10,12,13,8,9,0,0,30,0,28,0,0,11,13,12,10,8,17,18,15,16,0,14,0,32,0,35,33,0,22,21,20,0,0,23,0,4,0,7,2,3,20,0,24,0,22,25,3,0,7,6,0,0,0,12,0,10,13,8,0,0,30,29,27,28,16,0,14,0,18,0,0,34,36,0,0,0,0,34,1,0,35,0,0,18,20,19,17,0,0,0,0,23,0,21,8,3,7,6,4,0,0,28,0,0,31,30,0,11,0,14,0,10,15,0,19,0,0,20,34,0,0,0,35,33,6,7,4,0,8,3,26,21,0,0,22,23,11,0,9,14,13,12,0,29,31,0,27,28,21,0,25,0,23,0,4,0,8,7,0,0,12,13,10,11,14,0,32,27,31,30,28,29,17,0,15,20,19,18,36,35,0,2,33,34,27,28,0,30,29,32,10,0,0,13,0,0,18,19,16,17,0,15,2,33,0,36,34,35,23,22,21,26,25,24,0,5,0,0,0,4,9,0,13,12,0,0,0,30,32,0,0,0,0,1,34,35,2,0,0,0,0,18,0,17,0,4,3,8,0,6,0,23,25,0,21,22,0,0,7,0,5,8,22,0,0,0,23,21,30,31,28,29,32,27,0,9,0,0,0,0,0,34,0,2,1,0,0,17,0,0,15,0,16,17,20,19,18,21,35,0,0,2,0,0,7,8,5,6,9,4,27,22,0,25,23,24,12,0,10,15,14,13,31,30,32,33,0,0,34,35,0,1,36,0,17,0,21,0,18,0,0,0,0,24,0,0,0,4,8,7,5,6,30,0,28,33,32,31,0,12,0,0,10,0,10,11,14,0,12,0,29,0,0,32,30,28,1,2,0,0,3,34,0,0,0,19,17,0,6,0,0,9,8,7,25,24,26,27,0,23,22,0,0,25,0,0,0,7,9,8,0,0,0,0,11,12,15,0,33,28,32,31,0,30,18,0,16,21,0,19,0,0,2,3,34,35,0,29,32,0,30,33,0,13,0,0,12,0,19,20,0,0,0,16,3,34,0,1,0,36,0,23,22,27,26,25,0,6,0,0,4,5,4,5,8,7,6,0,23,25,27,26,24,22,31,32,0,30,33,0,15,10,14,0,0,12,36,35,34,3,2,1,19,18,20,21,16,17,36,1,4,3,2,5,19,0,0,22,20,18,27,28,25,0,0,24,11,6,0,9,0,8,0,31,0,35,34,33,0,0,0,0,12,0,24,0,28,27,26,0,7,9,0,10,0,6,15,0,13,0,0,12,0,0,34,0,0,32,0,19,18,23,22,21,3,2,4,0,0,1,6,0,10,0,8,11,25,27,29,28,26,0,33,34,31,32,35,0,17,0,16,0,0,0,2,1,36,0,4,0,21,20,22,0,18,0,30,31,34,0,0,35,0,0,17,0,14,12,21,0,19,20,23,0,0,36,4,0,1,0,26,0,0,29,28,27,0,0,10,11,6,7,12,0,0,15,0,17,31,0,35,0,32,30,3,0,1,0,5,36,0,0,22,0,0,0,0,0,0,0,0,0,27,26,28,29,24,25,18,0,22,21,20,23,1,3,0,4,2,36,9,0,7,8,11,0,29,24,0,0,0,26,14,0,12,0,16,15,0,32,34,35,30,0
21,17,16,19,18,0,29,28,31,0,32,0,3,34,0,0,1,0,22,25,24,0,27,0,0,14,0,11,12,0,0,9,7,4,6,0,9,0,0,7,6,8,0,16,0,21,20,18,27,22,23,24,25,26,10,13,12,14,15,11,0,2,0,0,0,0,29,33,0,0,0,0,15,11,10,0,0,14,0,22,0,27,26,0,33,28,29,0,0,32,0,19,0,20,0,17,9,0,4,0,6,0,0,0,1,34,0,0,27,0,22,25,0,26,0,0,1,3,0,0,9,4,5,6,7,0,28,31,0,32,33,0,21,20,0,17,0,19,11,15,13,10,0,0,3,35,34,1,0,2,11,10,0,0,14,12,21,0,0,0,0,20,0,0,6,8,9,5,0,32,28,29,30,31,23,27,0,22,24,26,0,29,28,31,30,32,0,4,7,0,8,6,15,10,11,0,13,0,0,1,0,2,3,35,27,26,0,0,0,25,0,0,0,16,18,20,0,31,0,0,0,34,7,6,0,0,10,8,0,12,0,14,15,16,36,3,0,4,0,0,29,28,24,25,0,27,19,0,0,0,20,22,11,7,6,9,0,0,19,18,0,0,0,0,0,0,0,26,27,28,0,15,0,16,17,13,0,4,0,1,2,3,31,0,0,30,32,34,0,1,36,3,0,4,13,12,15,17,0,14,23,0,0,20,0,0,0,0,8,10,11,7,0,34,0,31,0,33,25,29,0,24,0,28,17,13,12,0,0,16,0,24,27,0,0,26,35,30,31,0,0,0,18,21,20,0,23,19,11,10,6,7,0,9,1,5,0,0,2,4,23,19,0,21,20,22,31,0,33,0,34,0,5,36,1,2,3,4,24,27,26,28,29,25,17,16,0,0,0,15,7,0,0,0,0,0,29,25,24,27,0,28,0,36,3,0,4,2,0,6,0,0,9,10,30,33,0,0,35,0,23,0,18,19,0,21,13,17,0,12,14,16,30,26,25,0,0,29,2,1,4,0,5,3,12,7,0,9,0,11,31,34,33,35,0,32,0,23,0,0,0,22,14,0,16,13,0,0,36,0,31,0,33,0,0,7,0,0,0,0,0,0,14,15,16,17,1,0,0,0,6,0,0,0,0,0,0,28,20,0,0,19,21,0,18,0,13,0,15,17,26,25,28,30,0,27,0,31,32,0,0,35,0,22,0,23,24,20,12,0,7,0,9,0,2,0,4,1,3,5,0,20,19,22,21,23,32,0,34,36,35,0,0,1,2,3,4,5,0,28,27,29,0,26,0,0,0,0,15,16,0,0,10,7,9,0,0,8,7,10,9,0,20,19,22,24,0,21,0,0,0,27,28,0,0,16,0,17,18,0,6,5,0,2,3,4,32,36,34,0,33,0,6,2,1,4,3,5,14,13,16,18,0,15,24,19,0,21,0,0,7,10,9,0,0,8,0,0,0,0,0,34,26,0,28,25,0,0,4,36,35,2,1,0,0,11,14,16,15,13,0,0,0,19,20,21,0,8,7,0,0,0,34,33,0,30,31,0,24,0,0,23,25,27,0,0,17,0,19,21,30,29,0,34,0,31,4,0,36,1,2,0,0,0,25,27,28,24,16,0,0,12,0,14,6,0,0,5,7,0,28,24,23,26,25,27,0,35,2,0,3,0,0,5,0,0,0,9,29,32,0,0,34,30,22,21,0,18,19,20,0,16,14,0,0,15,34,30,29,0,31,33,0,5,0,10,9,7,16,11,12,13,14,0,35,2,1,3,4,36,28,0,0,24,25,26,0,0,20,0,19,21,16,0,11,14,13,0,0,0,26,28,27,25,34,29,0,31,32,33,17,0,0,21,22,0,0,0,0,0,7,8,0,0,2,0,0,0,10,6,0,0,0,0,18,17,20,0,0,0,28,23,24,0,26,0,11,0,13,15,16,0,4,0,35,36,1,2,30,0,32,0,31,0,0,34,33,36,35,1,10,0,12,14,0,11,0,0,16,0,18,0,3,0,0,7,8,4,32,31,0,28,0,30,0,0,0,0,23,0,14,0,9,12,11,0,22,21,24,26,0,0,0,0,28,29,30,31,15,18,17,0,20,16,8,0,3,0,5,6,34,0,36,33,0,1,26,22,21,24,23,0,0,33,0,0,0,35,8,3,4,5,6,7,27,30,0,0,32,0,20,19,15,16,0,18,0,14,0,0,11,13,0,4,0,6,5,7,16,15,18,20,19,0,26,21,22,23,0,0,9,0,11,13,14,10,0,1,0,0,0,36,0,32,0,0,29,31,0,28,0,30,29,31,0,3,0,8,7,0,14,0,10,11,12,0,33,36,35,0,2,34,0,25,21,22,23,0,16,20,0,15,0,19,20,16,15,18,17,19,0,27,30,0,31,29,0,0,0,35,36,1,21,0,23,0,0,22,0,13,0,10,11,12,0,8,6,0,5,0,0,9,8,11,0,0,21,0,23,25,24,22,31,0,0,0,29,30,14,0,16,18,19,15,7,0,2,3,4,5,0,0,35,32,34,36,0,3,2,5,4,0,15,14,17,0,18,0,0,20,0,0,23,24,8,11,10,0,13,9,1,36,32,33,0,35,0,0,29,26,28,30,0,33,0,0,34,36,9,8,11,13,12,0,19,0,15,16,17,18,0,0,4,0,7,0,31,0,26,27,0,29,21,25,23,20,0,24,25,0,0,23,22,24,0,0,35,0,36,0,7,2,3,4,5,6,26,29,0,0,31,27,19,18,14,15,16,0,9,13,0,0,10,12,19,15,0,17,16,18,27,26,29,0,30,28,1,32,33,34,0,0,20,23,0,24,0,0,13,0,8,9,10,11,0,7,0,0,4,6,31,27,26,0,28,0,3,2,5,7,6,0,0,8,0,0,0,0,0,35,34,36,0,33,25,24,20,21,0,0,15,19,0,14,16,18
0,22,19,23,0,18,5,3,0,1,36,4,24,0,0,25,0,28,13,0,16,14,0,15,32,33,31,35,0,0,9,11,10,7,0,8,27,0,0,0,0,24,0,0,8,7,0,10,30,32,33,31,35,34,0,0,0,20,18,21,2,0,1,0,4,0,15,17,0,0,12,14,0,4,1,0,2,36,23,0,0,19,0,0,6,0,9,0,11,10,0,35,34,32,0,33,14,0,13,17,16,0,0,29,0,0,0,26,9,0,7,11,0,0,0,27,26,25,0,0,12,14,15,13,17,16,1,5,4,2,36,0,20,21,0,23,0,18,0,0,34,31,30,32,15,16,0,17,14,0,35,33,32,31,30,0,18,20,0,0,23,22,7,0,0,0,0,9,26,0,0,0,28,0,3,5,4,0,0,2,33,0,31,0,32,0,0,15,0,13,0,0,36,2,0,0,5,4,0,0,28,0,24,27,8,9,0,11,10,0,21,23,22,19,0,0,31,32,29,33,0,0,0,13,12,11,10,14,34,36,1,0,3,2,23,0,26,24,22,25,6,7,5,9,8,4,19,0,20,17,16,18,13,14,11,15,0,10,33,31,30,0,0,32,0,0,19,17,0,0,0,0,8,6,4,0,24,25,0,27,26,22,1,0,0,35,0,36,25,0,0,0,24,0,0,7,6,5,0,8,28,0,31,0,33,32,0,21,20,18,0,19,36,1,35,0,2,34,13,15,14,0,10,12,0,20,17,21,0,16,3,0,0,35,0,0,0,0,25,23,27,26,11,15,14,0,0,13,30,31,29,33,32,28,0,0,8,5,0,0,7,8,5,0,6,4,27,0,24,23,0,26,10,12,0,0,15,0,0,3,2,0,0,1,0,19,0,21,20,16,31,0,0,0,28,30,1,0,0,0,36,34,21,0,18,0,16,20,4,6,7,0,9,8,29,0,0,0,28,0,12,13,11,15,14,10,25,0,26,23,22,0,30,31,28,32,0,0,14,0,0,10,9,0,0,35,36,0,2,0,22,26,25,23,21,0,5,6,0,8,0,3,0,20,19,0,15,17,0,25,22,0,23,21,0,0,0,4,0,0,27,0,0,0,32,31,0,20,0,0,15,0,35,36,34,2,0,33,12,0,0,0,0,0,18,0,16,20,17,15,0,0,35,34,33,1,0,0,24,22,26,25,10,14,13,11,9,0,0,0,28,32,31,0,6,8,7,4,0,5,12,0,0,14,0,9,32,30,29,0,0,31,15,17,0,16,20,19,0,8,7,5,0,0,23,24,0,26,25,21,36,0,0,0,33,0,36,1,34,0,0,0,0,0,17,16,15,19,3,0,6,4,0,7,28,32,31,0,0,30,11,12,10,14,0,0,24,26,0,22,0,0,6,7,0,0,0,3,26,24,0,0,21,25,0,11,12,0,0,13,0,0,1,35,0,36,17,0,16,0,19,15,30,0,0,28,27,0,17,18,0,0,0,0,0,35,34,33,0,36,20,0,23,21,0,24,0,13,12,10,0,11,0,29,27,31,0,26,5,0,6,3,2,4,0,36,0,0,34,0,19,17,16,0,14,18,2,4,0,3,7,6,27,0,30,0,26,29,0,0,9,0,0,0,23,0,0,21,20,0,0,30,27,0,28,0,0,11,0,9,8,0,32,34,0,33,0,36,0,0,0,0,20,23,0,5,3,7,6,2,0,0,0,0,14,16,23,24,21,25,0,0,0,5,4,0,0,6,0,0,29,27,31,30,15,0,0,16,14,0,34,35,33,1,0,32,11,13,12,0,8,10,0,6,0,0,4,0,25,23,0,21,20,24,8,0,11,9,13,0,0,1,36,34,0,35,0,17,15,19,18,14,29,31,0,27,0,28,11,12,9,13,10,8,31,29,28,27,0,0,14,0,0,15,0,18,3,7,6,4,2,5,22,0,0,0,0,20,35,1,0,33,32,0,0,0,0,18,15,13,36,34,33,0,31,0,19,21,22,20,24,0,0,0,11,9,7,10,27,0,0,30,29,25,4,0,0,2,1,3,0,23,20,24,21,19,6,0,3,2,1,5,0,0,28,0,30,29,14,18,17,15,13,16,33,34,32,36,35,31,0,0,11,0,0,0,10,11,8,0,0,7,30,0,0,26,25,29,13,15,16,14,0,0,2,0,0,3,1,0,0,22,20,24,23,19,34,0,0,0,0,33,28,29,0,30,27,25,12,0,9,8,0,0,0,33,34,0,36,35,0,24,0,21,19,0,3,4,2,0,5,1,0,0,17,14,13,15,0,35,0,0,33,31,0,16,15,14,13,17,0,3,4,2,6,0,26,0,0,0,25,28,0,0,8,0,11,7,22,24,23,20,0,21,4,5,2,0,0,0,24,22,0,0,0,0,7,9,10,0,12,11,0,36,35,0,31,34,0,0,14,18,17,13,0,30,29,0,25,27,2,3,36,0,1,35,22,20,0,18,17,21,5,0,0,0,10,9,30,0,0,31,0,32,0,14,0,0,0,0,26,0,0,0,23,25,20,21,18,0,19,0,0,2,1,0,35,3,23,25,26,0,28,27,12,16,15,13,11,14,31,32,0,34,0,29,8,10,9,0,5,0,14,15,12,16,13,0,34,32,31,30,29,0,17,19,20,0,22,21,6,10,9,7,5,0,0,26,0,28,0,23,2,4,3,36,35,1,26,27,24,28,25,0,10,0,0,6,5,9,0,0,0,0,0,33,18,22,0,19,0,20,0,0,0,4,0,35,14,0,15,12,11,13,32,33,30,34,31,0,16,14,13,0,0,0,35,1,0,0,0,3,24,28,0,0,23,26,7,8,0,0,9,0,20,22,0,18,0,0,0,9,6,10,7,0,0,26,0,24,0,27,11,0,0,0,0,15,0,4,3,0,0,2,19,20,0,0,0,0,32,34,33,30,0,0
19,17,15,16,0,18,13,9,11,10,12,0,25,21,23,20,22,24,27,29,28,31,0,0,33,32,0,1,35,36,2,4,6,0,5,7,25,23,21,22,0,24,0,0,17,16,18,14,0,27,29,0,28,0,0,35,0,0,36,32,3,2,4,0,0,6,8,10,0,9,11,0,0,11,9,10,0,12,0,3,5,4,0,0,19,15,17,0,0,18,21,23,22,0,24,0,0,26,0,31,29,30,0,34,0,33,35,1,0,35,33,34,32,36,0,27,0,28,30,26,0,0,5,0,4,0,9,0,10,13,12,8,15,14,16,19,17,18,0,0,24,0,23,0,0,0,0,28,26,0,25,21,23,22,24,0,1,0,35,32,0,36,0,0,0,0,6,2,9,0,10,13,0,12,0,16,0,15,0,19,7,5,0,4,2,0,0,0,35,0,36,32,13,0,11,8,10,12,15,17,0,19,18,0,21,0,0,0,23,0,26,28,0,0,0,0,0,0,11,0,0,14,9,5,0,0,0,4,21,0,19,16,18,20,23,25,24,0,26,0,29,28,30,0,31,32,34,36,2,35,1,0,27,25,23,0,22,0,21,0,19,18,20,16,0,0,31,0,30,32,35,1,0,3,2,34,0,0,6,9,0,0,10,12,14,11,0,15,9,7,5,6,0,8,3,0,1,36,0,34,15,0,13,10,12,14,17,0,18,21,20,0,23,22,24,0,0,0,28,0,32,29,31,33,21,0,17,18,0,20,15,11,13,0,14,0,27,0,25,22,0,0,29,0,30,33,32,0,0,34,36,3,1,2,4,6,0,5,0,9,0,0,29,30,28,32,27,23,25,24,26,22,3,35,0,34,36,0,5,7,6,9,8,4,11,0,12,15,13,0,0,18,20,17,19,0,3,1,35,36,0,0,33,0,0,0,0,0,9,5,7,4,6,8,0,0,0,0,14,0,17,16,18,21,0,20,0,0,26,23,0,27,0,30,0,29,27,31,26,0,24,0,25,0,2,34,36,33,0,0,4,0,5,0,7,3,10,0,11,0,12,13,15,17,0,16,0,20,0,18,16,0,15,19,14,10,12,0,13,0,0,22,0,0,0,25,28,30,0,32,31,27,34,33,35,2,36,1,3,5,7,0,6,8,0,24,0,23,21,0,20,0,18,0,0,15,32,28,0,27,0,0,0,36,35,2,1,33,4,3,0,8,0,7,0,11,13,10,12,14,0,12,10,11,9,13,0,4,6,5,7,0,0,0,18,15,17,19,22,0,0,26,0,21,0,27,0,0,0,31,33,35,1,0,0,2,8,6,4,0,3,0,2,34,0,35,1,33,0,10,12,0,11,13,16,18,0,20,0,15,0,21,23,0,24,25,27,29,31,28,0,32,2,0,0,0,33,1,32,0,0,29,31,27,8,4,6,3,0,7,0,12,0,0,0,9,0,0,17,20,18,19,21,0,25,22,0,26,28,26,24,25,23,27,22,18,20,19,0,0,0,0,32,29,31,33,36,0,0,4,0,35,6,5,0,0,8,9,11,0,15,12,14,0,0,0,6,7,0,9,4,36,2,1,3,0,16,0,0,0,13,15,0,20,19,0,21,17,0,0,25,28,26,27,29,31,33,30,0,34,0,0,12,0,0,15,0,6,8,0,0,5,22,18,20,17,0,0,0,26,25,28,27,23,30,29,31,34,32,0,35,1,0,36,0,0,0,20,18,0,17,0,16,0,0,0,15,11,0,24,0,0,25,0,30,0,0,34,0,0,0,0,1,4,2,3,5,7,9,6,8,10,0,32,30,31,0,33,28,0,0,25,0,23,4,36,2,35,0,0,6,0,7,0,0,5,0,11,13,16,0,0,17,0,21,0,20,22,0,2,0,1,0,3,0,30,32,0,33,0,10,6,0,5,7,9,12,14,13,0,0,11,0,0,19,22,20,0,0,25,27,0,26,0,0,0,0,15,13,0,0,8,10,9,0,7,24,20,22,19,21,0,26,28,27,0,29,0,0,0,33,36,34,35,0,0,5,0,0,6,6,0,2,3,1,5,36,32,0,33,35,31,12,8,0,7,9,11,14,0,15,0,17,0,20,19,0,24,22,23,0,0,29,0,28,0,24,0,0,21,19,0,18,14,16,15,17,13,30,26,0,25,27,0,32,0,33,36,0,31,0,1,0,6,4,5,7,9,0,8,10,12,12,10,8,9,7,11,0,2,4,0,5,1,0,0,0,0,15,17,20,22,21,24,23,0,26,25,27,0,0,0,31,33,35,32,0,0,0,0,26,27,25,29,24,20,22,21,23,0,0,32,34,0,33,35,2,0,3,0,0,1,0,7,9,0,0,11,0,0,17,14,16,18,36,34,32,33,31,0,30,0,28,27,0,0,0,2,0,0,3,5,8,10,9,0,0,7,14,13,0,0,0,17,0,21,0,0,22,24,17,0,13,14,12,16,11,0,0,8,10,6,0,0,0,18,20,0,25,27,26,29,28,24,31,0,0,35,33,34,0,2,4,1,3,5,11,9,7,8,0,10,0,1,3,2,0,36,0,0,0,12,0,16,19,21,0,23,0,18,25,0,26,29,0,28,30,0,34,31,33,35,5,0,1,2,36,4,0,31,0,0,34,0,11,7,9,0,8,10,13,0,0,17,0,12,19,0,20,23,21,0,24,26,28,25,0,29,23,21,19,20,18,22,17,13,15,14,16,12,29,0,27,24,0,28,31,33,0,0,34,30,1,36,0,5,0,0,0,0,10,7,9,0,29,27,25,0,24,28,0,0,21,0,22,0,35,0,33,0,0,0,0,3,2,0,4,0,7,6,8,11,9,10,0,14,0,0,15,0,0,33,31,32,0,0,0,25,0,26,28,24,5,0,3,0,2,0,7,9,8,11,10,6,13,12,14,17,0,16,0,20,22,0,21,23
0,0,5,9,0,8,0,0,33,31,0,30,0,19,17,18,16,20,1,2,0,34,3,36,25,23,27,22,0,0,10,15,11,0,0,0,1,0,0,3,0,2,0,23,0,25,22,24,15,13,11,0,10,14,31,32,29,28,33,0,19,17,21,16,20,18,0,9,0,8,0,6,0,12,11,0,0,0,0,35,3,1,34,36,27,25,23,24,0,26,0,8,0,0,9,6,0,29,0,28,0,30,16,0,0,20,19,0,19,18,17,21,16,0,8,0,9,7,4,6,33,0,29,30,0,0,13,14,11,10,15,12,1,35,3,0,2,36,22,0,23,26,0,24,0,30,29,0,0,32,0,0,0,19,0,18,9,0,0,6,4,0,25,0,23,22,27,24,0,0,15,10,14,0,34,0,35,2,0,36,0,0,23,27,22,26,14,11,15,0,10,0,0,0,0,36,34,2,19,0,17,16,0,18,0,5,0,0,8,0,0,33,29,32,31,30,0,21,20,24,0,0,11,8,0,10,7,0,0,34,0,0,31,0,0,17,0,13,18,15,0,2,0,1,5,3,0,30,26,0,0,27,0,0,2,6,1,5,29,26,30,28,0,0,18,16,14,15,13,17,34,35,32,0,0,0,22,20,24,19,23,0,7,0,8,11,10,9,28,0,26,0,0,29,17,14,0,16,13,15,0,4,0,3,1,5,0,0,20,0,0,21,0,0,12,0,0,0,31,36,0,0,0,33,10,9,0,12,7,11,35,32,36,34,31,33,0,0,20,0,19,23,4,5,2,1,6,0,28,26,30,25,0,0,13,18,0,17,0,15,0,15,14,18,13,17,0,2,6,4,1,0,30,28,26,27,0,29,10,11,0,0,0,9,0,32,36,31,35,33,19,0,20,23,0,21,0,33,32,0,31,0,23,20,24,22,19,21,0,10,8,9,0,11,0,0,26,0,30,27,0,0,0,13,17,15,0,6,0,0,4,0,0,11,10,0,9,0,1,0,0,0,33,0,0,0,0,0,21,25,0,7,0,0,0,5,30,0,0,27,31,29,15,0,16,19,18,0,0,0,16,0,0,0,0,4,8,0,3,5,32,0,28,29,0,31,12,13,10,9,14,11,36,34,0,33,1,35,21,26,22,0,24,23,0,5,4,8,0,0,31,28,0,30,0,29,20,0,16,17,0,19,36,1,34,33,2,35,24,0,26,0,25,23,0,0,10,13,12,11,24,0,22,26,21,25,0,0,0,12,9,0,2,0,0,35,33,1,18,19,16,15,0,0,6,4,8,0,7,0,27,32,0,31,0,0,36,35,34,0,33,0,25,0,0,24,21,23,0,12,10,11,0,0,0,31,28,0,0,29,18,0,0,15,19,0,0,8,4,0,0,5,30,0,0,32,27,31,0,0,20,0,15,17,0,6,4,0,0,7,0,25,0,21,26,23,12,10,14,9,13,11,33,2,0,1,0,35,11,0,9,13,0,0,36,0,0,0,0,34,25,23,21,22,0,24,5,0,3,0,7,0,29,27,31,0,0,28,0,19,15,0,17,0,0,22,21,25,20,0,12,9,13,0,0,0,1,35,33,34,0,36,0,18,0,0,19,16,5,3,7,0,0,4,0,0,27,0,29,28,5,4,3,0,0,6,30,27,31,29,26,0,19,0,15,0,14,18,35,36,33,32,0,34,23,21,25,20,24,22,8,13,9,12,11,10,29,28,0,31,26,0,18,15,19,0,14,0,7,0,0,0,0,0,23,0,0,20,0,22,11,9,13,8,0,10,0,1,0,36,0,34,35,0,0,1,0,36,24,0,25,0,20,22,0,0,9,10,8,0,0,0,27,26,31,28,17,15,19,14,18,16,2,0,3,6,5,4,0,0,15,0,0,18,0,3,7,5,0,0,0,29,0,28,26,30,11,12,9,8,13,0,0,0,0,32,0,34,20,25,21,0,0,0,0,0,7,11,0,0,34,31,0,33,0,32,23,0,19,20,18,0,3,0,0,0,0,0,27,0,29,24,0,26,12,17,0,16,15,14,0,14,13,0,0,0,4,1,5,0,36,2,29,0,0,0,0,28,0,10,0,6,11,8,33,31,35,0,34,32,18,23,19,0,21,0,0,0,1,0,36,4,28,25,29,0,24,26,0,15,0,0,12,16,33,34,0,30,35,32,21,19,23,18,22,20,6,0,7,0,0,0,0,32,31,0,0,0,0,0,0,21,18,20,0,9,7,0,0,10,27,28,0,24,29,0,0,13,0,12,16,14,36,5,1,0,3,0,27,0,25,0,24,28,0,0,17,0,12,14,5,3,0,2,36,4,21,22,19,0,23,20,0,0,11,6,10,8,30,0,31,34,0,32,0,20,19,23,18,22,10,7,0,0,6,0,0,0,31,0,0,0,15,16,13,12,17,14,0,1,0,0,0,2,24,29,0,28,27,26,8,0,6,10,5,9,0,30,34,0,0,0,22,20,0,0,0,21,2,3,36,35,4,1,26,0,28,23,27,25,11,16,12,0,0,0,2,1,36,4,35,3,27,24,28,26,0,25,0,0,12,13,11,15,32,33,30,29,0,31,0,18,0,17,0,0,5,0,6,9,8,0,32,31,30,0,29,33,21,0,22,0,0,19,10,0,6,7,0,9,0,0,0,23,28,25,0,0,16,11,0,13,35,4,36,0,0,1,0,25,24,0,23,0,15,0,16,14,0,13,0,2,36,1,35,0,0,0,18,0,22,19,8,0,10,5,9,0,0,34,0,33,32,31,14,0,12,0,11,0,0,0,4,0,35,1,28,26,0,0,23,27,0,9,6,0,0,7,0,0,0,29,33,31,0,0,0,21,20,0,0,19,0,0,17,21,9,6,10,8,5,7,34,0,0,31,29,33,14,15,0,11,16,0,2,0,4,0,3,0,23,28,0,0,26,0
9,6,7,10,8,5,0,0,0,21,0,20,35,3,1,2,36,4,24,26,23,0,25,27,15,11,16,0,0,0,0,31,30,33,0,0,3,36,1,4,0,35,16,13,11,15,12,14,29,33,0,0,0,34,0,20,17,0,19,21,0,0,0,0,7,8,23,25,24,0,26,28,0,30,31,0,32,0,0,0,0,0,6,0,0,0,0,0,24,28,0,14,11,16,13,15,3,35,4,0,1,2,17,19,18,21,0,22,21,18,0,22,20,0,0,31,29,0,0,32,11,15,13,14,12,16,36,2,35,4,1,0,27,23,28,24,0,0,0,7,6,9,0,0,0,12,0,16,14,0,0,25,23,27,24,0,0,0,7,0,6,0,30,0,0,34,0,33,0,0,22,0,0,0,35,1,36,3,2,4,27,0,25,28,0,23,0,1,35,0,36,0,0,21,19,20,18,22,0,0,0,10,7,9,33,0,0,0,31,0,11,13,0,15,14,16,36,0,0,0,35,32,13,10,8,12,0,11,0,30,0,29,27,31,15,17,0,19,0,0,6,2,7,3,0,0,20,0,0,24,0,25,12,9,10,13,11,0,25,0,0,0,21,0,0,6,4,5,0,7,0,0,26,31,0,30,0,14,19,15,16,17,32,0,33,36,35,1,18,0,0,19,0,14,31,28,0,30,27,29,8,12,10,11,9,0,0,35,0,0,0,0,24,0,0,21,22,23,2,0,3,6,5,7,30,27,0,0,29,26,7,4,0,6,3,5,20,0,0,23,21,0,0,11,0,13,0,12,0,0,1,33,34,35,14,0,15,18,17,19,0,3,4,0,5,2,19,0,14,18,15,0,32,36,0,35,33,0,21,23,20,0,0,0,12,0,13,9,0,0,26,28,27,0,29,31,24,21,0,0,23,20,0,0,32,36,33,0,0,18,16,0,0,19,3,5,0,7,0,0,30,26,31,0,28,0,8,0,9,12,11,13,0,20,21,24,0,19,36,33,31,35,32,34,13,0,0,16,14,18,2,4,0,6,0,5,0,0,0,26,0,0,7,9,8,0,0,12,17,14,0,18,16,13,0,0,25,29,26,28,7,0,0,10,0,12,0,0,31,36,33,0,23,0,0,20,21,22,0,3,2,0,0,0,35,32,33,0,34,0,12,9,7,0,8,10,25,29,0,28,0,0,14,0,0,18,0,0,5,0,0,0,3,4,19,21,0,0,0,24,0,0,0,30,28,25,6,3,1,5,2,4,19,0,21,22,20,0,8,10,7,0,9,11,35,31,36,32,0,34,0,15,14,0,16,0,11,0,0,0,10,0,24,0,0,0,20,0,1,5,3,0,2,0,26,28,0,30,27,0,17,13,0,0,15,16,0,33,32,35,34,0,5,2,0,0,4,0,0,0,13,17,0,16,31,0,33,34,32,36,20,0,19,24,21,23,11,0,0,0,9,10,25,0,0,29,0,30,0,16,17,0,18,15,32,29,27,31,28,30,9,13,11,12,0,0,34,36,0,2,0,1,25,21,26,0,23,24,0,5,4,7,6,8,25,0,0,26,24,21,2,0,33,1,34,0,0,19,17,18,0,20,0,6,3,0,5,7,31,0,32,28,29,30,9,0,10,0,12,14,1,0,0,0,0,0,14,0,9,13,0,12,0,0,0,30,28,32,16,18,0,20,17,19,0,3,8,4,0,6,21,23,22,0,0,26,0,4,5,0,6,3,20,17,0,19,0,18,0,0,35,36,34,0,0,24,0,26,23,0,0,0,14,10,11,0,0,29,28,0,30,0,0,0,11,0,12,9,0,23,0,25,22,24,3,7,0,0,0,0,0,30,27,32,0,31,0,15,20,0,0,18,0,35,34,1,36,0,0,28,29,32,0,27,8,5,3,7,4,6,21,25,23,24,0,26,0,0,9,14,0,0,1,33,2,34,35,36,15,17,16,0,18,0,10,0,0,11,9,6,23,20,18,22,0,21,36,4,2,0,1,5,25,0,0,0,26,28,0,12,17,13,14,15,30,0,31,34,33,35,16,0,14,17,0,0,0,26,0,28,25,27,0,0,0,9,7,0,31,33,0,0,32,34,0,18,0,0,0,21,36,0,1,4,0,5,4,1,2,5,0,36,17,0,12,16,13,0,0,0,32,33,0,0,19,21,18,0,0,0,10,6,11,0,0,9,0,0,25,0,0,29,22,19,20,23,0,18,35,0,0,34,0,33,0,0,14,0,0,0,0,0,36,5,0,4,0,24,0,0,0,0,6,8,7,0,0,0,0,0,32,35,0,30,11,0,0,0,7,9,0,0,26,27,0,0,13,15,12,0,0,16,0,0,0,1,2,3,18,20,19,0,21,23,28,25,0,29,27,24,0,0,36,4,0,0,18,22,20,21,19,23,7,9,6,11,8,10,34,0,35,0,32,33,0,14,13,0,15,17,0,11,0,15,0,10,27,24,22,26,23,25,0,0,6,7,5,9,29,31,0,33,0,32,0,16,21,17,18,19,0,0,35,2,1,0,0,35,36,3,0,0,15,12,0,14,0,13,28,32,30,31,29,0,17,0,0,0,18,20,8,4,0,5,6,7,0,24,23,26,0,27,0,0,18,0,19,0,33,30,28,32,0,0,0,14,0,0,11,0,0,0,34,3,0,0,26,0,0,0,24,0,4,6,5,8,0,0,0,0,24,27,0,22,3,0,34,2,35,1,0,0,18,19,17,21,5,0,4,0,6,8,0,0,0,29,30,31,0,12,11,14,13,15,0,29,30,0,31,28,9,0,4,0,5,7,0,26,24,25,23,0,11,13,0,15,0,0,2,34,0,0,36,1,16,18,17,20,19,0,0,5,0,0,7,4,0,0,16,20,0,19,34,0,36,1,35,3,0,25,0,0,0,0,0,0,15,0,12,0,28,0,29,0,0,33
0,0,19,0,18,21,33,0,29,30,31,34,2,0,36,35,1,4,8,5,10,9,0,6,0,0,16,14,11,13,0,0,23,0,25,24,5,0,0,0,0,9,21,0,0,18,0,22,26,27,0,23,0,28,0,0,0,0,0,0,3,36,4,0,35,0,0,15,11,0,0,12,11,0,13,14,0,0,27,26,23,24,0,0,0,33,30,29,31,34,2,35,4,0,1,0,9,0,10,8,5,7,22,0,17,0,0,18,29,34,31,0,30,33,9,8,5,6,7,10,0,0,12,0,0,16,20,0,22,0,19,0,27,24,0,0,0,0,0,0,35,0,0,0,35,4,1,2,36,3,0,14,11,12,13,16,0,0,0,0,0,22,26,23,0,0,25,0,33,30,34,32,29,0,10,0,5,0,7,6,23,28,0,26,24,0,3,2,35,36,1,4,0,0,6,0,7,10,0,0,16,15,13,12,21,18,22,0,0,0,34,0,29,32,31,30,2,0,4,0,0,0,18,0,0,15,16,0,23,24,21,20,22,0,0,26,0,30,0,27,0,0,0,35,0,34,13,12,0,0,10,0,8,0,10,0,9,12,0,23,20,0,22,0,0,30,27,0,28,0,0,32,1,36,34,33,6,3,7,5,0,4,19,18,14,0,0,15,0,25,22,23,0,24,36,35,0,33,34,1,5,6,3,2,4,7,11,8,0,12,0,9,18,0,0,0,14,0,31,30,0,29,0,0,14,19,16,17,15,18,30,29,26,0,28,31,35,36,0,32,34,1,5,0,7,6,4,0,12,9,13,11,8,0,25,24,0,0,22,21,32,1,0,35,33,36,12,0,8,0,0,13,17,18,0,14,16,19,23,0,25,0,22,21,30,27,31,29,26,28,0,6,2,0,4,3,0,0,28,0,0,0,0,5,2,3,4,0,11,12,9,8,0,13,17,0,19,0,0,15,24,0,25,0,20,22,1,36,32,35,34,33,6,11,8,9,7,0,0,21,0,0,20,0,27,28,25,24,26,29,33,30,35,34,0,0,0,0,0,3,0,2,17,0,12,15,14,13,0,29,26,27,25,0,0,0,0,1,2,5,9,10,7,6,8,11,0,12,0,16,0,0,0,19,23,21,0,20,0,34,0,0,32,0,36,5,2,3,1,4,0,15,12,13,14,0,0,0,19,0,20,0,27,24,29,0,26,25,34,0,35,33,30,0,0,10,6,9,0,7,12,0,0,15,13,0,28,0,0,0,26,0,33,34,0,0,0,0,3,0,5,4,2,1,10,0,11,9,6,8,23,0,18,21,20,19,0,23,20,21,19,0,34,33,0,31,32,0,3,4,1,36,2,5,9,6,0,10,8,7,16,13,17,15,12,0,29,0,0,0,26,0,30,35,32,33,31,34,10,9,6,0,8,11,15,16,13,0,0,17,21,0,0,22,0,19,28,0,29,27,0,26,0,4,36,3,2,1,34,0,0,1,35,0,14,0,10,11,0,15,0,0,17,16,18,0,0,22,27,0,24,23,0,0,33,31,28,30,0,0,4,0,0,0,0,33,0,31,29,32,0,7,4,5,0,0,13,0,0,0,12,0,19,16,21,20,0,0,0,0,0,25,22,24,3,2,34,0,36,35,0,0,18,0,17,0,32,31,0,29,30,0,1,2,0,0,0,3,0,4,0,8,6,5,0,11,0,13,0,12,27,26,22,0,24,23,10,15,12,0,11,14,26,25,22,23,24,27,0,32,29,0,0,33,0,0,3,2,0,35,0,5,9,0,4,6,21,20,16,0,18,17,22,0,24,25,23,0,2,0,34,0,36,3,7,8,5,0,6,0,0,10,15,0,0,0,20,17,21,19,0,18,33,32,0,0,0,0,0,0,6,7,0,0,20,19,16,17,18,21,0,0,0,0,24,0,31,28,33,32,30,29,2,35,0,1,34,36,0,0,0,0,12,11,31,36,0,34,32,35,11,0,7,8,9,12,0,17,0,0,15,18,22,19,0,23,21,0,0,26,30,28,25,0,6,5,0,4,0,2,0,30,27,0,26,0,5,4,0,0,3,6,0,11,0,0,9,12,16,0,0,17,0,14,23,20,24,22,19,21,36,35,31,34,33,0,0,12,9,10,8,11,23,0,19,20,21,24,28,0,0,25,27,30,34,31,36,0,33,0,0,0,0,4,1,3,0,0,0,0,0,0,13,18,0,0,0,17,0,28,25,26,27,0,0,0,32,31,0,36,4,1,0,5,3,2,0,8,0,10,7,9,0,23,19,22,0,20,1,6,3,4,0,5,0,0,0,14,15,18,22,23,20,19,21,24,28,25,0,29,0,26,35,32,36,0,31,33,0,11,7,10,9,8,19,24,0,22,20,23,0,0,31,32,33,36,0,5,2,1,3,6,10,0,0,11,9,0,0,0,0,16,0,15,0,29,25,28,27,26,3,0,5,6,0,0,0,18,0,16,0,0,0,25,22,0,23,0,0,0,32,31,29,0,1,34,2,0,33,0,0,0,9,12,11,10,33,2,35,36,0,1,13,12,9,10,11,14,0,19,16,15,17,20,24,0,26,25,23,22,31,28,32,0,27,29,8,7,0,6,5,4,27,32,29,30,28,31,7,0,3,0,5,8,12,13,10,0,0,0,0,0,20,0,17,16,25,22,0,24,21,23,2,1,33,36,35,0,15,20,17,18,16,19,0,30,0,0,29,32,36,0,34,33,35,0,6,0,0,7,0,0,13,0,14,12,9,0,26,25,21,24,0,0,9,0,11,12,10,13,25,0,0,22,23,26,0,0,28,27,0,0,36,33,2,1,0,34,0,4,8,0,3,0,20,0,15,0,17,16,21,0,23,24,22,0,1,0,33,34,35,0,6,0,0,3,0,0,12,9,14,13,11,10,19,0,0,18,15,17,32,31,0,30,29,28
0,7,0,9,10,0,14,0,16,13,11,0,3,36,35,2,0,1,29,34,30,0,33,32,22,0,19,0,20,21,0,0,28,0,0,27,0,31,30,33,34,29,2,36,4,1,35,3,27,24,0,26,28,25,17,22,18,0,21,0,0,5,7,6,0,0,0,14,16,12,11,15,2,1,36,3,4,0,0,6,0,0,5,9,33,30,29,32,0,0,23,28,0,25,27,0,16,11,13,0,14,15,19,20,22,18,0,21,0,0,0,0,0,0,0,24,28,0,23,27,15,0,0,14,16,0,0,0,6,0,9,0,0,0,31,0,32,33,1,0,4,0,0,3,0,25,0,27,28,23,32,30,34,31,29,33,21,18,17,0,22,19,0,0,12,0,15,0,4,0,1,36,2,3,0,8,10,6,5,0,0,0,12,0,16,11,20,18,22,0,0,0,0,6,5,8,10,0,0,4,0,1,3,2,28,23,25,24,26,27,31,32,34,0,29,0,28,27,26,0,0,25,0,32,36,0,0,35,23,20,0,0,24,21,13,18,0,15,17,16,6,1,3,2,0,5,9,10,12,8,0,11,0,0,8,11,0,0,16,14,18,0,13,17,5,2,0,4,6,3,31,0,0,33,35,34,0,19,0,0,0,23,27,28,30,26,25,29,22,21,0,0,24,19,28,26,30,27,25,0,17,14,13,16,0,0,7,12,8,9,0,0,36,31,33,0,0,35,3,0,0,2,0,0,4,0,2,5,6,1,0,8,12,9,7,0,0,32,31,34,36,33,25,0,26,27,29,0,0,13,15,14,16,17,21,0,24,0,19,23,0,15,14,0,0,13,0,0,24,21,0,23,11,0,7,0,12,0,1,6,2,0,5,4,0,0,27,0,0,29,33,0,0,32,0,0,34,0,0,35,36,0,0,2,6,0,1,0,0,0,25,28,30,27,19,24,0,21,0,22,12,0,9,8,10,11,15,16,18,0,13,17,15,14,13,0,17,0,0,0,23,0,18,22,10,0,6,0,11,8,36,5,0,2,4,3,0,24,0,0,0,28,32,0,35,0,30,34,21,20,0,0,23,0,27,25,29,26,24,28,16,13,12,15,0,14,6,0,7,0,0,9,35,30,0,31,0,34,0,0,5,0,0,0,33,0,31,0,35,30,3,0,5,0,36,0,28,25,24,27,29,26,18,23,19,0,0,21,11,6,8,7,9,10,0,0,0,13,12,16,0,0,25,28,29,24,33,31,0,32,30,0,0,0,0,21,0,20,12,17,0,14,0,0,0,36,2,1,3,0,0,0,11,0,6,10,3,0,0,4,0,0,9,7,11,0,6,0,34,31,30,33,0,32,24,0,0,26,28,27,17,12,0,0,15,16,20,0,23,19,18,22,9,8,7,0,11,0,0,0,17,14,12,16,4,1,36,0,5,0,0,35,0,32,34,0,0,0,0,0,21,22,0,27,29,25,24,28,0,10,0,12,0,8,0,15,19,16,14,18,6,3,2,0,7,4,0,1,0,34,0,0,0,20,22,21,23,0,0,0,31,0,26,30,5,4,0,6,0,2,0,0,13,10,8,0,36,33,32,0,0,34,26,31,27,28,0,0,19,14,16,15,0,18,22,0,25,21,20,24,0,28,27,0,0,0,35,33,1,0,0,0,24,0,0,23,25,22,14,19,15,0,18,0,0,2,4,3,5,6,10,11,13,9,8,12,17,16,15,18,19,14,23,0,25,22,0,24,0,9,0,11,13,0,2,0,3,4,6,5,31,26,28,0,0,30,0,35,1,33,32,0,35,34,0,0,1,32,5,0,0,0,2,0,0,27,26,29,31,0,20,25,21,0,0,23,0,0,0,9,11,0,0,0,19,0,0,18,0,22,21,0,25,20,29,0,31,28,0,0,0,0,0,17,19,16,8,13,9,10,12,11,1,32,34,0,35,0,0,5,0,3,0,0,0,6,5,8,9,4,13,0,0,12,10,14,0,35,34,0,3,36,28,33,0,30,32,31,21,16,18,17,0,0,24,25,27,0,0,0,0,0,0,2,3,0,0,5,0,6,4,8,32,29,28,31,0,0,22,27,23,24,26,0,15,10,12,11,13,0,18,19,21,17,0,0,13,0,11,14,15,0,19,17,0,18,16,20,0,5,4,0,0,6,34,3,0,36,2,0,27,0,24,0,25,26,30,0,0,29,0,0,25,24,23,26,27,0,31,0,0,30,0,32,20,0,0,0,21,0,10,15,11,12,14,13,3,34,36,35,1,0,6,7,0,5,4,0,19,0,17,20,0,16,25,0,0,0,0,26,14,11,10,0,0,0,0,0,0,0,8,7,0,28,30,29,31,0,0,1,0,35,0,2,31,30,29,32,0,28,0,35,0,36,34,2,26,23,0,25,27,0,16,21,0,18,0,0,9,4,6,0,7,0,0,0,15,11,10,0,30,29,28,0,0,27,36,0,2,35,33,1,0,22,0,0,0,23,15,20,0,0,0,18,8,0,0,4,6,7,11,0,14,10,9,0,24,23,22,0,26,0,30,0,0,29,27,31,0,16,0,0,0,0,9,14,10,11,13,12,0,33,35,34,36,0,5,0,0,4,3,7,18,0,16,0,0,15,0,22,0,23,21,25,0,10,9,0,14,11,3,8,0,5,7,6,0,27,29,28,0,31,0,36,0,34,33,0,36,0,34,1,0,33,6,0,8,0,3,7,31,28,27,30,0,29,0,0,0,23,25,0,14,0,11,0,0,0,17,0,20,16,0,19,0,11,10,13,14,9,0,16,20,0,15,0,0,0,3,6,8,0,0,2,34,35,1,36,26,0,0,22,24,0,29,30,32,0,0,31,0,5,0,0,8,3,0,10,14,11,0,0,0,34,33,36,2,35,27,32,28,29,31,0,20,0,17,0,18,19,23,24,26,0,21,0
36,2,0,1,0,35,30,34,29,31,33,32,11,12,0,15,0,0,28,23,25,26,24,27,22,0,20,19,17,21,7,8,0,10,0,5,0,14,16,13,0,0,0,10,5,7,9,8,23,24,0,0,25,0,4,35,0,0,36,3,34,30,32,31,0,33,19,20,21,22,0,0,0,0,28,25,27,23,0,22,0,19,0,0,35,0,2,0,1,0,16,0,0,14,12,0,10,0,8,7,0,9,0,0,33,34,30,0,0,0,0,0,0,0,12,16,0,0,15,14,0,30,32,33,31,34,10,0,0,8,0,0,4,36,2,0,35,0,25,26,27,28,24,23,30,32,0,31,33,29,0,0,0,25,27,26,0,6,0,0,0,10,0,0,19,20,0,21,16,0,0,13,11,15,1,2,0,4,36,35,0,0,0,7,9,5,36,0,35,0,3,2,0,0,20,0,0,0,0,0,31,0,0,33,28,24,26,25,0,0,0,0,0,16,12,11,26,28,0,0,0,25,0,24,19,21,23,0,1,0,0,5,3,0,0,13,15,16,14,0,12,0,10,9,7,0,0,34,0,0,32,0,14,16,0,0,17,0,8,12,0,9,11,10,25,26,28,29,27,0,0,1,0,4,0,5,36,0,0,0,31,35,0,0,0,0,20,19,0,4,6,3,5,1,32,36,0,33,0,34,13,14,16,17,0,18,30,25,27,28,0,0,24,20,0,0,0,23,9,0,0,0,8,7,8,10,12,0,0,0,2,6,1,3,5,0,19,20,0,23,21,0,36,31,33,34,32,35,30,26,28,27,0,0,15,0,17,0,0,0,0,0,0,21,23,19,14,0,13,0,17,0,31,32,34,35,33,36,0,0,9,10,8,0,6,2,0,0,0,5,0,28,29,30,26,25,32,0,36,0,0,31,26,30,0,27,29,0,7,0,10,0,0,12,24,0,21,0,20,23,18,0,0,15,0,0,3,0,5,6,2,1,0,9,11,8,0,0,0,0,0,0,4,0,18,0,21,22,0,23,0,30,32,33,0,0,0,0,0,26,24,28,14,0,16,0,13,12,25,27,0,0,28,24,19,0,18,20,0,21,36,1,3,0,2,5,0,12,14,0,13,16,0,0,9,8,6,0,0,0,34,35,0,30,31,33,0,32,0,30,25,29,24,0,28,27,6,7,0,10,0,0,23,18,20,0,0,22,0,13,15,0,12,0,2,3,0,5,1,0,13,0,0,14,16,0,7,0,6,8,10,0,0,0,27,0,0,29,0,36,0,3,1,0,35,31,0,32,0,34,20,0,22,23,19,18,0,0,0,2,0,0,31,35,30,32,0,0,12,13,15,0,0,17,0,0,26,0,25,28,23,19,21,0,0,22,8,9,10,11,7,6,19,0,23,0,0,0,0,0,12,14,16,15,0,0,33,34,32,0,0,0,8,0,7,0,5,0,3,2,36,4,26,27,28,0,25,24,0,25,0,0,26,0,17,21,16,18,0,19,0,35,0,0,0,3,0,10,12,13,11,14,9,0,7,6,4,0,0,31,0,0,0,0,0,19,21,18,20,0,0,0,10,0,0,0,0,0,0,0,30,0,0,4,6,7,5,0,0,35,0,36,34,2,24,25,26,0,23,0,11,0,15,12,14,0,5,9,4,6,8,0,22,23,0,0,0,27,3,0,36,1,0,2,33,29,0,30,0,32,0,19,20,0,17,16,0,31,0,0,32,0,0,27,0,24,0,25,4,5,7,8,6,9,0,16,18,19,17,20,15,11,13,12,10,0,36,1,2,3,35,34,0,7,9,6,0,4,0,3,0,0,2,1,16,17,19,20,18,0,0,0,30,31,0,0,27,0,25,0,22,0,12,13,14,15,11,10,0,0,0,36,2,34,0,33,28,0,32,31,0,0,13,14,12,0,0,22,0,0,0,0,21,17,19,0,16,20,6,7,0,9,5,0,27,29,0,28,30,26,21,25,0,0,24,0,2,3,0,6,4,7,19,0,16,17,15,0,13,0,11,0,0,12,0,0,36,0,33,32,3,0,0,0,0,2,0,1,32,0,36,35,14,0,0,18,0,19,31,26,28,29,27,30,25,21,23,0,20,24,0,11,12,13,0,8,15,0,19,16,18,0,9,0,8,10,12,0,26,27,29,30,0,0,7,0,4,0,0,0,0,33,35,34,32,36,22,23,0,0,21,20,0,23,25,0,0,20,15,0,14,0,0,17,0,33,0,36,34,0,13,8,10,11,9,12,7,3,0,4,2,6,28,29,0,31,27,26,33,0,1,0,36,32,27,0,0,0,30,29,0,0,0,12,0,0,0,20,22,23,21,24,19,15,17,16,14,18,0,0,6,7,3,0,9,11,0,10,0,8,3,7,2,0,0,0,20,0,23,24,0,25,1,0,34,0,33,0,31,27,0,0,0,30,16,17,18,19,15,14,28,30,32,29,0,0,0,26,21,23,0,24,0,0,0,7,5,8,0,15,17,18,0,19,0,0,12,11,9,13,35,36,0,0,34,33,4,6,8,5,0,0,34,2,33,35,1,36,15,0,0,0,17,20,32,27,29,30,28,31,26,22,24,23,0,0,11,12,13,14,0,0,16,18,20,17,19,15,10,14,9,11,13,0,27,28,30,31,0,32,0,3,5,0,0,7,2,34,36,35,0,1,0,24,25,26,0,0,22,0,0,23,25,21,16,20,15,17,0,0,33,34,36,1,0,0,14,9,11,12,10,0,8,4,6,5,3,7,29,30,31,0,28,0,34,0,0,35,1,33,28,0,27,0,0,30,9,10,0,13,11,14,0,21,0,24,22,0,20,16,18,0,15,0,0,0,7,0,4,3,10,12,0,0,13,9,4,0,0,5,7,0,0,0,24,0,0,26,0,33,35,36,0,1,0,28,30,29,27,31,17,18,0,20,16,0
0,16,0,19,20,0,15,0,0,11,0,0,24,0,25,0,0,0,28,33,30,29,32,31,0,1,2,36,0,3,0,6,5,4,9,0,5,4,0,7,8,0,3,1,0,0,36,34,0,11,13,14,10,15,0,0,18,0,20,19,22,25,0,0,23,27,31,0,0,28,33,32,0,22,27,25,26,24,0,0,20,17,18,16,0,29,31,0,0,0,34,0,0,0,0,1,4,0,0,6,5,9,13,0,11,10,0,0,29,28,0,0,32,0,0,25,26,0,24,22,0,35,1,0,0,3,0,0,6,0,8,0,10,0,14,12,11,0,0,0,0,0,21,0,11,10,15,13,14,12,9,7,8,0,0,4,18,17,0,20,16,21,22,0,24,0,26,0,0,31,0,30,0,0,0,36,35,34,3,2,0,34,0,1,2,0,0,0,0,0,30,28,6,5,7,8,4,0,10,0,12,0,14,13,16,0,20,0,0,21,25,24,23,0,0,26,9,8,13,0,0,10,0,5,6,3,4,2,16,15,17,18,14,0,20,0,22,21,0,0,0,29,0,28,27,31,0,0,0,0,1,36,33,32,1,35,36,34,31,29,0,27,28,26,0,3,5,6,2,7,0,0,10,0,0,11,0,0,0,16,0,19,23,22,21,0,0,0,3,2,7,0,6,0,1,35,0,33,34,32,10,9,0,0,8,0,14,0,16,0,18,0,20,0,24,0,21,25,29,0,0,26,0,0,0,14,19,17,0,0,0,11,12,9,0,8,22,0,23,24,20,25,26,31,0,27,0,0,32,35,36,34,0,1,5,0,3,0,7,6,0,20,0,23,0,22,0,0,18,0,0,14,0,27,0,0,26,31,32,0,0,33,36,35,2,5,0,0,0,0,0,10,0,8,13,12,0,26,31,29,30,28,0,23,24,21,0,20,0,33,35,36,32,1,0,7,0,3,6,0,8,0,12,0,0,0,17,16,15,0,0,18,16,15,20,0,0,0,14,12,0,0,11,9,23,0,24,25,21,26,0,32,0,0,0,30,33,36,1,0,0,2,6,5,4,0,8,7,0,33,2,36,1,35,0,30,31,28,29,0,0,0,6,7,3,0,9,14,11,0,13,12,0,0,0,0,16,20,0,23,22,0,0,25,4,3,0,0,0,0,2,36,1,0,35,33,0,0,12,13,9,14,15,0,17,0,0,0,21,24,25,0,22,26,30,29,28,27,32,0,0,21,26,0,25,0,0,18,19,16,17,0,29,28,30,31,27,32,33,2,35,0,1,36,3,0,0,5,0,0,12,11,0,9,0,0,10,9,14,12,0,11,0,6,7,0,5,3,17,16,18,19,15,0,21,26,23,22,0,0,27,30,31,29,0,0,36,0,34,33,2,1,28,27,32,30,31,29,0,24,25,0,23,21,35,34,36,1,0,2,3,8,5,0,7,0,9,0,13,11,10,14,18,17,16,0,0,19,0,18,23,0,22,20,0,0,16,0,14,0,26,25,27,0,0,0,0,35,32,31,34,0,0,3,0,2,0,0,0,0,7,6,0,10,7,0,11,9,0,8,5,0,4,0,0,36,14,13,15,16,0,17,18,23,0,19,0,0,24,0,0,0,25,0,33,32,31,30,35,34,0,0,5,3,4,0,0,33,34,31,32,30,0,7,9,0,6,11,12,17,0,13,0,15,18,21,22,20,0,23,0,26,25,0,29,28,0,30,0,33,0,0,29,27,28,25,26,24,2,0,3,0,0,5,6,0,8,0,0,9,12,15,16,14,13,17,21,0,0,0,23,22,13,12,0,15,16,0,0,9,0,0,0,0,0,19,0,0,0,23,24,29,26,25,28,27,30,33,0,32,31,35,3,2,1,0,5,4,25,24,0,0,28,0,23,21,0,0,20,0,32,31,33,34,30,35,36,5,0,0,4,3,0,0,10,8,7,11,15,14,13,12,17,0,18,0,22,0,21,0,16,0,15,12,0,11,0,24,0,27,0,0,0,34,31,30,33,32,0,0,0,0,0,4,8,7,6,0,0,9,24,23,28,0,0,0,0,0,21,18,19,17,31,30,32,0,29,34,0,4,1,36,0,2,5,8,0,7,0,10,14,13,12,11,16,0,0,35,4,2,3,1,0,32,33,30,31,29,7,6,8,0,5,0,0,16,13,0,15,14,0,0,0,19,18,22,26,0,24,0,0,27,30,29,34,32,33,31,28,0,27,24,25,23,1,36,2,3,35,0,0,10,0,6,0,8,11,14,15,13,12,0,0,19,18,17,0,21,12,11,0,14,0,0,10,8,0,0,0,5,0,0,20,0,17,22,0,28,0,24,0,0,29,32,0,31,30,34,2,1,36,35,0,0,6,5,10,8,9,0,4,2,3,36,1,35,13,12,14,0,11,16,17,22,19,0,0,20,0,0,0,0,24,0,0,31,0,29,34,0,8,7,0,10,11,9,0,0,0,2,0,0,0,0,16,0,13,18,0,24,21,20,0,0,25,28,0,27,26,30,34,0,32,31,0,35,2,1,6,4,5,3,36,0,0,32,0,0,9,0,10,11,7,12,13,18,15,14,0,0,19,22,23,21,20,24,28,27,26,25,0,0,0,0,0,16,17,15,12,10,11,8,9,7,21,20,22,0,19,24,0,30,0,26,0,28,31,34,35,33,32,36,4,3,2,1,6,5,32,0,36,34,0,0,0,28,29,26,27,25,3,2,4,0,1,6,7,12,9,0,11,10,0,16,17,15,0,18,22,21,0,19,0,23,20,0,0,0,23,21,0,16,17,14,0,13,27,26,0,29,0,30,31,0,33,32,0,34,1,4,0,0,2,6,0,9,0,0,12,11,26,25,30,0,29,0,0,0,23,20,21,19,0,32,34,35,31,36,1,0,0,0,0,0,7,10,0,9,8,12,16,15,14,13,18,17
0,10,8,9,11,7,0,0,22,23,20,0,17,0,0,18,13,0,34,35,0,36,0,32,29,30,25,28,0,27,0,0,4,1,0,0,0,16,14,15,0,13,0,25,0,29,0,0,0,0,20,24,0,22,4,0,0,6,3,2,0,36,31,34,0,33,0,0,10,0,0,12,6,4,0,0,5,0,18,13,16,17,0,0,0,0,8,12,7,10,28,0,25,30,27,0,23,24,19,22,0,21,35,33,34,0,0,36,0,22,0,21,0,19,36,31,34,35,32,0,29,27,0,0,25,28,10,0,0,0,9,0,5,0,1,4,2,0,0,0,0,13,0,18,30,0,0,27,0,25,0,1,0,5,0,0,35,0,0,36,0,0,0,17,13,18,0,0,11,0,7,10,8,9,23,21,0,0,20,24,0,34,32,33,0,31,12,0,10,11,8,9,0,3,0,6,1,4,0,23,19,24,0,20,0,0,13,16,14,15,0,0,0,25,26,30,0,30,28,29,31,0,8,0,0,0,4,0,0,35,34,2,33,0,18,19,15,0,0,16,13,0,9,12,10,0,25,23,24,0,22,26,26,24,22,23,25,21,0,0,36,1,34,35,0,0,0,0,27,0,0,13,9,14,11,10,7,8,3,0,4,0,19,0,18,15,0,0,0,0,10,11,13,9,26,0,24,0,22,23,19,0,16,20,0,0,36,0,33,2,0,0,31,32,27,30,0,29,0,0,6,3,0,0,20,18,0,0,0,0,0,0,30,31,28,0,25,23,22,26,21,0,0,7,0,8,5,4,0,2,33,36,34,0,0,11,12,0,10,14,8,6,4,5,7,3,20,15,0,19,0,0,13,0,10,0,9,0,30,0,27,32,29,28,25,26,21,24,22,23,0,35,0,0,0,2,0,0,34,0,1,33,0,9,0,0,10,11,7,0,4,8,0,6,0,25,0,0,0,0,19,20,0,18,0,17,31,29,30,27,28,0,21,19,0,0,0,0,0,0,31,0,0,0,26,0,0,27,22,0,7,8,4,0,0,5,0,3,34,1,35,0,0,12,13,0,0,15,9,0,0,0,0,4,21,0,19,0,0,18,0,12,11,15,0,13,0,32,0,33,30,29,0,0,0,25,23,24,2,36,1,34,35,0,27,25,0,24,26,22,0,34,1,2,0,36,32,0,0,33,28,31,13,0,0,15,0,11,0,9,0,7,0,0,20,18,19,16,17,21,33,31,0,30,0,28,9,0,7,8,5,6,2,0,35,3,34,1,19,20,16,21,18,17,14,15,0,13,11,12,26,24,0,0,23,0,3,0,35,36,2,34,15,10,13,14,11,12,8,6,5,9,4,7,25,26,0,27,24,0,20,0,16,0,17,18,32,0,31,28,29,0,15,13,11,12,14,10,0,22,25,26,23,0,0,18,17,21,16,19,0,0,34,0,36,0,32,33,0,0,0,30,8,6,7,0,5,0,0,11,0,0,12,0,0,20,23,24,0,22,18,16,0,19,14,17,35,0,0,1,34,33,0,31,26,29,27,0,0,4,5,2,3,7,25,23,0,22,24,0,1,32,35,36,0,34,0,0,27,0,26,29,11,12,8,13,0,0,0,7,0,0,3,0,18,0,0,14,15,0,1,0,33,34,36,32,0,8,11,12,9,0,6,4,0,7,0,5,23,0,0,25,0,21,0,0,0,17,0,16,30,0,29,26,27,0,31,0,27,28,30,26,7,0,5,6,3,0,0,34,33,0,32,35,0,18,14,0,16,0,0,13,8,0,0,10,0,22,0,20,21,0,0,5,3,4,6,0,19,14,0,18,0,16,12,10,0,0,0,0,0,0,26,31,0,27,0,0,20,0,0,0,36,0,35,32,33,1,19,17,15,16,0,14,0,26,0,0,27,28,0,0,0,25,20,23,5,6,0,0,4,0,0,1,32,0,33,0,12,10,11,8,0,0,0,3,1,2,4,0,0,12,0,0,13,0,10,8,7,0,0,9,27,28,24,29,26,25,0,23,18,21,19,20,34,0,33,30,0,35,0,0,0,26,28,24,5,36,0,4,0,0,0,0,31,0,0,33,0,16,12,0,14,13,10,11,6,9,7,8,22,0,0,0,19,23,35,33,0,32,0,30,0,6,9,10,7,0,4,2,1,0,0,0,0,0,0,23,0,19,16,17,0,0,0,14,28,26,27,24,25,29,23,0,0,20,22,18,35,0,33,34,31,32,28,0,25,29,24,27,0,0,0,0,8,7,0,5,36,0,0,2,16,14,15,0,13,17,17,15,0,14,0,12,0,24,27,0,25,26,22,0,19,23,0,21,3,0,0,5,0,0,34,35,0,0,31,32,10,8,9,0,7,11,0,0,7,0,0,0,0,0,21,0,0,20,0,0,13,0,12,0,0,34,30,35,32,0,0,29,24,0,0,26,4,2,3,0,1,5,4,2,36,1,3,0,0,11,14,15,12,13,0,0,6,10,0,0,26,27,23,28,0,24,0,22,0,20,18,0,33,31,32,29,0,0,0,0,6,0,9,5,22,0,0,21,18,0,0,0,12,0,11,14,32,0,0,34,31,30,27,0,23,0,24,25,0,0,0,35,36,0,0,20,0,0,21,17,34,29,0,33,30,0,27,0,0,0,23,26,8,0,5,10,7,6,3,4,0,2,0,1,15,0,0,11,12,16,28,26,24,0,27,0,4,35,2,3,0,1,33,31,30,34,29,0,14,0,11,0,13,12,9,10,0,0,6,7,21,19,20,17,0,0,34,32,0,0,0,29,10,5,8,9,0,7,0,1,0,4,35,2,0,21,17,22,19,18,15,16,11,14,12,0,0,25,26,23,0,28,16,0,0,13,0,11,28,23,26,27,24,25,0,0,0,0,17,20,2,3,35,0,1,0,33,0,0,32,0,31,9,0,8,5,6,0
0,28,0,27,30,31,14,0,11,0,10,12,0,18,0,16,0,15,23,26,0,0,0,21,35,0,36,33,34,2,6,7,0,5,0,8,0,22,0,21,0,0,0,0,5,3,0,6,14,12,0,10,13,0,17,0,19,0,18,15,29,0,0,27,28,0,36,1,0,0,33,0,0,34,2,33,36,1,0,19,17,15,0,18,26,24,23,0,25,21,29,32,31,28,30,27,5,7,6,3,4,8,0,13,0,11,0,14,0,0,20,0,18,0,2,0,0,33,34,36,8,0,5,4,7,0,11,0,0,0,12,0,23,0,24,21,22,26,30,31,28,0,27,32,11,10,14,9,12,13,32,31,29,27,0,30,2,0,0,34,1,33,0,8,0,4,0,3,0,19,18,15,16,20,24,25,22,23,21,26,0,4,0,3,6,7,26,25,23,21,22,24,32,30,29,28,31,27,0,0,1,34,0,33,11,13,0,0,10,14,18,19,0,17,15,0,3,2,0,0,4,5,24,0,21,19,20,22,30,28,27,26,29,0,33,0,35,32,34,0,9,0,0,0,8,0,16,17,14,15,13,0,0,0,0,31,0,35,18,0,15,0,0,0,0,22,21,0,23,19,27,0,0,0,0,0,3,5,4,0,2,6,10,11,8,9,7,12,21,20,24,19,22,23,6,5,3,1,2,4,12,10,9,8,0,0,0,18,17,14,0,13,27,29,0,0,26,30,34,35,0,33,0,36,27,26,0,0,0,29,12,0,9,7,8,0,18,0,15,14,0,0,21,24,0,20,22,0,33,35,34,31,32,36,4,5,0,0,1,6,15,14,18,0,16,17,0,35,33,0,32,34,6,0,3,2,0,0,9,12,11,8,0,0,0,23,22,0,20,24,28,0,26,27,0,30,9,0,12,7,0,11,30,29,0,0,26,0,36,0,0,32,35,0,3,6,5,0,4,1,15,17,0,13,14,18,0,23,20,0,0,24,25,24,0,0,0,0,0,9,0,5,6,0,16,14,13,12,15,0,0,22,21,18,20,17,31,0,32,29,0,34,2,3,36,1,35,4,31,0,34,0,32,0,16,0,13,11,0,14,0,0,0,18,0,17,25,28,0,24,26,23,0,3,0,35,36,4,8,9,6,0,5,10,19,18,0,17,0,0,4,3,1,35,0,2,10,8,7,0,9,5,0,16,15,12,0,0,25,27,0,0,24,28,32,0,30,31,29,34,0,12,16,11,0,15,0,0,0,29,30,32,0,2,1,36,0,35,0,10,0,0,8,0,19,0,20,17,0,22,26,27,0,25,23,28,0,0,10,5,8,0,0,0,25,23,0,26,0,32,31,30,33,29,1,4,0,36,2,0,13,15,0,11,12,16,0,0,0,19,17,0,0,36,4,0,0,3,0,0,0,0,18,0,28,26,25,0,27,0,31,34,0,30,0,0,7,0,0,0,6,0,14,15,12,0,0,0,0,0,0,0,7,8,0,26,24,0,0,25,0,31,0,29,32,0,36,3,0,0,0,0,0,14,13,10,11,0,19,20,17,18,0,21,30,0,0,28,31,0,0,0,12,10,11,13,21,19,18,0,0,16,24,0,0,0,0,22,36,2,0,34,35,0,0,0,5,6,4,9,0,35,0,0,0,2,0,20,0,16,17,0,0,25,24,0,26,22,0,33,32,29,31,28,6,8,7,4,5,0,0,14,11,12,10,15,12,11,0,10,0,0,33,32,30,28,29,0,3,0,36,35,0,34,0,9,8,5,7,4,0,20,0,16,17,0,25,0,0,24,22,27,18,0,0,16,19,20,0,0,36,34,0,1,0,7,0,5,8,0,12,15,0,11,0,10,24,26,25,22,0,27,31,32,0,30,28,0,24,23,27,0,25,0,0,0,6,4,0,7,15,13,0,11,0,10,18,21,20,17,19,0,30,0,31,28,29,0,1,0,0,36,0,3,0,15,0,0,17,18,1,0,0,32,0,35,0,5,0,3,6,2,0,13,12,9,11,0,22,0,23,20,21,25,29,0,0,0,26,31,28,27,0,26,29,0,13,12,0,0,9,11,19,17,16,15,18,14,0,0,24,21,23,20,34,36,35,0,33,1,0,0,0,0,2,7,22,21,25,0,0,0,7,6,4,0,3,5,13,11,0,0,0,8,0,19,0,0,17,14,0,0,29,26,27,31,0,36,0,34,32,0,0,33,1,0,35,36,0,0,16,14,15,17,25,23,0,21,0,0,28,0,30,27,29,0,0,6,5,0,0,7,11,0,9,0,8,13,0,0,0,2,0,6,0,0,22,20,21,23,31,29,28,27,0,26,34,1,36,33,35,32,0,12,0,8,9,13,17,0,15,16,14,0,0,9,0,0,11,0,0,30,28,26,0,29,0,35,0,33,36,32,4,0,6,0,5,2,0,0,17,0,15,0,0,24,0,0,0,0,14,0,17,12,0,16,0,34,0,0,31,0,0,3,2,1,0,0,8,11,10,7,9,6,20,22,0,18,19,23,27,0,25,0,0,0,0,19,0,18,0,0,0,4,2,36,0,0,11,0,8,0,10,6,0,17,0,0,15,12,26,0,27,0,0,0,33,34,0,32,0,35,26,25,29,24,0,28,11,10,0,0,7,0,0,0,0,13,0,12,0,0,22,19,0,0,0,0,0,30,0,0,0,0,1,2,36,5,2,1,0,36,3,4,0,22,0,0,0,0,29,0,26,0,0,0,0,35,0,0,0,30,8,0,9,6,7,11,15,0,0,14,12,17,8,7,0,6,9,10,29,28,0,0,25,27,35,0,32,0,34,0,2,5,0,1,0,36,14,16,0,12,0,0,21,22,19,20,18,23,32,31,35,0,33,0,17,0,14,0,13,0,23,21,20,0,22,0,0,29,28,0,27,0,0,4,3,36,1,5,0,10,0,8,0,11
33,29,0,0,0,30,0,0,0,26,28,27,35,0,4,0,2,36,22,18,19,17,21,20,0,7,10,9,0,5,0,16,12,0,0,15,3,0,1,4,0,0,30,0,29,32,0,33,0,0,10,9,8,6,28,24,0,0,0,26,14,13,16,15,0,11,20,22,0,17,19,21,0,17,0,0,0,18,12,13,0,14,0,15,0,25,0,27,0,0,10,6,7,5,9,0,32,31,34,33,0,0,0,4,0,0,0,3,15,11,0,0,0,0,0,0,5,0,10,9,0,19,22,0,0,0,4,0,1,35,3,2,0,25,28,27,24,23,0,34,30,29,31,33,0,23,0,28,26,24,18,0,17,20,0,0,29,0,34,33,32,30,16,12,13,11,0,14,2,1,0,3,36,0,0,0,0,0,7,9,0,5,0,10,8,0,0,1,35,0,0,3,11,13,0,0,14,12,34,30,31,0,33,0,0,19,22,21,18,17,26,28,24,23,25,0,0,0,27,0,28,0,20,21,19,22,0,23,31,33,36,35,0,32,18,14,0,0,0,16,0,0,6,5,2,0,10,12,8,7,9,11,17,13,0,0,16,0,8,9,7,10,12,0,19,0,0,23,0,20,6,2,3,1,5,0,0,27,0,0,26,25,34,36,32,31,0,0,5,1,3,6,4,2,32,0,31,34,36,0,7,9,12,0,10,8,30,26,0,25,0,0,0,0,18,17,14,13,22,0,20,0,21,0,0,0,0,0,0,0,14,0,0,16,0,17,0,27,0,29,28,0,0,0,9,0,11,0,34,33,36,35,32,0,4,0,0,1,3,0,0,7,0,0,10,0,2,3,1,4,0,0,13,0,0,0,0,0,0,32,33,31,35,34,22,21,0,23,0,19,0,0,26,25,27,29,35,0,0,0,34,0,26,0,0,28,0,0,0,3,6,0,0,0,0,20,21,0,0,22,10,9,0,11,8,7,16,18,0,13,0,17,0,27,0,32,0,0,22,23,0,0,26,0,0,35,2,1,0,0,20,0,0,0,19,0,6,5,8,7,4,3,12,14,0,0,0,13,13,0,0,14,12,0,4,0,0,6,0,7,15,17,20,0,18,16,2,34,0,33,1,36,24,23,0,25,22,21,0,32,28,0,29,0,0,21,23,26,24,0,16,17,15,0,20,19,0,0,32,0,30,0,14,0,0,9,0,12,0,35,2,0,34,0,0,8,0,3,5,7,19,15,0,0,0,16,0,11,9,0,14,13,21,0,26,0,0,22,0,0,5,3,7,6,0,29,32,31,28,27,36,2,0,33,35,1,1,0,35,2,0,34,0,29,0,30,0,31,3,5,0,7,6,4,0,22,0,21,25,0,12,11,14,13,0,0,0,20,0,0,17,19,7,3,0,8,0,4,34,35,0,0,2,1,9,11,14,13,0,0,0,28,0,27,0,30,18,17,20,19,0,15,0,26,22,21,23,25,0,10,12,15,13,0,5,6,0,7,9,8,0,18,0,20,19,0,3,0,36,0,2,1,25,24,0,26,23,22,0,0,29,28,30,32,26,22,0,27,25,23,0,0,0,0,21,0,0,0,33,32,0,29,15,11,12,10,0,13,0,36,0,0,35,0,7,0,5,0,0,0,20,16,18,0,0,17,0,12,10,0,0,0,22,0,0,0,25,23,9,5,0,4,8,7,0,30,33,0,29,0,1,0,35,34,36,2,0,28,30,33,31,29,0,0,22,0,0,0,0,36,3,2,1,35,21,0,18,16,0,0,7,0,9,8,5,0,13,15,0,10,12,14,2,0,0,3,1,35,29,30,0,0,0,32,4,6,0,8,7,0,27,23,0,22,26,0,13,0,15,0,0,10,19,21,17,16,18,20,8,4,6,9,0,0,35,0,0,0,3,0,0,0,0,0,13,11,33,29,30,28,32,31,19,0,0,20,17,16,25,27,0,22,24,0,0,0,4,0,0,3,33,34,0,35,1,36,0,10,13,0,0,0,0,27,28,0,30,0,17,16,19,0,15,14,23,0,21,20,0,0,0,14,16,0,17,15,9,0,8,0,13,12,20,0,0,24,0,21,7,0,0,0,0,0,29,28,31,30,0,26,35,1,0,32,34,0,24,0,22,0,23,0,0,16,14,17,0,18,26,28,31,0,29,0,13,9,0,0,12,11,35,34,0,36,33,0,0,0,0,2,4,6,12,0,10,13,0,0,3,4,2,5,0,0,14,0,19,0,0,15,1,33,34,32,36,0,23,0,0,0,21,20,0,31,27,26,0,0,0,0,0,31,29,0,0,22,20,23,0,24,32,34,0,36,0,33,19,0,16,14,18,0,5,0,7,6,0,0,0,13,0,8,10,12,36,32,34,0,35,33,0,28,26,29,0,30,2,4,0,0,0,3,25,21,0,20,24,0,11,0,0,0,9,8,17,0,15,0,16,18,10,0,8,0,9,0,0,2,36,0,0,0,12,0,0,0,15,13,35,31,32,0,0,33,0,20,23,22,0,18,0,29,0,24,0,28,22,18,20,23,21,19,13,0,12,15,0,0,24,0,29,28,27,0,11,7,8,6,10,9,33,0,0,0,31,0,3,5,1,36,2,0,4,36,2,5,3,1,31,32,0,33,35,34,6,8,0,0,0,7,29,25,0,24,28,0,0,14,17,16,13,12,0,23,19,18,0,22,34,30,32,35,33,31,0,26,24,27,29,28,0,2,0,0,3,1,23,19,20,0,22,21,9,0,0,10,0,6,0,17,13,0,14,16,16,0,14,0,15,13,0,0,6,0,11,0,18,20,23,22,21,0,5,0,2,36,0,3,0,26,0,28,25,0,0,35,31,0,32,34,28,24,26,0,0,25,0,0,0,21,0,0,30,32,35,34,0,0,17,13,14,0,16,15,0,2,5,0,0,0,9,11,7,0,8,10
19,24,0,21,23,22,7,8,0,12,9,10,25,26,28,27,0,29,4,3,6,2,1,0,36,32,0,0,34,33,0,0,0,13,17,14,7,0,8,9,11,10,31,32,35,0,0,34,0,0,16,0,18,0,0,0,0,0,0,29,0,20,0,0,0,0,0,0,0,0,0,0,25,0,26,27,0,28,13,0,17,18,15,0,31,0,34,33,36,35,10,0,0,8,0,0,0,2,1,5,0,0,22,0,24,0,23,20,13,18,14,15,17,16,1,0,5,6,3,4,0,20,0,21,24,0,0,33,36,0,31,35,0,26,0,29,28,27,0,9,0,7,0,8,0,0,32,33,0,34,19,0,0,0,21,0,1,0,4,3,6,0,16,0,0,14,0,0,12,8,7,11,10,0,0,27,30,0,29,26,1,6,2,3,5,4,25,26,0,30,27,28,7,8,10,0,12,11,22,21,0,0,19,23,18,14,0,17,16,15,0,33,36,31,0,0,16,21,17,18,20,19,0,5,0,9,6,7,0,23,25,0,27,0,0,0,3,0,0,0,0,0,28,32,31,0,0,0,15,0,14,0,22,0,23,0,26,25,0,0,0,0,12,0,28,29,0,0,33,0,7,6,9,5,4,0,0,0,0,2,0,36,0,0,0,16,20,17,10,15,0,0,0,13,34,35,2,3,36,0,0,0,19,18,0,0,31,30,0,0,28,0,27,23,0,26,0,24,7,6,9,0,0,0,0,33,0,30,32,31,0,17,0,21,18,0,0,35,1,36,3,0,13,0,15,11,10,14,0,0,4,0,7,0,25,0,27,22,26,23,34,0,35,36,0,1,22,23,26,0,24,25,4,0,7,0,0,8,19,18,21,0,0,20,15,11,10,14,13,12,0,30,0,0,0,29,4,9,5,0,8,0,28,29,32,0,30,31,10,11,13,0,15,0,25,0,27,23,0,26,0,17,16,0,0,18,1,36,3,0,2,35,0,0,0,0,0,0,0,18,21,0,19,20,35,0,0,1,0,3,0,13,16,12,11,0,0,6,5,9,8,7,26,25,28,0,27,24,23,0,24,0,27,0,0,0,15,16,13,14,29,30,32,0,0,33,8,7,10,6,5,0,4,36,0,3,2,1,0,19,22,17,0,0,0,4,36,0,3,2,23,24,27,0,0,0,5,0,0,0,10,0,20,19,22,0,17,0,0,12,11,0,14,13,32,31,0,29,33,30,17,0,18,19,21,0,0,6,0,0,7,0,23,0,26,25,28,27,0,1,4,0,35,0,34,30,29,0,0,0,0,0,16,11,15,12,0,0,0,0,0,14,35,0,0,0,1,2,17,18,0,0,22,21,32,0,34,30,29,33,0,24,23,27,0,0,8,0,10,5,0,6,0,0,0,0,0,8,0,0,0,0,0,32,11,0,14,13,16,15,26,25,28,0,0,0,22,18,0,21,20,19,2,1,0,35,0,0,0,14,10,11,0,12,33,0,0,2,0,0,0,16,18,0,20,19,30,0,0,28,27,0,0,22,21,0,0,0,6,5,8,0,0,4,27,0,0,0,31,30,15,16,19,0,0,18,33,34,36,35,2,0,12,11,14,10,9,0,8,0,3,7,6,0,24,23,26,21,25,0,15,20,16,17,19,18,0,4,7,0,0,6,21,22,0,23,0,0,36,35,0,0,0,1,32,28,27,31,30,29,0,11,14,0,0,10,3,0,4,5,0,6,27,28,31,32,29,0,0,10,12,11,0,13,24,23,0,0,0,25,20,16,15,19,18,0,36,35,0,33,0,34,21,26,22,0,25,24,0,0,13,0,0,12,0,28,0,29,32,0,6,5,0,4,0,0,2,0,33,1,36,35,18,17,20,15,19,16,0,0,34,35,0,0,0,22,0,26,23,0,3,0,0,5,8,7,0,0,20,16,15,0,14,0,9,13,12,0,30,29,0,27,0,0,30,35,31,32,0,33,18,19,22,23,20,21,36,0,3,2,5,4,0,0,17,13,12,16,11,7,0,10,9,8,0,0,29,0,28,25,18,0,0,20,0,21,6,7,10,11,8,9,24,25,0,26,29,28,3,2,5,1,0,4,35,31,30,0,0,0,0,14,0,0,0,13,24,0,0,26,0,0,12,0,16,0,14,0,30,31,33,0,35,0,9,8,11,0,6,10,5,0,0,0,0,0,21,0,23,18,22,19,0,17,0,14,0,15,36,0,4,5,0,3,18,0,21,20,23,22,0,32,0,31,30,34,29,0,0,0,0,26,9,8,0,6,0,7,36,5,1,0,4,3,24,0,28,29,26,0,0,7,0,8,0,10,21,20,23,19,0,22,17,13,0,16,0,0,33,32,35,30,34,0,0,11,7,0,10,0,30,31,0,0,0,33,0,0,0,0,0,0,0,26,29,25,0,0,0,19,0,22,0,20,3,2,0,36,4,1,8,0,9,10,12,0,0,33,0,0,34,35,14,15,0,16,19,0,29,0,31,0,0,30,25,0,20,24,23,22,0,4,0,2,0,3,2,0,3,4,0,0,26,0,0,0,28,29,0,9,11,10,13,12,23,22,25,21,20,24,19,0,0,0,17,0,0,0,0,32,36,33,0,0,21,0,0,0,8,9,0,0,10,11,26,27,29,28,0,30,0,0,7,3,2,6,0,33,32,36,0,0,17,0,0,0,18,15,32,1,0,0,36,35,0,21,0,25,22,0,2,3,5,4,0,0,17,16,0,15,0,18,13,9,8,12,0,0,29,28,0,0,30,27,0,31,27,0,30,29,14,15,0,0,0,17,32,33,35,34,0,0,0,10,13,9,8,12,0,3,2,0,5,4,23,22,0,20,24,0,0,0,0,16,0,17,2,3,6,7,4,0,20,21,23,22,25,24,35,34,1,33,32,36,31,0,26,30,29,0,0,10,13,8,12,0
34,35,0,1,2,36,12,15,14,11,0,0,0,20,0,0,19,0,0,31,0,0,30,32,23,25,26,0,24,27,4,6,9,0,5,0,4,5,9,7,8,0,18,21,20,17,19,0,23,26,24,0,25,27,0,1,34,35,36,2,29,31,32,0,30,0,0,0,0,0,11,0,28,29,33,31,32,30,6,0,8,0,7,0,11,0,12,0,0,0,27,25,22,23,24,0,0,19,0,0,18,0,0,0,0,1,0,0,10,11,15,13,0,0,0,0,0,23,0,22,29,0,0,28,31,33,9,7,4,5,0,0,35,1,0,34,0,3,16,0,21,19,0,20,0,23,27,25,26,24,36,3,0,0,1,34,0,0,0,4,7,0,21,19,16,0,18,0,11,13,0,0,0,0,28,0,33,31,29,32,0,17,0,19,20,0,30,0,32,0,0,0,35,0,36,34,0,0,0,0,0,11,0,14,0,7,8,4,6,9,22,0,0,0,23,26,0,10,14,0,0,11,0,26,25,0,24,21,28,31,0,0,30,32,0,6,3,4,0,0,0,36,0,0,35,0,15,17,0,18,0,0,0,0,32,30,31,29,0,0,7,0,0,3,10,0,0,9,12,14,0,0,21,22,23,25,16,0,19,15,0,20,33,0,2,0,34,0,0,22,0,24,0,23,35,0,1,34,0,0,4,7,5,3,0,8,20,0,0,16,17,0,0,12,13,9,11,14,27,29,0,30,0,31,15,16,0,18,0,17,0,32,0,28,30,27,34,0,0,0,36,0,14,12,0,10,11,13,4,0,7,3,5,8,21,23,0,24,22,25,0,34,2,36,1,35,0,0,0,10,12,9,16,19,17,15,18,20,32,30,27,0,29,31,0,24,0,0,23,0,0,5,8,0,0,0,0,4,8,0,7,0,0,0,19,16,0,15,22,0,23,21,24,26,2,36,0,0,35,1,28,0,31,0,29,0,0,11,14,0,10,13,0,0,24,22,0,0,33,0,0,0,0,0,0,5,3,1,0,6,18,0,13,0,0,0,8,0,0,0,0,12,25,27,30,28,26,0,0,32,0,0,35,33,9,12,11,8,10,7,14,0,0,0,16,0,0,0,25,0,0,0,0,0,0,0,21,24,1,0,6,4,2,5,7,0,12,0,11,0,0,24,0,0,0,19,26,29,0,25,0,0,6,0,0,0,3,5,0,34,35,31,0,36,13,0,18,16,0,17,0,0,0,4,5,0,15,18,17,14,16,0,20,23,0,19,0,24,0,0,31,0,33,0,0,28,29,25,27,30,7,9,12,10,8,11,0,14,0,0,17,15,27,30,29,26,28,25,32,0,33,31,0,36,12,10,0,0,9,11,0,0,5,1,3,6,0,21,24,22,0,23,25,26,0,28,0,27,0,6,5,2,4,1,8,11,0,0,10,12,24,0,0,20,21,0,0,16,17,0,0,18,31,33,0,0,32,35,36,0,5,0,0,0,14,17,0,13,15,0,0,0,0,18,21,23,35,33,30,0,32,0,0,27,28,24,0,29,6,8,11,9,7,10,24,0,29,27,0,0,2,5,4,1,3,36,0,10,0,0,0,11,23,0,18,19,0,22,13,15,16,0,0,17,30,32,35,0,31,34,30,31,0,33,34,32,0,0,0,0,9,6,0,16,14,0,0,17,29,0,24,25,26,28,0,21,0,18,20,0,36,0,0,3,0,4,6,0,11,9,0,8,20,23,0,19,0,18,25,0,26,24,0,29,5,0,36,1,2,4,31,33,0,30,32,35,12,14,0,15,0,16,18,19,23,0,22,20,32,35,34,0,33,30,1,0,0,36,3,5,0,15,12,13,14,16,0,9,0,0,8,0,24,26,0,27,25,0,12,13,17,0,0,14,26,0,28,0,27,0,31,34,32,30,0,0,11,9,6,7,0,10,0,3,4,0,2,5,0,20,23,21,0,0,23,0,28,0,27,25,1,0,3,36,2,0,6,0,7,5,0,10,22,20,0,18,19,21,12,0,0,0,13,0,29,0,34,32,30,33,29,30,0,0,0,31,0,10,0,0,8,5,12,15,13,11,14,16,28,26,23,24,0,27,18,20,21,0,19,22,0,1,0,2,36,0,0,6,10,8,0,7,19,22,21,18,20,17,24,0,25,23,26,0,4,2,0,36,0,0,0,0,33,0,31,0,11,13,16,14,12,15,0,36,0,2,3,1,13,16,15,0,14,0,18,21,19,17,20,0,34,32,29,0,0,33,0,26,0,23,0,28,5,0,10,8,6,0,0,18,0,20,21,0,0,34,33,30,0,0,0,3,1,35,2,4,16,0,11,12,0,15,6,8,0,5,7,10,23,25,0,26,0,27,11,12,16,0,15,13,25,28,27,0,26,23,0,33,31,29,32,0,0,8,5,6,7,9,0,0,3,0,1,0,0,19,22,20,18,0,2,3,0,5,6,4,16,19,18,15,17,0,0,0,22,20,23,25,1,35,32,33,34,36,27,0,30,26,28,31,8,10,0,11,0,0,20,0,25,0,24,22,34,1,36,33,35,32,3,0,4,2,5,7,19,17,14,0,0,0,9,0,0,8,10,13,26,28,31,0,0,30,26,27,31,0,30,28,4,7,6,3,5,2,9,12,0,8,11,0,25,0,20,0,22,24,15,17,18,14,16,19,32,0,0,35,0,36,32,33,1,35,36,34,10,13,0,0,0,8,0,0,16,14,17,19,0,29,26,0,0,0,21,0,0,20,22,0,0,4,7,5,3,0,8,9,0,11,12,10,22,25,0,21,0,0,27,0,28,26,29,31,0,5,0,0,4,6,33,35,36,32,34,1,0,16,19,0,15,18,0,15,19,17,18,0,0,0,30,27,29,26,0,36,0,0,0,0,13,11,0,0,0,12,0,0,0,2,4,0,0,0,0,0,0,24
32,33,34,29,0,30,0,0,27,26,0,25,16,0,0,13,14,0,0,0,18,0,19,0,0,2,4,3,0,1,10,9,7,5,6,0,0,15,16,0,13,0,0,5,9,8,0,0,34,0,0,31,0,33,2,35,36,4,1,0,0,20,22,21,17,19,0,0,0,23,24,0,0,21,0,17,19,0,0,11,0,14,12,13,4,36,35,1,2,0,8,5,6,0,0,9,24,0,28,0,23,25,34,33,31,0,0,32,26,27,0,23,25,24,0,17,0,20,18,19,10,6,5,7,8,9,14,0,12,16,13,0,0,32,0,33,29,31,4,3,1,35,36,2,8,9,0,5,7,6,4,0,3,2,0,0,0,0,23,0,26,27,32,29,0,34,31,0,12,14,16,15,0,13,22,21,19,0,0,0,2,3,0,35,1,36,34,29,33,0,30,31,22,18,17,19,0,0,0,23,24,28,25,27,6,0,0,0,5,7,0,15,13,11,0,0,0,23,24,0,21,20,0,0,0,0,14,0,6,2,1,0,4,5,10,7,0,12,9,11,26,0,30,29,25,27,0,0,33,31,32,34,0,5,0,1,3,2,0,31,0,34,0,33,24,20,0,21,0,0,28,25,0,30,27,29,0,0,0,11,0,9,0,17,15,13,14,0,0,17,18,13,0,14,0,0,11,10,8,9,36,0,0,33,34,0,0,1,2,6,3,5,20,22,0,23,19,0,30,29,27,25,26,28,0,35,0,31,33,32,0,25,29,28,0,27,18,14,13,15,16,17,0,19,20,24,21,23,2,4,6,5,1,3,12,11,9,7,8,0,10,11,12,7,9,0,0,0,0,4,0,3,30,0,25,27,28,29,34,31,32,36,33,0,14,16,0,17,13,15,24,23,0,19,20,22,28,0,30,25,27,26,24,0,0,0,20,0,12,0,7,0,10,11,16,0,14,0,15,0,32,34,36,0,31,0,6,5,0,0,2,0,35,36,0,32,0,0,31,26,30,29,27,28,0,15,0,16,17,18,0,20,21,25,0,0,3,5,7,0,2,0,13,0,10,0,9,11,23,24,25,20,0,0,19,0,18,17,15,0,0,3,0,0,5,6,11,8,0,13,10,12,27,0,0,0,26,28,0,0,34,32,33,35,0,30,0,0,0,0,25,0,24,23,0,0,13,0,8,0,11,12,17,0,0,19,0,18,33,0,1,0,0,0,7,6,0,2,3,5,11,12,0,8,0,0,0,2,6,5,3,4,31,0,26,28,29,30,35,0,33,0,34,36,0,0,19,18,14,0,25,0,0,20,21,0,5,6,0,2,4,3,0,32,0,35,33,34,25,0,0,22,23,24,29,26,27,31,0,30,9,11,13,12,8,10,0,0,16,14,15,0,17,18,0,0,0,15,0,8,0,11,9,10,1,33,0,34,35,0,5,2,0,0,4,6,0,23,25,24,20,22,31,30,28,26,27,29,0,2,3,34,36,35,0,28,32,31,29,30,0,17,16,18,19,20,0,22,23,27,24,26,5,0,9,0,4,6,0,0,12,10,11,0,19,20,0,16,18,0,0,10,14,0,0,0,3,35,34,36,1,2,7,4,0,0,0,0,23,0,27,0,22,0,33,32,0,28,0,0,25,0,27,22,24,23,21,16,20,0,17,18,0,5,0,6,7,8,13,0,0,0,12,14,29,0,33,32,28,0,3,2,0,0,35,1,31,0,33,28,30,29,27,22,26,25,0,24,0,11,10,0,13,0,0,16,0,21,0,0,35,1,3,2,0,0,9,0,6,4,5,7,7,8,0,4,0,5,3,0,2,1,0,36,0,23,22,24,25,26,31,28,29,0,30,32,11,13,15,0,0,12,21,0,0,16,0,19,13,0,15,10,0,11,0,0,8,7,5,0,0,0,28,30,31,32,1,34,35,0,36,2,17,19,0,20,16,0,27,0,0,22,23,0,24,0,26,0,0,0,20,15,19,0,16,0,8,0,3,5,6,7,0,0,0,14,0,13,28,30,32,0,0,0,0,1,0,0,34,0,12,0,14,0,0,10,8,0,0,0,4,5,32,28,27,29,30,31,0,33,34,0,0,0,16,18,0,19,0,17,26,0,23,21,0,24,30,0,32,0,0,28,26,0,25,0,0,0,14,10,9,0,12,13,18,15,0,20,0,0,0,36,2,1,33,35,0,0,5,3,4,6,36,1,0,33,35,0,32,27,31,30,28,29,20,0,15,17,18,19,24,0,0,26,0,25,0,6,0,7,0,0,14,13,0,9,10,12,6,7,8,3,5,0,0,0,0,0,34,0,0,0,0,0,0,25,30,27,0,32,0,31,0,0,14,13,0,11,20,0,17,0,16,0,18,19,20,15,17,16,14,9,0,12,10,11,0,34,0,0,0,1,0,3,4,0,5,7,22,0,0,25,0,23,0,31,0,27,0,30,27,28,29,0,26,25,23,18,22,21,19,20,11,7,0,0,9,10,15,12,13,0,14,16,0,33,35,34,0,0,5,0,2,36,1,0,0,22,23,0,20,0,17,12,16,0,13,0,0,1,0,2,0,4,0,0,0,0,8,10,25,0,0,0,0,0,35,34,32,0,31,33,15,16,0,12,14,13,11,6,10,9,0,8,35,31,30,32,33,34,3,0,0,5,2,4,0,0,23,22,0,0,0,28,26,24,0,27,0,34,35,0,0,31,0,24,0,27,25,26,17,13,0,0,15,0,0,18,19,0,0,0,1,0,5,4,0,2,11,10,0,6,7,9,0,4,5,36,2,0,0,30,34,33,0,0,23,19,18,0,21,22,0,24,25,29,26,28,7,0,11,10,6,8,17,16,0,12,0,0,9,0,11,6,8,7,0,36,4,0,1,0,29,0,0,26,0,28,0,30,31,35,32,34,0,15,0,16,12,14,23,22,0,18,0,0
23,24,26,25,0,0,29,33,0,34,32,31,6,9,0,0,7,0,21,17,20,18,19,22,2,0,1,3,4,0,15,0,11,12,14,0,5,6,8,7,0,9,11,0,12,16,0,13,24,27,26,28,0,23,3,0,2,0,1,4,20,18,19,0,0,0,33,31,29,30,32,0,0,18,0,19,22,21,0,0,24,28,26,0,0,0,2,0,0,0,15,11,14,12,0,16,0,30,0,33,0,0,9,7,0,0,0,10,0,12,14,0,16,0,17,21,0,22,20,0,0,0,32,0,0,29,9,5,8,6,0,0,26,24,0,27,28,23,0,1,35,36,0,4,0,0,2,0,0,3,5,0,6,0,0,7,0,21,20,22,0,17,33,29,32,0,31,34,0,12,0,15,0,11,27,25,23,24,0,28,29,0,32,31,0,33,35,0,36,4,2,1,0,0,14,16,13,11,0,0,0,24,0,28,8,6,0,9,10,0,21,0,17,18,0,0,0,29,0,30,33,0,34,2,0,3,1,0,11,14,13,15,0,0,26,22,25,0,0,27,7,5,6,8,0,4,20,18,16,0,19,21,0,35,1,36,3,2,0,8,5,9,0,6,17,20,19,21,0,16,0,28,31,29,30,0,13,11,12,14,0,10,26,24,22,23,25,0,16,17,0,18,0,0,0,26,0,0,25,24,0,2,0,0,36,34,14,10,13,11,12,0,0,0,30,32,33,28,8,0,0,5,7,9,10,11,13,12,15,0,16,20,0,0,0,0,0,32,31,0,30,0,8,4,7,5,0,9,25,0,0,26,0,22,0,0,34,0,0,0,22,23,0,24,27,26,0,32,29,0,0,0,5,8,7,0,6,0,0,0,0,17,0,21,0,35,0,0,3,34,0,0,0,11,13,15,4,0,7,6,9,8,10,0,0,15,13,12,0,26,25,0,0,22,2,34,0,0,0,3,0,0,0,20,0,16,0,0,28,29,31,0,7,8,0,9,0,0,13,17,14,18,16,15,26,0,28,0,27,25,0,1,4,0,3,6,22,0,0,23,0,0,35,33,0,32,34,0,1,2,0,0,6,5,7,0,8,12,0,9,20,0,0,24,0,0,0,31,0,32,0,36,0,0,15,0,0,13,29,27,25,26,28,30,0,0,0,27,30,29,31,0,32,36,34,33,8,0,0,0,9,7,23,19,22,20,21,24,0,0,3,5,0,0,17,15,13,14,16,18,0,0,0,15,0,0,0,0,20,24,22,21,0,35,0,36,0,31,11,7,10,8,9,12,0,26,27,0,30,0,0,0,1,2,4,0,31,32,34,33,0,35,1,0,2,0,4,0,14,17,16,18,0,0,0,25,28,0,27,30,0,8,9,11,12,0,23,0,19,0,22,0,19,0,22,21,24,0,25,29,26,30,28,27,0,5,0,6,3,1,17,13,0,14,15,18,0,32,33,0,36,31,11,9,0,8,0,12,8,9,11,10,13,12,0,18,0,19,17,0,27,0,29,31,0,0,6,0,5,3,0,0,23,21,0,0,25,0,36,0,0,33,35,1,0,33,35,34,0,36,2,6,3,7,0,4,15,18,17,19,16,0,0,26,29,27,28,31,11,0,0,12,13,0,24,0,20,21,0,25,14,15,17,16,19,18,20,24,0,0,23,22,33,0,35,1,34,0,12,8,11,9,0,0,29,0,0,0,31,0,0,4,2,3,5,0,0,21,0,0,0,0,0,0,27,31,29,28,3,0,5,7,4,2,18,14,0,15,0,19,0,33,0,36,1,32,12,0,8,9,11,13,0,27,29,0,31,30,32,36,0,0,0,34,0,12,11,13,10,8,24,20,23,21,22,0,0,3,4,6,7,2,0,16,0,15,17,0,2,0,0,4,7,6,8,12,0,13,11,10,21,24,0,25,0,0,36,32,35,33,34,1,17,15,16,0,0,0,30,28,0,27,0,31,0,16,18,17,20,19,21,25,0,0,0,23,34,1,0,2,35,33,13,0,12,0,11,14,30,28,0,0,0,27,0,5,3,0,0,0,0,34,0,0,0,1,3,0,0,0,0,0,16,19,18,20,0,15,0,27,0,28,29,0,12,10,0,13,0,9,25,23,21,0,0,26,9,0,12,0,0,13,15,0,16,20,0,0,0,31,30,0,0,0,0,3,6,4,0,8,0,22,23,25,26,21,0,0,0,34,36,2,3,4,6,5,8,0,0,13,10,0,12,11,22,0,24,26,23,0,1,33,36,34,0,0,18,0,17,0,0,15,31,29,27,28,30,0,0,22,0,0,0,0,0,0,0,32,30,29,0,7,6,8,5,0,0,0,18,16,0,0,36,34,35,1,2,33,13,11,9,10,0,0,27,0,0,29,0,31,33,1,0,2,36,0,0,13,12,0,11,9,25,21,24,0,23,26,6,0,0,0,8,3,0,0,0,16,18,20,30,0,33,32,35,34,0,4,0,0,0,0,0,0,15,17,0,12,28,24,27,25,0,29,0,7,8,10,11,6,0,0,0,19,21,23,12,0,15,14,0,0,0,0,0,0,21,20,0,34,33,35,32,0,0,0,9,0,8,0,27,0,0,28,29,24,4,0,36,1,3,5,18,19,21,0,0,22,0,28,25,29,27,0,1,0,0,5,0,0,16,12,15,0,0,17,0,31,32,34,35,30,10,0,6,0,0,11,0,0,27,26,29,28,30,0,31,35,33,0,7,10,9,11,0,0,22,0,21,0,0,23,3,0,2,4,0,36,16,0,12,0,15,0,6,7,0,8,0,0,12,0,13,17,15,0,25,0,27,29,0,0,0,0,0,1,2,5,0,19,0,22,23,18,34,32,30,0,33,0,36,1,0,2,5,0,6,10,0,11,0,0,0,0,21,0,0,18,34,30,0,31,0,0,15,13,14,16,17,12,28,26,0,0,27,0
0,30,25,26,28,0,31,0,0,0,33,32,23,22,0,24,0,20,0,0,13,17,0,16,4,5,6,1,0,0,9,10,11,8,0,7,0,0,13,14,16,15,0,0,24,22,21,20,0,10,9,12,7,8,3,6,0,5,2,0,0,29,30,0,0,27,33,34,0,32,36,31,0,0,1,2,4,3,7,11,0,0,0,8,0,0,0,0,31,32,27,30,25,29,26,0,16,0,18,13,14,15,21,22,0,20,0,19,11,0,7,0,10,9,13,17,18,0,15,14,0,4,3,6,0,0,0,36,31,0,32,0,22,0,0,19,0,21,0,28,0,26,30,0,0,36,0,0,34,0,1,5,0,0,3,0,29,28,27,30,25,0,21,24,19,23,20,0,0,11,12,7,8,9,15,16,17,0,18,0,23,24,0,0,22,0,25,29,0,0,27,26,17,16,15,18,0,0,9,12,7,11,8,0,34,0,36,0,32,33,3,4,5,2,6,1,36,0,32,0,35,34,2,6,7,0,0,3,0,0,28,31,26,0,0,0,20,0,21,23,0,0,13,0,9,0,16,17,18,15,19,14,30,31,26,27,29,0,32,36,1,35,0,0,0,23,22,25,20,0,0,19,14,18,15,17,5,6,0,2,3,0,10,11,0,9,0,0,0,7,0,3,5,4,0,12,0,0,10,9,36,35,34,0,32,33,28,31,0,30,0,29,0,0,19,0,15,16,0,0,0,21,25,0,0,13,0,0,11,0,14,18,19,17,0,15,0,5,4,7,2,3,34,1,0,36,0,0,23,24,25,0,0,22,28,29,30,27,31,26,0,25,20,21,23,22,26,0,31,0,28,0,18,17,16,19,0,15,10,0,0,12,9,11,35,0,0,32,33,34,0,5,6,0,7,2,0,0,14,15,17,16,20,24,25,23,22,0,12,11,0,0,0,0,4,7,0,6,3,0,0,30,0,26,0,0,34,35,36,33,0,32,20,21,16,17,19,0,22,26,0,0,0,23,0,13,12,0,0,0,6,9,4,8,5,7,31,0,33,28,29,0,0,0,0,0,0,34,32,33,0,0,31,30,0,2,0,1,36,35,0,25,0,27,22,23,0,21,16,20,17,0,7,8,9,0,0,0,0,0,0,0,15,10,14,15,10,11,13,12,16,20,21,19,0,17,0,7,6,9,0,0,36,0,0,2,0,1,25,26,0,22,23,24,0,31,32,29,33,28,8,0,0,0,7,0,10,14,0,13,0,11,2,0,0,3,34,35,30,0,28,32,0,0,19,20,21,0,0,18,24,25,26,0,0,22,0,27,0,23,0,24,28,0,33,0,0,29,20,19,0,21,0,17,12,0,0,14,0,0,1,2,0,34,0,0,6,7,0,0,9,0,2,3,34,35,0,36,0,8,9,0,0,5,32,0,30,33,28,0,24,0,22,26,23,25,13,0,15,10,0,12,18,19,20,17,21,16,28,29,24,25,27,26,0,0,0,33,0,0,0,21,20,23,18,19,14,17,12,0,0,15,3,4,0,36,1,0,0,9,0,7,0,6,16,0,12,0,15,14,18,22,0,21,20,19,0,9,8,11,6,0,0,0,36,4,1,3,27,28,0,0,25,26,32,0,34,0,35,30,22,0,0,19,21,20,0,0,29,27,0,0,0,15,0,17,12,13,0,0,6,0,0,9,33,34,0,30,31,32,0,3,4,1,5,36,0,0,6,7,9,8,12,16,17,0,14,13,4,3,0,5,36,0,32,0,30,34,0,33,21,22,23,18,19,20,26,27,28,25,29,0,0,0,0,1,3,2,0,0,11,9,0,0,0,0,32,35,30,0,0,29,0,0,25,0,0,0,17,0,13,14,0,21,0,0,23,18,34,0,30,0,33,32,0,4,0,3,2,0,28,27,26,29,0,25,0,23,0,22,19,21,9,10,11,6,0,0,14,15,16,13,0,12,31,32,27,0,30,29,33,0,2,36,35,0,0,24,0,0,21,0,17,20,15,19,16,18,6,7,0,0,4,5,11,12,13,10,14,0,0,26,21,22,0,23,27,31,32,30,0,28,19,18,17,0,15,0,11,0,9,13,10,12,36,0,2,33,34,0,5,0,7,4,0,3,13,14,9,0,12,11,0,19,20,0,0,0,0,6,5,0,0,4,0,0,33,1,0,36,24,25,26,21,22,23,0,0,0,28,32,27,0,0,3,4,6,5,0,0,14,0,11,10,1,36,35,2,0,34,29,32,27,0,0,30,18,19,20,0,0,17,0,24,0,0,0,21,0,20,15,0,0,0,21,0,26,24,0,0,13,12,11,14,9,10,5,8,3,7,4,6,30,31,0,0,28,0,35,36,1,34,0,33,0,0,0,34,36,35,3,0,8,0,5,0,31,0,29,32,27,28,23,0,0,25,22,0,12,13,14,9,10,11,0,18,0,16,20,15,15,16,0,12,14,13,0,21,22,0,19,18,9,8,7,0,0,6,0,4,0,3,36,0,0,0,28,23,0,25,31,0,33,0,0,29,0,4,35,0,2,0,0,0,0,0,7,6,0,0,0,0,0,30,25,0,23,27,0,26,14,15,0,11,12,13,19,0,0,18,22,17,0,28,23,24,26,25,0,33,34,32,31,30,0,20,19,22,17,0,13,16,0,15,0,14,2,0,4,0,0,0,0,0,9,6,10,0,0,10,5,6,8,7,0,15,0,14,13,0,3,2,1,4,35,36,31,0,29,0,30,32,0,0,0,17,18,19,25,26,0,0,28,23,33,34,29,30,0,31,35,0,4,2,0,36,27,26,25,28,23,0,19,22,0,0,18,0,0,9,0,0,6,7,13,14,0,0,16,11,0,22,0,0,20,19,23,0,0,26,0,0,15,14,13,16,11,12,7,10,0,0,6,0,0,33,34,29,30,0,1,2,0,36,0,35
19,16,15,18,20,17,32,0,0,0,27,0,13,0,0,12,11,10,0,2,35,34,1,33,0,5,0,0,4,0,25,0,0,21,0,0,1,34,33,36,0,35,0,0,12,0,9,10,31,32,0,30,29,28,18,20,17,16,0,15,26,23,25,0,0,0,7,8,4,0,6,0,13,0,9,0,14,0,26,23,24,0,21,22,0,0,3,0,0,4,0,32,29,28,31,27,2,35,0,33,34,0,0,20,0,15,18,17,0,0,27,0,32,29,0,0,6,0,3,0,25,0,0,24,0,22,12,14,11,0,13,9,20,17,19,0,16,0,1,2,34,0,36,0,0,22,0,24,0,0,2,35,0,1,33,34,19,20,0,18,0,0,6,0,5,0,0,3,0,11,0,0,10,12,0,32,28,27,30,0,7,0,0,0,8,5,20,17,0,19,15,16,1,2,33,36,0,34,24,26,23,0,25,0,0,0,31,0,0,0,0,14,10,9,12,0,36,33,32,35,1,0,0,10,11,12,8,0,30,31,26,29,0,0,17,0,16,0,0,14,25,22,0,20,21,23,6,7,3,2,5,4,24,21,20,23,25,22,1,0,35,36,32,33,18,19,14,0,16,15,5,7,4,3,6,2,13,10,0,8,0,0,0,0,0,0,29,28,0,0,8,0,13,10,0,22,23,24,20,21,6,0,2,5,0,3,29,31,28,27,30,26,0,0,36,32,33,35,0,19,0,0,17,16,0,0,26,29,31,28,7,4,5,6,2,3,24,0,20,23,0,21,11,13,10,0,12,8,19,0,18,14,15,17,0,0,33,0,35,0,18,15,0,0,19,16,31,28,29,30,0,27,0,13,8,11,10,9,35,1,34,0,36,0,0,4,6,2,3,5,0,25,21,0,23,0,0,0,2,0,0,0,19,16,0,0,0,15,36,1,0,35,34,33,23,25,22,0,24,20,0,0,0,26,0,29,12,13,0,0,11,0,34,31,0,33,0,32,0,8,0,10,6,7,28,29,24,27,26,25,15,17,14,0,16,0,0,20,22,0,19,21,0,5,0,36,0,0,16,13,12,15,17,14,29,26,0,28,24,0,0,11,6,9,8,7,0,35,0,0,0,30,0,0,4,36,0,3,22,23,19,0,0,20,0,0,0,0,29,26,5,2,3,4,0,1,22,23,18,0,0,19,0,11,8,7,0,6,0,14,16,0,0,15,0,35,31,0,0,0,22,0,18,0,23,20,35,0,0,0,30,0,0,0,12,0,0,13,0,5,0,0,4,36,11,8,10,6,7,0,28,0,25,0,27,26,0,0,0,0,0,8,23,0,21,22,0,19,4,0,0,0,0,0,27,0,26,0,0,24,35,0,34,30,31,33,16,17,13,12,15,14,4,1,36,3,0,2,0,14,15,0,0,13,34,0,0,33,0,0,21,0,0,19,22,18,29,0,28,24,0,0,0,11,0,6,9,8,14,0,10,13,15,12,27,0,25,26,22,0,8,9,4,7,6,5,31,33,30,0,0,0,0,36,0,34,35,0,20,0,17,16,19,18,0,29,0,0,0,30,9,0,7,8,0,0,0,0,22,25,0,0,13,15,12,0,14,10,21,18,0,0,0,19,2,3,35,34,0,0,2,0,0,1,3,0,0,12,13,14,0,11,32,33,0,0,30,29,19,0,0,17,20,16,0,24,26,22,23,0,8,9,5,4,0,6,0,23,22,25,0,24,3,36,1,0,0,35,20,0,16,19,18,0,0,9,6,5,0,0,15,12,14,0,11,0,32,33,0,28,31,30,20,17,16,19,0,18,0,0,31,32,0,0,14,15,10,13,0,11,0,3,36,35,0,34,9,0,0,4,5,7,26,0,23,0,0,24,8,5,4,0,9,6,0,0,0,20,16,17,2,3,0,0,0,35,25,27,24,23,0,22,33,30,0,28,29,31,0,0,11,0,13,12,0,0,0,34,36,33,0,9,10,0,7,8,29,0,0,0,27,0,0,0,15,14,17,0,24,21,0,19,20,0,0,0,2,0,0,3,0,8,7,0,12,9,0,21,22,23,19,20,0,0,1,4,3,2,0,30,0,0,0,25,0,33,35,0,32,34,17,0,14,13,16,15,5,2,1,4,6,0,0,0,16,0,13,0,35,0,0,0,0,32,22,24,0,0,0,19,30,0,29,25,26,28,0,12,8,7,10,9,17,14,13,0,0,15,30,27,28,29,25,0,0,12,0,0,0,0,34,36,33,0,0,31,6,3,0,0,2,4,23,0,20,0,22,0,29,0,25,28,30,0,6,0,4,0,0,2,23,24,19,22,21,0,10,12,9,0,11,7,18,15,0,13,0,16,35,36,32,31,34,33,23,0,19,22,24,21,36,33,34,35,0,32,17,0,13,16,15,14,0,6,3,2,5,1,0,9,11,7,0,0,29,0,26,0,28,0,33,30,29,32,34,31,10,7,8,9,5,6,27,0,23,26,25,24,0,0,13,12,15,11,22,19,21,17,18,0,3,4,36,0,2,0,0,18,0,20,0,19,34,31,32,33,0,0,15,16,0,14,0,12,2,4,0,0,3,0,10,0,9,5,6,8,27,28,0,0,26,25,27,0,23,26,28,0,0,1,2,3,35,36,0,22,17,20,19,0,0,0,7,0,0,5,0,13,15,11,12,14,33,0,0,29,32,31,9,6,5,8,10,7,22,19,20,21,17,18,3,4,0,0,1,0,0,28,0,24,0,23,34,31,33,29,30,0,15,0,12,11,0,0,15,12,11,0,16,0,28,0,26,0,23,0,9,0,5,8,7,6,32,0,0,0,33,0,4,1,0,35,36,2,21,22,0,0,0,19,0,0,35,0,4,1,0,0,14,15,11,0,33,34,0,0,0,30,20,0,19,0,21,17,0,0,27,0,24,26,0,10,6,0,8,7
0,32,0,1,33,34,8,0,13,0,11,9,7,5,0,0,0,6,16,14,19,18,0,0,0,30,26,0,27,31,0,0,24,0,21,0,5,2,6,7,3,4,14,18,19,0,0,15,0,11,0,8,9,12,0,20,0,24,0,21,0,36,32,34,0,0,26,31,30,29,0,28,17,14,18,19,0,16,26,0,0,28,29,27,25,23,0,20,21,24,34,32,1,36,35,0,0,12,0,10,0,13,2,0,6,0,0,0,29,0,0,31,27,28,2,6,7,4,5,3,1,35,34,0,0,36,10,8,13,12,11,9,0,0,20,22,0,25,14,19,18,17,0,16,23,0,0,25,21,0,0,36,1,34,35,0,0,29,0,26,0,30,0,0,7,0,5,0,0,18,0,16,0,19,8,13,0,0,0,10,0,8,12,0,9,10,0,0,0,22,0,21,0,17,16,14,0,18,28,26,0,0,0,27,0,0,2,4,3,7,0,1,36,35,33,0,0,0,0,0,1,0,0,16,0,14,0,0,0,0,8,0,0,10,20,18,0,0,21,19,0,34,30,32,0,35,24,29,28,27,25,0,27,0,0,29,25,26,0,4,0,2,3,1,35,33,0,30,31,34,8,6,11,10,9,0,0,0,0,20,19,23,12,17,16,15,13,14,0,6,0,11,7,0,0,0,0,20,21,19,17,0,14,12,0,0,26,24,29,28,0,25,0,4,36,2,0,5,30,35,34,33,31,32,21,18,22,23,0,0,0,34,0,0,0,31,0,27,26,24,25,28,0,0,5,4,0,0,0,0,12,0,0,17,6,0,0,9,0,8,0,30,34,35,31,32,0,10,0,8,0,0,0,0,2,36,0,4,14,12,17,0,15,0,27,0,24,26,0,29,0,23,0,21,19,20,0,12,0,0,0,0,24,28,0,0,27,0,0,0,20,18,19,22,0,0,0,34,33,31,0,0,6,0,7,0,0,5,4,0,0,0,6,3,0,0,0,5,15,19,0,0,0,0,14,12,11,9,10,13,0,21,26,25,0,0,0,1,33,35,0,0,0,32,0,30,28,0,18,15,19,20,0,17,27,31,0,0,0,28,26,24,23,0,22,0,0,33,0,0,36,34,12,13,9,11,10,14,0,8,7,6,0,0,30,0,0,32,28,0,3,7,8,0,6,0,0,0,35,33,34,1,11,9,14,0,12,0,24,0,21,23,22,26,0,20,19,0,0,17,12,9,13,14,10,11,21,0,0,0,24,0,20,18,17,15,0,19,0,0,0,31,30,28,6,0,0,5,4,0,33,2,0,36,0,0,36,33,1,2,0,35,9,0,14,11,12,10,0,6,0,3,0,0,0,15,20,0,18,16,30,31,0,0,28,32,21,0,25,0,22,0,0,0,25,26,22,23,33,1,0,0,36,34,0,30,29,27,28,31,5,3,8,0,0,4,0,19,0,0,16,20,9,14,13,0,0,11,16,13,17,0,14,15,25,29,30,27,28,26,24,22,0,19,0,0,0,31,0,0,34,32,10,11,7,9,8,0,1,6,5,4,2,3,0,7,11,12,8,9,0,23,24,21,0,0,0,0,15,13,0,17,27,25,0,29,28,0,4,0,1,0,0,6,0,0,35,34,0,33,0,19,0,24,20,0,31,35,0,33,34,0,30,28,0,25,26,29,0,1,0,5,4,2,16,17,0,15,0,18,0,12,0,10,0,9,4,1,5,0,0,3,13,17,0,15,16,14,12,10,9,7,8,0,0,0,24,23,22,20,0,35,31,33,32,36,25,30,29,0,26,27,28,25,0,0,0,27,1,5,6,3,0,2,36,0,0,0,32,0,9,7,12,0,0,0,22,0,19,0,20,24,13,18,17,0,14,15,34,31,0,0,32,0,7,11,12,9,0,8,6,4,0,1,0,5,15,13,18,17,16,14,0,29,25,0,26,30,19,0,0,0,0,0,25,0,26,27,0,0,34,0,3,0,1,0,0,31,30,28,29,32,0,4,9,8,0,5,0,20,16,0,0,21,10,15,0,0,11,0,31,28,32,0,29,30,4,8,9,6,0,0,3,1,0,0,0,2,12,10,15,14,13,11,25,26,22,0,23,27,16,21,0,19,17,0,13,10,0,0,11,12,22,0,0,24,0,23,21,19,18,16,0,20,0,0,33,0,31,29,0,0,0,6,5,9,0,3,2,0,0,0,7,0,8,0,5,6,16,0,21,0,19,0,15,0,12,10,11,14,24,0,0,26,0,23,0,0,34,0,0,3,28,33,32,31,29,0,19,0,20,0,17,0,28,0,0,30,0,29,0,25,24,22,23,26,36,34,3,2,0,35,0,0,0,0,11,15,4,9,0,7,5,6,1,34,2,0,35,0,0,14,0,0,13,11,0,7,6,4,5,8,18,16,21,0,19,17,0,32,28,0,29,33,0,27,26,0,0,24,0,5,0,0,0,7,17,0,22,0,0,18,0,14,0,11,12,15,0,23,28,27,26,24,2,3,35,1,0,4,0,0,0,32,30,31,32,0,33,34,30,31,0,9,0,7,8,6,4,2,0,35,36,3,13,0,16,15,0,12,0,27,0,25,0,28,0,22,21,20,0,0,0,0,3,4,36,1,11,15,16,13,0,12,10,8,7,0,0,9,19,0,22,21,0,18,32,33,0,31,30,34,23,0,0,0,24,0,14,11,15,0,0,0,0,27,28,0,26,0,0,20,0,0,0,21,31,29,0,33,32,30,8,0,5,7,6,0,35,4,0,2,36,1,0,23,27,28,0,25,35,3,4,1,2,36,34,32,31,29,30,33,7,5,0,0,0,6,0,0,0,19,0,0,0,16,15,14,12,0,20,0,21,0,0,19,0,33,0,31,32,30,28,26,25,23,0,27,0,35,4,3,2,0,14,0,11,13,12,16,0,10,9,8,6,7
24,28,0,29,0,26,19,0,20,0,18,21,17,0,16,15,13,12,32,0,0,0,34,0,11,10,8,6,7,0,36,3,4,5,0,1,0,10,0,0,0,0,1,5,2,0,36,3,35,0,0,33,0,30,14,15,0,13,0,0,29,0,0,24,25,27,18,21,0,0,20,19,36,0,3,5,1,2,0,35,32,0,0,0,0,26,28,27,0,24,8,9,6,7,10,11,23,0,20,0,19,0,12,15,16,17,14,13,0,16,15,17,13,0,0,11,0,0,0,9,5,2,4,0,0,0,20,21,0,19,22,0,35,34,32,0,31,33,0,27,28,0,0,25,18,22,0,0,19,20,0,17,14,16,12,15,0,0,10,0,7,6,0,27,24,25,0,29,5,4,0,36,1,3,30,0,0,35,0,31,30,0,0,35,31,32,0,0,26,0,24,27,23,20,22,0,19,18,2,3,36,1,4,5,17,16,14,12,13,15,6,9,10,11,8,0,0,1,36,2,34,0,28,32,0,31,27,30,26,0,25,0,22,0,5,6,3,4,0,0,20,19,0,15,0,0,9,12,0,0,11,10,3,7,0,8,0,5,0,2,35,1,0,0,32,29,31,30,28,0,0,0,0,10,0,0,0,25,23,21,22,24,15,18,19,0,0,0,9,13,12,14,0,11,4,8,0,0,3,0,2,35,1,0,0,33,17,18,15,0,0,0,32,31,29,27,0,30,21,24,25,26,23,22,0,25,24,26,22,0,0,0,17,0,15,18,14,11,13,12,0,0,29,30,0,0,31,32,0,7,5,0,4,6,33,36,1,2,35,34,0,0,0,32,0,29,22,26,0,0,0,24,0,0,0,0,16,0,0,36,0,34,1,2,14,0,11,9,0,12,3,6,0,0,5,4,15,0,18,20,16,17,10,14,11,0,9,12,8,0,0,0,4,0,23,24,21,22,25,26,0,1,35,33,34,36,27,30,31,32,0,0,25,0,0,0,26,0,0,24,0,23,19,22,0,0,17,0,14,13,0,34,31,0,35,36,12,11,9,0,8,10,0,4,5,6,0,2,0,0,0,0,2,3,32,0,0,0,0,34,30,27,29,0,0,0,0,0,7,8,11,12,24,23,21,0,20,0,13,0,17,0,0,0,0,17,0,18,0,15,0,12,9,0,0,0,6,0,5,0,0,0,0,0,0,20,23,24,36,35,33,31,0,0,25,0,29,0,0,26,7,11,10,12,0,0,0,6,3,0,1,4,36,33,35,0,32,31,15,16,0,14,0,0,30,29,0,0,26,28,0,0,23,0,21,20,0,35,34,36,32,33,0,30,27,0,25,0,24,21,23,22,0,0,3,4,1,2,5,6,18,17,0,13,14,16,7,0,0,0,9,8,0,23,0,0,20,0,0,0,0,17,13,0,12,0,11,0,8,7,0,28,25,26,29,30,0,5,3,1,2,0,31,0,35,0,33,32,0,0,0,25,21,22,0,0,16,0,14,0,0,0,12,11,9,8,28,0,26,0,30,31,7,6,0,0,0,0,32,0,0,1,0,0,0,30,29,31,27,28,0,0,0,0,0,23,19,16,0,0,15,0,34,35,0,0,0,0,13,12,0,0,9,11,0,0,0,0,0,0,14,18,17,0,15,16,9,13,0,0,0,11,7,4,6,5,3,2,0,0,20,21,0,0,1,36,34,32,33,0,26,29,30,31,28,27,32,36,35,0,0,34,27,31,28,30,26,0,25,22,0,23,0,20,0,0,2,0,0,0,19,0,0,14,15,17,8,0,12,13,0,0,2,6,0,0,0,0,33,1,34,36,32,35,0,28,30,0,27,26,0,0,8,9,0,13,0,24,0,20,21,23,0,17,18,19,0,15,8,0,11,0,9,0,3,7,0,6,2,0,0,34,0,35,33,32,16,0,14,0,18,0,31,30,0,26,27,29,0,23,24,0,22,0,0,0,26,28,24,25,0,22,19,0,17,20,16,0,0,14,0,0,31,32,0,30,33,0,0,0,7,5,6,8,35,0,3,4,1,0,11,0,14,16,0,13,0,10,0,0,0,0,0,1,3,2,36,0,19,20,17,0,0,22,34,33,0,0,0,0,0,0,27,0,25,0,17,21,0,0,0,0,12,16,0,0,11,14,10,7,9,8,6,5,25,26,23,24,27,28,0,0,0,0,36,2,29,0,33,34,0,30,35,3,2,0,36,0,30,0,0,0,0,32,28,25,27,26,24,23,0,0,0,6,9,10,0,21,19,0,18,20,11,0,15,0,13,12,29,33,32,34,0,31,24,0,0,27,23,26,22,0,0,0,0,17,1,0,0,36,3,4,0,15,0,11,12,0,0,8,9,0,0,0,5,9,8,10,0,7,0,0,0,0,35,0,34,0,33,32,30,0,13,0,0,12,15,16,0,0,0,0,24,0,17,20,0,0,19,0,34,0,0,3,0,0,29,33,30,32,28,31,27,24,26,25,23,22,0,7,4,0,8,0,0,0,0,0,17,19,10,13,14,15,0,11,28,32,31,0,0,30,23,27,24,0,22,25,21,0,0,0,17,16,36,1,34,0,2,0,15,14,12,0,11,13,0,0,0,9,6,5,22,0,25,27,23,0,17,0,0,0,16,19,0,0,14,0,11,10,0,31,28,29,32,33,0,8,6,4,5,0,0,1,2,0,36,0,16,20,0,21,0,18,11,0,12,14,0,0,9,6,8,7,0,4,24,0,0,0,26,27,0,2,36,34,35,0,0,31,32,0,30,0,10,0,0,0,0,0,0,9,6,0,0,7,3,0,2,0,35,0,0,0,16,0,20,0,33,32,30,28,29,31,22,25,0,27,24,0,4,8,7,9,5,0,0,0,0,0,0,1,33,30,32,31,29,28,12,13,10,11,14,15,0,26,0,0,23,25,0,19,20,21,18,0
8,0,0,11,7,0,33,0,31,0,32,30,0,28,26,29,24,25,22,0,19,0,23,18,36,0,1,5,0,0,0,12,0,15,14,13,32,0,0,35,31,0,21,0,19,22,20,18,15,16,0,17,0,13,10,0,7,0,11,6,24,0,25,29,0,27,0,0,5,3,2,1,26,24,27,29,25,28,15,0,0,16,0,12,9,0,0,11,6,7,0,2,0,3,5,36,0,22,19,23,0,21,34,30,35,0,0,31,14,0,15,17,13,16,3,5,1,4,2,36,33,0,32,0,0,0,28,26,25,27,0,24,6,10,7,11,0,9,0,18,0,0,20,19,20,0,0,23,0,0,9,0,7,0,8,6,3,4,0,5,36,1,34,32,0,33,0,0,12,0,0,0,0,15,0,24,29,0,0,0,2,36,3,5,1,4,27,0,25,28,26,0,21,0,20,23,18,0,16,14,0,15,0,12,30,34,31,35,32,0,10,6,0,0,8,7,0,34,1,0,0,2,25,27,23,26,24,22,19,0,0,21,16,17,0,0,0,13,15,0,28,0,0,0,0,31,8,0,9,7,6,5,6,4,7,9,5,8,31,0,0,32,0,0,25,26,0,27,22,23,20,0,17,19,21,0,34,0,0,3,36,1,14,10,15,13,0,11,24,22,25,27,23,26,13,15,0,0,0,10,7,0,6,9,0,5,0,0,35,1,3,34,16,20,17,21,18,19,32,28,0,0,30,0,18,16,19,21,17,20,7,9,5,0,6,4,1,0,0,3,0,35,32,0,29,31,33,28,0,14,0,0,0,13,26,22,27,0,24,23,30,0,31,33,29,0,0,21,17,20,18,16,13,14,0,0,10,11,8,6,5,7,9,4,0,26,0,0,0,0,0,34,3,1,36,35,12,10,0,15,0,0,0,3,35,0,36,34,31,32,0,33,0,0,26,24,23,0,0,22,0,0,5,9,0,0,20,16,21,0,18,0,11,9,12,14,10,0,36,2,34,1,0,33,30,31,29,0,27,28,25,23,22,24,26,21,3,0,4,0,5,6,0,15,0,0,17,0,5,0,0,8,4,0,30,32,28,31,29,27,0,25,23,26,21,0,0,17,16,18,20,0,0,1,34,2,0,0,13,0,0,12,11,10,29,27,0,32,28,31,0,0,16,0,17,15,0,13,11,0,9,10,7,5,0,0,0,3,0,0,0,26,23,0,0,33,2,36,0,0,17,15,18,0,16,19,6,8,0,7,5,0,36,0,35,0,33,0,31,29,0,30,0,27,9,13,10,14,11,12,25,21,0,24,0,22,23,21,24,26,22,25,12,0,10,13,11,0,6,7,5,0,3,0,1,35,34,36,0,33,15,0,16,20,17,18,31,27,0,0,29,0,35,33,36,2,34,1,0,26,22,0,0,21,18,0,0,20,15,16,0,0,0,12,0,0,27,31,0,32,29,30,7,3,8,6,5,4,1,0,2,4,0,3,26,28,24,27,0,23,20,21,0,0,0,0,0,0,12,0,0,11,29,33,0,34,0,32,0,5,10,8,0,0,25,0,0,28,24,27,0,16,12,15,13,11,0,9,7,0,0,6,3,0,0,2,4,0,17,0,18,22,0,20,0,29,34,32,31,30,13,11,0,16,12,15,2,4,0,3,0,35,32,33,0,0,0,30,0,25,24,26,0,0,5,9,0,10,0,8,0,17,0,0,0,0,31,29,32,34,30,33,20,0,18,0,0,17,0,15,13,16,11,0,9,0,6,8,0,5,23,0,0,28,25,26,3,35,4,0,0,0,7,5,0,10,6,0,32,0,30,33,31,29,26,0,25,28,0,0,21,19,18,20,22,17,0,3,36,4,1,2,15,11,16,14,13,12,0,17,20,22,18,21,0,10,6,9,7,5,2,3,1,0,35,0,0,31,0,0,0,0,0,0,12,0,13,14,27,23,0,26,0,0,0,19,22,24,20,0,10,12,0,11,9,0,0,5,0,6,1,2,35,33,32,34,36,0,0,17,0,18,0,0,29,25,0,0,0,0,15,13,0,0,0,0,4,6,2,5,3,1,0,35,0,0,0,32,29,27,26,0,30,25,7,0,0,0,9,10,23,0,0,22,21,0,3,0,4,6,0,5,28,30,0,29,0,0,22,23,21,0,19,20,0,0,14,16,18,13,31,35,32,0,0,34,11,7,12,0,0,8,33,31,34,36,32,35,22,24,20,23,21,0,16,17,15,18,13,0,11,0,0,10,12,7,0,29,0,30,0,28,5,1,6,4,3,2,9,0,0,12,0,11,34,36,0,0,33,0,0,29,27,30,0,0,0,0,0,0,0,0,0,5,0,6,3,4,17,0,18,16,15,14,27,25,0,30,0,0,16,0,14,17,15,13,10,11,0,12,7,8,5,3,0,0,6,1,19,23,0,0,0,22,35,31,36,34,0,32,0,0,0,19,0,18,5,0,3,6,0,2,0,36,0,1,32,0,0,0,27,29,31,26,0,0,9,13,10,11,24,20,25,23,22,21,4,0,5,0,0,6,29,0,27,30,0,26,23,24,22,25,20,0,18,16,0,0,19,0,32,36,33,1,34,35,0,0,13,11,10,9,0,0,0,0,0,24,11,0,9,12,10,8,5,0,0,0,0,0,0,34,33,0,1,0,14,0,15,0,16,0,30,26,31,29,28,0,10,0,11,13,0,0,35,0,33,36,34,0,0,30,28,0,26,27,0,0,21,0,0,20,0,0,0,0,4,0,18,0,0,17,0,0,28,0,29,0,27,30,0,19,15,18,0,14,11,12,10,0,8,0,6,4,3,5,0,2,0,24,0,25,0,23,36,0,0,0,0,0,34,32,35,0,33,0,0,0,21,24,0,20,17,0,16,19,0,15,12,0,0,11,13,0,26,0,27,0,0,29,6,2,7,5,0,0
0,0,0,20,0,24,17,15,18,0,13,16,33,35,31,0,0,0,10,0,0,8,9,11,3,5,0,1,6,0,0,0,0,27,0,25,7,11,0,0,10,0,0,3,6,0,1,4,21,0,0,20,24,0,0,36,31,32,0,35,27,29,26,0,0,0,0,14,16,0,0,0,31,35,0,32,0,0,0,27,30,26,0,28,9,11,7,0,12,10,22,24,19,20,21,0,15,17,14,13,0,0,6,0,0,3,0,0,0,17,15,0,16,0,11,9,12,8,7,10,0,29,25,0,0,28,4,6,1,2,3,5,33,35,32,0,0,34,24,20,0,21,0,0,1,5,3,0,4,6,35,33,0,0,0,34,15,17,0,14,0,16,0,30,0,26,27,0,21,23,20,0,24,0,0,8,0,9,11,7,25,29,0,26,0,0,23,21,0,0,0,0,3,5,0,2,0,4,16,0,0,0,15,17,9,0,0,7,0,10,0,0,0,0,0,31,32,36,0,33,35,1,30,28,31,27,0,29,10,12,0,9,0,11,0,0,0,21,0,24,16,18,15,14,19,0,0,3,5,4,0,2,0,0,28,27,0,0,24,22,25,21,20,23,4,6,0,3,7,5,17,0,14,15,0,0,10,0,0,0,0,0,1,33,35,34,36,32,0,0,0,0,11,0,0,0,0,3,2,5,22,0,20,0,25,23,35,1,32,0,0,36,0,30,0,0,31,29,0,15,0,16,18,14,0,24,22,21,0,0,0,16,0,15,14,17,0,36,32,33,0,35,11,0,0,0,0,12,0,6,3,0,0,5,31,27,29,28,0,26,2,6,0,0,0,7,36,0,0,33,32,0,16,18,14,0,19,0,29,31,0,27,0,0,22,24,0,20,0,23,13,9,11,10,0,8,14,18,16,0,0,19,12,10,13,0,0,11,0,0,26,27,31,0,0,7,2,0,0,6,34,36,33,32,0,0,0,21,23,22,24,0,0,0,0,7,9,0,4,0,5,0,36,3,20,0,0,19,23,0,33,35,30,0,32,34,26,0,0,24,29,27,17,13,15,14,16,0,30,34,0,31,33,0,28,26,0,25,0,27,0,10,0,7,11,9,21,0,18,19,20,0,14,16,0,0,0,15,5,1,0,0,4,36,0,0,20,0,0,23,16,0,17,13,12,0,32,34,0,0,35,33,9,11,6,7,0,0,0,4,1,0,5,3,29,25,0,26,28,24,12,16,0,13,15,0,10,8,0,7,0,0,0,28,24,25,0,27,0,5,0,0,2,0,32,0,31,30,0,33,23,0,0,20,22,18,0,28,26,0,0,29,22,20,23,0,18,21,2,4,0,0,0,3,0,17,12,0,14,16,8,0,7,6,0,9,35,0,33,32,0,30,36,4,2,0,0,0,34,32,35,31,30,33,14,16,12,13,17,15,27,29,24,0,26,0,20,22,19,0,23,21,11,7,9,0,0,6,27,0,0,0,30,32,0,23,26,0,21,24,5,0,0,4,8,0,0,0,0,16,17,19,11,13,10,9,14,12,2,34,36,35,1,33,0,0,11,10,12,0,7,5,0,4,3,0,23,0,0,22,26,0,36,0,33,0,35,1,0,0,0,27,0,30,0,16,0,17,0,15,3,7,0,4,6,0,0,0,0,0,0,0,17,19,15,16,20,0,30,32,27,28,0,0,23,25,0,0,26,0,14,10,0,11,0,9,15,19,17,0,0,20,0,11,14,10,0,0,29,31,0,28,32,30,6,0,0,4,0,0,35,1,34,33,2,0,0,22,24,23,0,21,21,25,0,0,24,26,19,0,20,0,15,0,0,1,33,0,2,36,0,14,9,10,11,13,0,7,4,0,8,6,0,28,0,0,0,0,33,1,0,0,36,0,0,0,32,28,27,0,0,13,9,10,14,0,0,26,21,22,0,0,0,19,16,0,20,0,8,0,6,5,7,3,34,2,0,35,0,3,32,0,33,29,28,0,12,14,0,0,15,0,25,0,22,23,24,26,0,20,17,16,21,0,0,5,7,6,8,4,0,0,18,17,19,0,0,0,0,11,10,0,30,0,0,29,0,31,7,0,0,5,0,0,0,2,35,34,3,1,27,23,25,24,26,22,0,32,30,0,31,33,0,24,27,0,0,25,0,0,4,0,0,7,0,0,16,17,0,20,0,14,11,0,0,13,3,35,1,36,2,0,0,0,24,0,0,27,20,0,0,0,0,19,36,0,34,35,3,1,0,15,10,11,0,0,6,0,5,4,9,0,0,29,31,30,32,28,10,14,0,0,13,15,8,6,9,5,4,7,24,26,22,0,0,0,0,3,0,35,36,2,30,32,0,28,0,31,0,17,19,18,0,16,0,8,0,0,7,9,0,36,3,35,0,1,0,0,16,17,21,0,0,0,28,0,0,0,0,0,0,22,27,0,15,11,0,12,0,10,0,21,19,18,0,22,15,13,16,0,11,0,31,0,0,0,34,32,8,0,5,6,7,9,1,3,36,35,0,2,0,0,0,0,27,23,35,3,1,0,2,0,33,0,34,30,0,32,13,0,11,0,0,14,0,0,0,24,25,27,0,21,0,17,22,0,0,6,8,7,9,0,23,27,25,24,26,28,21,19,22,18,17,20,1,3,35,36,4,2,0,16,11,12,13,15,7,9,6,0,0,8,34,30,32,0,0,29,0,15,0,12,14,16,0,7,10,0,0,0,25,0,23,24,28,26,0,4,0,0,1,0,31,33,30,29,34,0,22,18,20,19,21,0,0,0,0,0,0,34,27,25,0,24,23,26,7,0,5,0,10,8,20,0,17,18,19,21,13,15,0,11,0,0,4,0,0,1,3,35,0,0,7,6,0,0,3,1,0,36,0,2,19,0,17,0,0,20,32,34,0,30,31,33,25,27,0,23,28,0,0,12,0,0,0,0
33,0,0,0,32,34,0,0,6,0,3,0,21,22,20,24,23,19,7,10,9,0,8,11,13,16,0,0,0,14,0,25,0,27,0,0,15,13,0,0,14,16,0,0,24,22,0,23,0,4,0,6,5,0,25,28,27,30,0,29,0,0,0,33,36,32,8,7,0,0,12,0,27,0,0,30,26,28,0,31,36,0,0,0,0,0,14,0,17,13,0,4,3,0,2,5,0,10,11,9,0,8,0,19,22,21,0,23,21,19,23,24,20,0,0,0,30,0,0,29,9,10,8,12,0,0,31,34,0,36,32,35,0,4,5,3,6,2,14,0,16,15,0,17,9,7,11,0,0,10,14,0,0,0,15,17,0,0,32,36,35,31,19,0,21,24,0,23,25,28,0,0,0,0,2,1,4,0,6,5,3,0,5,6,2,0,0,0,12,10,0,0,0,0,26,30,29,0,13,16,15,0,14,17,0,22,0,21,0,0,32,31,34,0,36,35,0,0,13,14,0,12,16,0,0,18,17,0,35,36,0,2,1,33,21,0,0,26,0,25,27,30,31,0,0,28,4,3,6,5,8,0,17,0,19,0,0,18,0,21,26,0,0,25,5,6,4,8,0,3,27,30,0,0,28,0,33,36,0,35,2,34,10,0,12,11,14,13,35,0,1,2,34,36,4,0,8,0,0,0,0,24,22,26,25,0,0,12,11,0,10,0,0,18,19,17,20,16,0,0,30,29,0,31,23,0,25,0,22,24,28,27,32,30,29,0,11,12,10,14,13,9,33,36,35,2,34,0,0,6,0,5,8,0,0,15,18,17,20,19,0,0,7,8,4,0,10,0,14,12,0,0,0,30,28,0,31,27,15,18,17,20,16,19,21,24,25,23,26,22,0,0,36,35,2,1,29,0,0,0,0,30,34,0,0,36,35,1,17,0,16,0,0,15,3,6,5,0,4,7,9,0,13,11,14,0,22,21,24,23,26,25,0,26,30,0,27,29,0,32,1,0,34,0,0,17,15,19,18,14,2,5,0,0,3,6,8,11,0,0,0,9,0,20,0,22,25,24,22,20,24,25,0,23,27,26,31,0,0,30,10,11,0,13,12,8,32,35,34,0,33,36,0,5,6,4,7,3,0,0,0,0,19,18,0,0,18,19,15,17,0,20,0,23,0,0,4,5,3,0,6,2,26,0,28,31,27,30,32,0,36,0,0,33,9,8,0,0,13,0,0,0,0,1,33,0,3,2,0,5,4,0,22,23,21,25,24,0,8,0,0,0,0,0,14,17,18,16,19,15,0,26,29,28,31,30,4,2,0,0,3,5,0,0,13,11,0,12,28,29,0,0,0,0,0,17,16,19,15,0,20,0,24,22,25,0,33,0,35,0,1,36,10,0,12,13,9,11,0,0,19,0,16,0,34,0,33,0,36,0,20,23,0,25,21,24,26,29,30,0,31,0,3,2,0,0,7,6,12,0,0,15,11,13,17,0,0,0,18,0,0,1,35,3,2,0,22,25,0,0,23,0,0,31,32,0,0,29,5,0,7,6,9,8,0,0,32,33,0,31,0,0,3,1,36,2,18,19,17,21,20,16,0,0,0,0,5,8,0,0,14,12,15,11,23,22,25,24,27,26,18,16,20,21,17,19,23,22,27,25,24,26,6,0,0,0,0,4,0,31,0,33,29,0,34,0,2,36,3,35,11,10,0,12,0,14,36,0,0,3,35,0,5,0,0,0,0,8,24,25,23,27,26,22,10,13,12,15,11,14,16,0,0,18,21,17,0,28,0,30,33,32,0,0,26,0,23,25,29,0,0,0,0,0,12,13,0,0,14,10,34,0,36,3,35,0,4,0,0,0,9,0,17,16,19,0,21,20,0,0,8,9,5,7,0,10,0,0,12,14,30,31,29,33,0,0,16,19,0,21,17,20,22,0,26,24,27,0,35,34,0,36,0,0,13,11,15,16,0,0,18,0,0,20,0,21,0,2,0,0,3,0,23,0,0,28,24,0,0,32,33,0,34,30,6,5,8,7,10,0,1,35,3,0,0,2,0,0,10,8,7,9,25,26,24,28,27,23,11,0,0,16,12,15,17,20,21,0,0,0,0,0,0,0,0,33,7,0,9,10,6,8,12,11,16,14,13,15,31,32,0,0,33,29,17,20,19,0,18,21,23,0,27,25,28,24,36,35,2,1,4,3,0,29,33,34,30,0,0,35,4,2,0,3,19,20,0,0,21,0,5,8,7,10,6,9,11,14,15,0,16,12,24,0,26,25,28,27,0,0,27,28,24,26,30,0,34,32,31,33,13,14,12,16,15,11,35,2,1,0,36,0,5,8,9,7,0,6,0,0,20,19,0,0,19,17,21,0,0,20,24,23,28,26,0,27,7,0,6,10,0,5,29,32,0,34,30,33,0,2,3,1,4,36,0,11,14,13,16,15,0,6,0,0,7,9,0,0,17,15,14,16,0,33,31,35,0,30,0,21,0,23,0,0,0,27,0,26,0,0,0,36,0,2,0,4,0,30,34,35,0,0,1,36,0,3,2,0,20,21,19,23,0,0,6,9,8,0,0,10,12,15,16,14,17,0,25,24,0,26,29,28,0,0,4,5,0,3,7,0,11,0,8,0,26,27,0,0,0,24,12,0,0,17,0,16,0,21,22,0,23,19,31,30,0,32,35,34,14,12,16,17,13,0,0,0,23,21,0,22,2,3,0,5,0,0,24,27,26,29,0,0,30,33,0,32,35,31,0,6,0,8,0,0,26,24,0,29,25,27,31,30,35,0,0,0,14,0,13,0,16,12,36,3,2,5,1,4,6,0,10,8,11,7,0,18,21,0,23,22,0,18,22,23,19,0,25,24,29,27,0,0,8,0,7,11,10,6,0,0,32,0,0,34,36,0,0,0,5,0,13,12,15,14,17,16
23,25,26,27,0,0,35,4,36,2,3,1,15,16,0,0,11,12,9,6,10,8,5,7,33,32,34,0,0,30,0,0,0,19,0,0,0,0,8,9,10,0,17,22,0,20,0,19,33,34,32,31,29,30,27,24,28,26,23,0,15,14,16,0,0,0,35,2,0,1,0,3,29,31,32,0,34,0,5,10,0,0,9,7,21,22,0,19,17,0,15,12,16,0,0,13,3,2,4,0,1,36,0,26,0,0,24,27,11,0,0,15,0,12,23,28,0,0,0,25,3,4,2,1,35,36,33,30,34,0,29,0,21,0,22,17,19,0,5,0,0,7,6,9,17,19,0,21,22,18,29,34,30,0,33,0,9,10,8,0,5,6,3,0,4,2,35,1,0,26,0,23,25,24,11,14,16,0,0,15,0,1,2,3,4,36,0,0,12,14,15,13,27,0,0,25,23,0,0,0,0,0,17,19,0,0,10,0,7,6,29,0,34,0,30,33,0,33,34,35,36,32,0,12,0,0,11,9,0,24,22,21,19,20,17,14,18,16,0,15,5,0,0,1,3,0,25,28,30,27,26,0,0,3,4,0,0,0,13,18,14,0,17,15,29,30,0,0,25,0,23,0,24,22,0,21,0,0,0,7,9,8,31,34,36,0,0,35,0,27,0,29,30,0,1,6,2,4,5,3,17,18,16,15,13,14,11,8,0,0,0,0,35,0,36,0,33,32,0,22,24,21,0,0,19,0,22,23,24,20,31,36,32,34,0,33,11,0,10,0,0,8,5,0,0,0,0,0,29,0,30,25,0,0,0,16,18,15,0,17,0,0,16,0,18,14,25,30,26,28,29,0,5,0,4,0,0,2,35,0,36,34,31,0,23,22,0,19,21,0,7,10,12,0,8,11,0,0,10,0,12,0,19,0,0,22,23,21,35,36,34,0,31,0,0,26,0,0,25,27,17,0,0,13,15,14,1,0,6,3,0,5,16,0,0,20,0,17,28,0,0,31,32,0,8,0,7,0,0,5,0,35,0,1,34,36,26,25,0,22,24,0,10,0,15,12,11,14,0,0,13,14,0,11,0,27,0,25,26,24,2,0,1,36,0,0,32,29,33,0,28,30,0,0,0,16,18,17,0,0,9,6,0,8,0,30,0,32,33,29,4,0,5,0,8,6,20,0,19,18,16,0,14,11,15,13,10,0,0,0,3,0,36,35,0,25,27,24,0,0,0,0,0,2,0,35,0,0,11,13,14,0,26,27,25,0,22,23,20,0,21,19,0,0,0,7,9,4,6,0,28,31,0,0,29,0,22,0,0,0,0,23,34,3,0,1,0,36,14,15,0,12,0,11,8,5,9,0,4,6,32,31,33,28,30,29,16,0,0,0,17,20,4,6,7,8,9,0,0,0,17,19,0,18,32,33,31,30,28,29,26,0,0,25,22,24,14,13,15,10,12,11,34,0,3,0,0,2,2,4,5,6,7,0,14,19,15,17,0,16,30,31,0,0,26,27,0,21,25,23,0,22,12,11,13,8,10,9,0,35,1,34,33,0,8,0,0,0,13,9,20,25,21,23,24,22,0,1,0,34,0,33,0,27,0,29,26,28,0,17,19,0,0,15,2,5,0,4,0,0,0,22,23,24,0,21,0,1,0,35,36,34,12,13,11,10,0,9,6,3,7,5,0,4,0,0,0,26,0,0,14,0,19,16,15,18,0,0,0,0,1,0,8,13,0,0,12,0,24,25,0,0,20,0,18,0,19,17,0,16,6,5,7,0,4,3,26,0,31,0,27,0,0,28,0,0,31,0,2,7,3,0,0,0,18,0,17,16,0,15,12,9,0,0,8,10,36,0,1,32,0,33,20,0,0,0,0,24,0,16,17,18,19,0,26,31,27,29,30,0,6,7,5,4,0,0,0,33,1,35,32,34,24,23,0,20,22,0,0,0,0,10,0,12,27,29,30,31,0,28,3,0,0,0,7,0,0,20,18,0,15,16,13,10,0,12,0,11,1,0,0,0,35,34,21,24,26,0,0,25,3,0,6,7,8,0,0,0,16,0,19,17,0,32,0,29,27,28,25,22,26,0,0,0,13,0,0,0,11,10,33,36,0,0,34,0,21,23,24,0,0,0,33,2,34,36,0,35,0,14,12,11,9,0,7,4,0,0,3,0,0,0,0,27,29,28,0,0,0,17,0,19,33,0,0,1,0,34,9,14,0,0,13,11,25,0,24,23,21,22,19,0,0,0,15,17,7,6,0,3,0,4,0,30,0,0,28,31,9,11,0,0,14,10,0,0,22,24,25,23,0,2,36,0,33,0,0,0,32,30,0,29,19,0,20,0,0,0,3,6,8,0,0,0,15,0,0,19,20,0,27,0,28,30,31,29,7,0,0,5,3,0,1,0,2,0,33,0,0,24,0,0,23,22,9,12,14,0,10,13,0,0,9,10,11,0,18,0,19,21,0,0,34,35,33,0,0,31,28,0,0,0,0,0,16,0,17,12,0,13,36,3,5,2,0,0,0,26,27,28,29,25,36,0,0,3,0,0,0,17,0,14,12,13,0,7,11,9,6,8,0,33,0,0,32,31,18,21,23,0,19,0,0,0,21,22,0,19,30,35,31,33,0,0,10,11,9,8,0,7,0,1,0,0,36,2,28,0,29,24,26,25,12,15,17,14,13,16,0,32,33,34,0,31,0,0,7,0,0,8,22,0,0,20,18,19,16,13,17,0,12,0,4,0,0,36,2,1,24,27,0,0,0,0,0,0,3,4,0,0,0,0,13,0,16,14,0,29,27,0,0,25,22,0,0,21,0,20,10,0,11,0,0,7,30,33,35,32,31,0,0,14,0,16,17,0,24,0,25,27,28,26,0,0,0,2,0,0,34,31,35,33,30,32,0,21,23,0,20,19,0,9,0,8,7,0
0,0,9,0,11,10,21,22,0,18,0,0,0,34,30,33,31,35,3,2,36,5,1,0,0,0,12,0,15,17,0,25,27,29,26,0,14,0,15,0,17,0,27,28,29,24,0,25,2,0,36,3,0,5,9,8,6,11,7,0,19,20,18,22,21,0,34,0,0,0,32,0,26,24,27,25,29,28,3,0,0,36,2,1,14,16,12,15,13,0,0,0,18,23,19,22,31,0,0,34,0,0,10,7,9,11,0,0,0,0,3,0,5,4,15,16,0,12,0,13,0,28,24,27,25,29,0,0,0,35,31,0,0,0,6,0,9,11,0,19,21,23,0,18,20,0,21,0,0,22,0,0,35,30,32,31,0,10,6,9,0,0,15,14,0,0,0,16,0,26,24,28,27,29,4,1,3,5,2,36,0,30,0,31,35,34,0,10,11,6,8,7,0,22,18,21,19,0,27,0,24,0,0,28,0,2,36,4,3,0,0,0,0,17,0,12,0,8,0,9,13,12,23,24,0,20,0,21,0,36,0,35,33,1,0,4,0,0,0,6,0,0,0,0,17,19,30,27,0,31,0,0,34,0,35,0,1,36,11,0,13,0,0,9,0,0,0,23,21,25,29,28,26,31,27,30,3,0,0,0,5,0,18,15,0,19,0,0,16,14,0,15,0,18,29,0,31,26,28,27,4,6,2,5,3,7,0,10,8,0,0,12,0,22,20,0,23,25,0,0,35,0,34,32,0,0,29,27,31,0,5,6,7,0,4,3,0,18,14,0,0,19,23,22,0,25,21,24,0,34,0,0,35,0,0,0,11,13,10,8,4,2,0,3,0,6,17,0,0,14,16,15,0,30,0,0,27,31,35,34,32,1,33,36,9,10,8,12,0,0,0,21,0,25,0,0,22,20,0,0,0,0,0,0,0,0,0,0,10,0,8,11,9,13,17,16,14,19,0,0,27,28,26,0,29,0,0,3,5,0,0,2,0,3,6,0,8,7,0,0,0,0,0,16,29,0,27,0,28,32,36,0,33,2,34,1,10,0,9,0,12,14,25,22,0,26,23,0,11,0,12,10,14,0,0,25,26,21,23,0,0,0,0,0,34,0,6,0,3,0,4,7,16,17,15,19,18,0,31,28,0,32,29,27,0,0,18,16,0,19,30,0,32,27,0,28,5,7,3,6,4,8,12,0,0,14,10,13,22,23,21,25,24,0,1,0,36,0,0,0,29,27,30,28,32,0,0,0,0,0,5,4,0,19,15,0,16,20,24,23,21,26,22,25,0,35,0,1,36,2,13,0,12,0,0,0,23,21,24,0,26,25,36,1,2,33,0,34,11,13,9,0,10,14,18,17,0,0,16,19,0,29,27,31,0,0,7,0,6,0,5,0,35,33,36,34,2,0,12,13,14,0,0,10,23,25,21,24,0,0,30,29,27,32,0,0,4,5,3,0,6,0,19,0,18,20,0,0,0,0,28,26,0,29,4,5,0,1,0,0,15,17,0,16,14,18,22,0,19,0,0,0,32,0,0,35,34,36,11,8,10,12,0,7,21,19,0,0,24,23,34,35,0,0,33,32,0,11,7,0,8,12,16,0,13,18,0,0,0,27,25,29,28,30,0,0,4,6,0,1,0,0,10,8,12,11,22,23,24,0,0,0,33,0,31,0,0,0,4,3,0,6,0,0,14,0,13,17,16,18,29,0,28,0,27,25,3,0,0,2,6,5,16,17,0,13,0,0,27,29,0,0,0,30,0,0,31,36,32,35,8,9,7,0,0,0,23,20,0,24,21,19,33,31,34,32,36,35,0,11,0,7,9,0,0,23,19,0,20,24,28,27,25,30,0,0,0,3,0,5,0,0,0,14,0,18,0,13,15,13,0,0,18,17,28,29,30,0,0,26,0,5,0,4,2,6,0,9,7,12,8,11,20,0,0,0,0,24,35,32,34,36,33,0,31,0,32,30,34,33,8,9,0,5,7,0,19,0,0,0,18,0,26,25,23,0,0,0,0,1,35,3,2,0,15,0,14,16,13,0,0,23,26,0,28,27,2,3,4,35,0,0,13,15,11,14,0,0,20,19,17,0,18,21,0,0,29,33,32,34,9,6,0,0,0,5,0,0,14,12,16,15,26,27,28,0,0,24,1,3,35,0,0,4,8,0,5,0,0,9,18,0,17,0,20,22,0,0,32,34,31,29,0,0,0,6,10,0,0,21,0,17,19,18,0,33,29,0,0,34,0,0,0,4,0,3,0,0,11,0,14,0,27,24,26,28,25,0,0,0,20,0,22,0,0,33,34,29,31,30,0,9,0,0,6,10,0,13,11,0,0,15,24,25,23,0,26,28,3,36,2,4,0,35,1,35,2,36,4,3,14,15,0,0,13,12,0,27,23,26,24,0,32,0,29,34,0,0,0,7,5,9,8,0,21,18,20,22,19,0,24,22,25,0,27,0,0,2,0,34,36,0,12,14,10,13,11,15,0,18,0,21,17,20,29,30,0,32,0,0,8,0,0,0,0,4,36,34,1,35,0,0,13,14,15,0,0,11,24,0,0,0,23,27,31,0,28,33,29,32,5,0,4,0,0,0,20,0,0,21,0,16,30,0,31,29,33,0,7,8,9,4,0,5,0,20,16,19,0,21,0,24,0,27,23,0,0,0,34,2,1,3,0,11,13,0,0,10,18,16,0,17,21,20,0,32,33,0,30,29,6,8,0,7,0,9,13,0,0,15,11,14,23,24,22,0,0,0,0,35,1,3,0,0,0,10,0,11,0,14,25,0,0,0,24,23,36,0,0,1,0,0,7,6,4,0,5,0,17,18,16,20,19,21,0,29,31,0,30,28,6,4,0,5,9,8,0,0,21,16,0,0,30,0,0,31,29,0,1,0,0,0,0,2,0,12,10,14,0,15,26,0,25,27,24,0
0,6,1,0,3,4,21,23,22,19,24,20,0,0,12,11,0,0,0,25,30,0,0,0,0,0,0,15,17,0,32,34,36,0,0,0,0,0,31,32,33,34,0,17,16,0,18,14,3,4,6,5,0,2,22,19,24,23,21,20,0,10,12,9,11,0,26,28,0,29,0,27,11,12,7,0,0,0,27,29,28,0,30,26,15,16,18,0,13,14,0,31,36,0,33,0,0,22,24,0,23,20,2,4,6,5,1,3,17,18,13,0,15,0,33,35,34,0,36,32,0,22,0,0,0,0,0,1,6,5,3,0,25,28,30,27,0,26,0,10,0,11,7,0,23,0,19,20,0,22,0,5,4,0,6,2,0,0,30,0,0,26,0,7,12,0,0,8,0,34,36,0,35,0,14,16,18,0,0,0,29,30,0,26,27,0,9,0,10,7,12,0,0,34,36,35,31,32,0,0,0,0,15,14,1,4,0,3,0,2,0,22,24,23,19,21,10,11,6,7,8,9,26,0,0,24,0,25,0,15,17,16,12,13,0,30,35,34,0,0,18,0,0,20,22,19,0,3,0,4,36,2,0,0,0,13,14,0,0,34,33,30,0,31,0,0,23,22,0,19,3,36,5,4,2,0,24,0,0,0,0,25,0,9,11,10,6,0,28,29,24,25,0,27,8,10,0,0,11,0,32,0,35,0,0,31,15,12,17,16,14,0,36,3,0,0,0,0,0,21,23,22,0,0,0,5,0,0,0,3,20,0,21,18,0,19,0,9,11,10,6,7,0,24,29,0,0,25,12,15,17,14,16,13,0,33,35,0,0,32,22,0,0,19,0,0,0,4,3,36,0,1,26,27,29,0,24,0,9,6,11,10,8,7,30,0,0,0,34,31,13,15,17,16,12,14,0,0,30,31,0,33,14,0,15,12,17,0,2,3,5,0,0,1,21,18,0,0,20,0,6,0,0,0,10,7,25,27,29,28,24,26,6,0,0,3,0,0,22,24,23,20,0,0,10,0,13,0,8,9,29,0,31,0,28,0,0,17,19,16,0,15,33,35,0,36,32,34,0,19,14,0,16,0,0,36,35,32,1,0,22,0,0,24,0,21,5,2,7,6,0,0,0,29,0,28,30,27,0,11,0,12,0,0,24,25,20,21,0,0,4,6,0,0,7,3,0,29,0,0,0,0,0,8,0,12,10,0,0,35,0,34,36,33,15,17,0,18,14,0,0,0,8,9,10,11,28,0,29,26,31,27,16,17,19,18,14,15,35,0,1,0,0,0,20,23,0,22,24,0,3,5,7,6,2,4,30,0,26,0,28,29,10,12,0,0,13,9,34,35,0,0,32,0,17,14,19,18,0,15,0,5,7,4,6,0,21,0,25,24,20,22,36,0,32,33,34,0,16,18,17,14,19,15,4,5,0,0,0,3,23,20,0,0,22,21,8,11,13,0,0,9,27,29,31,0,0,28,13,0,0,10,0,12,29,31,30,27,32,0,0,18,0,0,15,16,36,33,0,1,0,0,21,0,26,0,25,22,4,6,0,7,3,5,31,32,0,28,0,30,0,0,12,9,14,10,0,36,0,0,0,34,0,15,0,19,17,0,0,0,8,5,7,4,22,24,26,25,0,0,1,0,33,0,0,0,17,0,0,15,20,16,5,6,8,7,3,4,24,21,26,25,23,22,9,12,14,0,0,0,0,30,32,31,0,0,0,8,3,4,5,0,23,25,24,21,26,22,11,12,14,13,0,0,30,27,32,0,29,28,0,0,20,17,0,0,34,36,0,0,33,0,19,20,0,16,17,18,35,1,36,0,2,34,23,24,26,25,0,22,6,3,0,7,5,4,27,0,0,29,31,28,0,0,0,13,9,11,0,26,21,0,0,24,0,7,6,0,0,4,0,0,32,0,27,28,12,0,14,13,11,0,0,36,0,0,0,0,16,18,0,0,15,0,0,10,5,6,7,8,0,0,26,0,28,24,13,14,0,15,11,12,32,29,34,0,31,30,17,0,22,19,21,18,0,2,4,3,0,1,0,4,35,0,1,0,0,21,20,0,0,0,0,8,10,0,5,6,0,23,28,27,25,24,11,14,16,13,0,12,30,0,34,0,0,31,0,22,17,18,0,20,1,0,0,35,0,36,25,26,0,27,0,0,8,0,10,9,0,6,29,0,0,0,0,0,12,14,16,15,11,13,27,0,23,24,0,0,7,9,0,5,10,6,0,0,34,33,29,30,14,0,16,15,0,0,0,2,4,1,3,36,0,0,22,21,17,19,15,16,11,0,0,0,31,0,32,0,34,30,19,20,22,21,17,0,2,0,0,0,1,0,0,26,28,0,27,24,0,8,0,9,5,7,33,34,0,30,0,32,13,15,0,0,16,0,1,2,4,3,0,36,20,17,0,21,0,18,5,8,0,7,9,0,24,0,28,27,0,0,20,0,0,17,18,19,36,0,1,0,3,35,24,0,27,0,22,23,7,4,0,0,6,5,28,0,0,30,0,0,0,0,15,14,0,12,0,0,22,23,0,25,6,8,0,0,0,0,30,0,33,0,28,29,0,10,15,14,12,11,34,1,0,0,2,35,0,19,0,0,16,18,32,33,28,0,0,31,12,14,0,10,0,11,36,1,3,0,34,35,19,16,21,20,0,0,4,0,9,0,8,0,23,0,27,0,0,24,14,15,0,11,0,13,30,32,0,0,33,29,0,19,21,0,0,0,1,34,3,2,36,35,22,25,27,24,26,23,0,7,9,0,4,6,2,3,34,0,36,1,18,20,19,16,21,0,6,7,0,8,4,5,25,22,27,26,24,23,10,0,0,12,14,11,29,0,0,32,0,0,8,9,0,0,0,7,0,26,0,0,27,23,12,13,0,0,0,0,0,28,33,32,30,0,0,19,21,18,0,0,35,0,3,2,34,36
23,0,21,0,25,22,3,2,0,0,4,5,17,15,14,18,16,0,11,12,10,0,0,0,28,31,29,0,26,27,0,36,34,0,33,1,5,0,0,0,0,0,0,0,0,25,22,23,35,33,0,36,34,1,29,30,28,26,27,0,10,13,11,12,8,9,0,18,0,17,0,19,17,14,15,0,19,16,33,0,0,0,0,0,11,9,8,0,0,0,0,6,4,2,0,7,22,25,23,24,0,21,26,30,28,0,27,31,35,32,33,36,1,34,15,0,18,0,16,17,0,27,0,30,28,31,23,24,22,20,0,25,4,0,5,6,0,3,8,12,10,11,0,13,29,0,27,30,0,28,9,8,12,13,10,0,0,21,0,0,22,0,0,18,16,14,0,0,34,0,35,36,0,33,0,6,0,5,3,7,0,8,9,0,13,10,27,26,30,31,0,0,5,3,0,6,4,0,0,36,0,32,33,1,0,19,0,0,14,15,20,24,22,23,21,0,0,35,36,3,0,0,18,0,21,0,19,20,0,0,29,0,0,0,26,27,25,23,24,0,7,10,8,0,5,0,11,0,0,14,12,16,20,17,0,21,0,0,36,35,3,0,0,2,0,0,11,0,0,0,0,9,0,5,6,10,25,28,0,27,23,24,29,33,31,32,0,34,0,0,12,15,16,13,30,0,33,34,0,32,0,6,5,9,7,10,0,3,1,35,36,0,0,22,20,0,0,18,23,27,0,0,24,28,32,0,0,33,34,31,12,0,15,0,0,14,26,24,0,27,0,28,20,0,0,17,18,0,0,4,2,0,35,0,0,0,0,8,6,10,8,5,0,0,10,7,24,23,27,0,0,0,2,0,0,0,0,4,32,0,0,0,30,0,0,0,14,15,11,12,17,21,0,0,0,22,0,0,24,27,28,25,6,5,9,0,7,0,20,18,0,21,19,22,14,15,0,11,12,16,31,0,32,33,29,30,0,3,1,2,36,0,0,33,0,1,2,35,16,15,19,0,0,18,30,0,0,31,0,32,24,0,23,21,22,0,5,8,6,7,3,4,0,0,11,12,10,0,24,21,22,0,26,0,4,0,7,0,5,6,18,16,0,19,17,20,0,13,11,0,0,0,29,32,30,31,27,0,0,0,35,36,34,2,0,9,10,13,14,0,0,27,31,0,29,0,6,4,0,7,5,8,0,0,35,33,34,0,17,20,18,19,0,0,21,25,23,0,22,26,0,3,4,0,8,5,22,21,0,0,23,24,36,34,33,1,35,2,0,31,0,0,0,32,0,14,12,0,0,10,15,19,17,18,16,20,30,0,0,0,32,29,10,9,13,0,11,12,24,0,21,0,23,26,18,19,0,15,16,0,35,2,36,1,33,0,3,7,5,0,4,0,0,15,16,0,0,0,34,0,0,2,35,0,12,10,0,13,11,0,0,7,0,3,4,8,23,26,24,0,21,22,0,0,29,0,28,0,0,34,35,0,0,36,0,16,20,21,0,0,0,29,28,32,30,33,25,26,24,22,23,0,0,9,7,8,4,0,10,14,12,13,0,15,31,0,29,32,33,0,11,10,14,15,12,0,0,23,22,26,24,0,19,0,18,0,0,21,0,0,1,2,0,35,4,8,0,7,5,0,0,4,0,0,0,6,23,22,26,27,24,25,0,35,34,2,36,0,31,32,30,28,29,0,12,0,13,0,10,11,0,20,0,0,17,0,0,22,0,26,27,0,5,0,0,0,6,0,19,17,16,0,0,0,13,14,12,10,11,15,30,33,31,0,28,29,0,2,0,1,0,0,19,16,17,0,21,0,35,34,0,3,36,0,13,11,0,0,0,15,7,8,0,4,0,9,0,0,25,0,22,23,0,32,30,31,0,0,13,0,0,0,15,12,29,28,32,33,30,31,7,5,4,0,6,9,0,2,36,34,35,3,18,0,0,0,0,0,0,0,24,25,23,27,27,0,25,0,29,26,0,0,0,0,8,9,21,19,18,22,0,23,15,16,14,12,0,17,0,35,0,34,0,31,0,0,2,3,1,5,9,0,0,10,0,0,25,24,28,0,26,0,3,0,36,0,2,5,0,34,0,0,31,0,14,0,15,16,12,0,0,0,20,21,19,23,3,0,1,4,5,2,19,18,22,23,0,21,33,0,0,34,0,35,0,0,0,24,25,29,8,11,9,10,0,0,12,0,14,0,0,0,15,12,13,16,17,14,0,0,0,35,0,33,9,7,0,0,8,11,3,0,2,36,1,5,20,23,21,22,0,0,0,0,26,0,0,0,21,0,19,0,0,20,0,36,4,5,0,3,15,0,0,0,14,0,9,0,8,0,7,11,0,0,0,28,24,25,30,34,0,33,31,35,0,0,31,34,0,0,13,0,0,17,14,0,27,0,0,0,26,29,21,22,20,18,0,0,0,5,3,4,36,0,6,0,8,0,0,0,0,31,32,35,36,33,14,13,0,18,15,0,28,26,25,29,27,0,22,23,0,0,0,24,3,6,4,5,0,2,0,11,0,0,8,0,16,0,0,0,0,0,32,0,0,36,0,0,0,8,7,11,0,0,0,5,0,1,2,0,21,0,0,0,19,20,0,0,0,0,0,30,22,19,20,23,24,21,2,0,5,0,0,4,0,0,13,17,15,18,10,11,9,7,0,0,0,30,0,29,25,26,0,35,0,34,32,36,0,1,2,5,6,0,20,19,23,0,21,22,34,32,0,0,0,36,28,29,27,25,26,0,9,12,10,11,0,8,13,17,0,16,14,0,0,0,0,0,12,9,0,25,0,0,27,28,0,2,1,5,0,6,34,35,33,31,32,0,15,0,16,17,13,14,19,0,21,22,0,24,0,25,0,0,0,0,8,7,0,0,9,10,0,20,0,0,21,24,16,17,15,13,0,18,0,36,34,0,31,32,1,5,3,4,2,0
0,21,20,23,0,0,16,14,0,0,0,19,27,0,0,0,31,29,0,12,8,10,0,13,32,36,0,0,1,34,2,0,0,0,0,7,0,0,14,17,0,0,10,8,0,0,12,0,21,0,0,0,25,23,0,0,2,4,0,0,0,0,29,27,0,28,32,35,34,33,36,1,0,0,2,0,0,0,34,32,0,33,36,1,9,10,0,0,0,11,29,30,26,0,27,31,14,18,0,15,19,16,20,0,22,21,0,0,36,33,32,35,1,34,28,26,29,0,0,0,0,0,0,0,0,5,23,24,20,22,0,0,0,0,11,9,0,10,0,17,16,15,0,0,12,9,8,11,0,10,4,2,5,3,0,7,15,16,18,0,19,17,35,0,0,34,0,0,20,0,23,0,25,0,0,29,28,27,30,0,30,27,26,29,0,28,0,20,0,0,0,25,33,34,36,32,0,35,0,18,14,0,15,19,2,6,5,3,7,4,8,0,10,9,0,13,4,0,36,3,0,0,0,30,0,0,34,35,7,0,10,0,11,9,0,0,0,0,0,0,0,16,0,13,17,14,18,0,20,0,22,23,22,0,18,21,0,20,14,12,0,13,16,17,25,26,28,24,29,27,0,0,6,0,0,0,30,0,33,0,0,32,0,3,2,0,0,5,34,31,30,0,0,32,0,24,0,25,28,0,0,2,0,0,5,3,0,22,18,20,0,23,6,0,9,0,0,8,12,15,0,13,16,17,28,25,0,27,0,26,0,18,21,0,22,23,0,32,0,30,0,0,15,16,0,14,13,17,36,0,3,1,5,0,0,9,0,7,10,0,10,0,6,9,0,8,0,0,3,1,4,5,13,14,16,0,0,15,33,34,0,0,0,35,18,22,21,19,23,20,0,27,0,25,0,0,0,0,12,15,17,14,0,6,0,0,10,11,0,20,22,0,23,21,3,4,0,2,0,0,0,28,0,0,0,26,30,33,32,0,34,35,0,18,17,0,22,0,0,11,14,12,15,16,24,25,0,23,28,0,8,0,5,7,6,10,0,33,0,0,0,31,0,0,0,36,3,4,27,24,23,26,0,0,0,17,0,18,21,22,30,31,33,0,34,0,14,15,11,0,0,0,0,3,0,0,4,0,0,8,0,6,9,10,33,30,0,0,0,0,0,23,26,24,0,28,0,1,3,35,4,0,20,21,0,0,0,22,0,0,8,0,10,0,11,14,13,12,15,0,0,36,35,2,4,0,31,0,0,30,33,0,0,7,0,0,10,8,0,27,0,25,24,28,11,15,0,12,0,0,0,20,19,18,21,22,9,6,5,0,10,7,0,35,0,36,3,4,12,13,15,11,0,0,32,0,29,0,0,34,0,21,20,18,22,19,0,0,0,0,0,28,15,12,0,0,16,13,0,0,0,6,0,10,0,0,21,0,22,20,0,0,35,1,36,0,23,0,0,0,0,25,29,32,31,30,0,34,29,26,25,28,30,27,0,19,0,0,23,24,32,0,0,31,36,34,16,0,0,15,14,0,0,5,4,2,6,3,0,10,0,0,0,12,11,8,0,0,12,0,3,1,4,2,5,0,0,15,0,0,18,16,34,0,31,33,32,36,19,23,0,20,24,0,0,28,27,26,0,30,5,2,1,0,6,3,0,0,34,0,0,36,0,9,0,0,0,10,0,0,25,0,26,30,0,17,0,0,0,0,19,0,21,0,23,24,17,0,13,0,18,0,9,7,0,8,0,12,20,21,0,0,0,22,4,5,0,0,0,6,25,29,0,26,0,27,31,34,33,32,35,36,35,32,31,34,36,33,0,25,28,26,29,30,0,3,5,0,6,4,22,23,19,21,0,24,7,11,10,8,0,9,13,16,15,0,0,0,0,0,19,0,24,0,15,13,16,14,17,0,26,27,29,0,0,0,10,11,0,0,8,12,31,35,34,32,36,33,1,4,3,2,5,6,14,11,0,13,15,0,0,0,7,5,8,9,0,18,20,0,0,19,1,2,34,36,0,3,0,0,0,0,27,0,0,31,0,0,0,33,0,0,22,25,27,24,18,16,0,17,20,0,29,30,0,28,33,31,13,14,0,12,11,15,34,0,1,35,0,36,4,7,6,5,8,9,8,5,4,7,0,6,36,34,1,35,2,3,0,0,0,0,15,0,31,32,28,0,0,33,16,0,0,0,21,18,22,25,24,0,26,0,0,29,28,31,33,0,24,22,25,23,0,0,35,0,2,34,3,1,0,20,0,18,0,21,4,8,7,5,0,6,10,13,12,11,0,0,2,0,0,0,3,36,30,28,31,29,0,0,5,6,8,0,0,7,25,0,22,24,23,0,10,14,0,0,0,0,16,19,0,0,0,0,20,17,16,19,21,18,12,0,13,11,14,15,23,24,26,22,27,0,7,8,4,6,5,9,0,0,31,29,33,30,34,0,0,0,2,0,7,0,3,6,8,0,35,0,36,0,1,2,0,11,13,9,14,12,30,0,27,29,28,0,0,19,18,16,20,17,0,24,23,22,0,0,0,10,9,0,0,11,5,3,0,4,7,0,16,17,19,15,0,18,36,0,33,35,0,0,21,25,24,0,26,0,0,30,0,0,31,0,19,0,15,0,20,17,11,9,0,0,0,0,22,0,25,21,0,24,6,7,3,5,4,0,0,0,30,28,32,0,0,36,0,34,1,2,31,0,27,30,32,29,23,0,24,22,0,26,34,0,0,0,0,36,0,19,15,17,0,0,3,7,6,0,8,5,9,12,0,10,0,0,0,0,0,0,2,35,29,27,30,0,31,32,0,5,7,0,8,6,24,25,21,0,22,0,9,0,12,0,0,11,15,0,17,0,19,20,25,22,21,0,26,23,17,0,18,0,19,0,0,0,0,27,0,30,12,13,0,11,10,0,33,1,0,34,0,35,0,6,0,4,7,8
0,16,0,11,15,14,0,7,0,6,9,8,19,0,0,17,22,0,0,25,27,28,0,24,3,1,36,0,35,4,31,33,29,30,0,34,0,4,0,0,3,0,29,31,0,0,33,0,7,0,8,5,10,0,11,13,0,0,14,0,0,0,0,26,0,28,0,21,17,18,0,22,24,28,0,0,0,26,0,19,22,18,21,0,31,0,32,0,34,0,0,1,0,4,2,36,15,0,12,14,11,16,0,9,5,6,0,0,18,22,19,17,0,20,11,13,0,12,15,0,25,0,0,23,28,27,0,31,33,34,32,0,0,0,0,8,0,10,1,3,0,36,2,4,6,0,7,5,0,8,35,1,4,0,3,2,0,12,14,11,16,0,0,19,21,22,20,0,33,31,0,0,29,0,25,27,0,24,0,0,30,34,0,0,0,0,23,25,28,24,0,0,1,36,2,35,4,0,5,7,0,10,8,0,0,19,0,0,17,22,13,15,0,12,0,16,8,12,9,7,0,10,1,3,0,0,5,4,15,14,16,0,18,0,19,21,23,0,22,20,35,33,32,34,31,36,27,29,25,26,28,0,2,6,3,1,5,4,0,0,0,32,0,0,0,8,0,7,0,0,13,15,17,0,16,14,29,27,26,28,0,0,21,23,19,20,22,0,32,36,0,0,35,34,25,0,30,0,0,0,3,2,0,1,0,5,7,0,11,0,10,0,23,21,0,22,19,24,15,0,13,14,16,18,14,18,0,0,0,16,7,0,0,0,0,10,21,0,22,0,0,0,25,27,0,0,28,0,0,0,0,4,1,6,0,0,31,32,0,36,20,0,0,19,0,22,13,15,18,14,0,0,0,26,28,25,30,29,0,33,0,0,0,32,11,9,8,0,7,0,3,5,1,2,4,6,0,30,27,25,29,0,19,21,0,20,0,22,0,32,0,0,36,35,1,0,0,0,4,2,0,15,14,16,0,0,9,11,0,8,10,12,0,31,28,0,30,29,20,22,25,21,24,23,0,33,0,32,1,36,0,4,6,7,0,0,0,16,15,17,0,19,10,0,8,9,11,13,33,1,34,32,36,35,26,0,31,0,30,29,4,3,5,2,7,6,0,10,0,13,0,9,24,22,0,23,0,0,0,18,0,15,0,0,21,0,22,20,0,0,14,0,19,15,18,0,28,0,29,26,0,30,32,0,36,0,0,0,0,10,0,11,0,13,0,6,2,0,0,0,0,13,10,8,0,11,0,4,7,0,0,5,16,15,17,14,19,18,20,22,24,25,23,0,0,34,0,0,32,0,0,0,26,27,29,31,15,19,0,14,18,0,8,10,13,9,12,0,22,21,0,0,25,0,26,28,30,31,29,27,0,4,0,5,0,7,0,0,32,33,0,0,3,7,4,0,6,0,32,0,1,33,0,0,10,9,0,8,13,0,0,0,0,19,17,0,0,28,27,0,0,0,0,0,20,21,23,25,1,0,0,0,4,3,30,0,0,31,34,33,8,0,9,6,11,0,12,0,16,17,15,13,0,26,0,27,24,29,20,22,18,0,21,0,13,0,14,0,0,0,6,8,11,7,10,9,20,19,21,18,23,22,0,26,28,0,0,25,4,2,1,3,36,5,0,34,30,31,0,0,0,0,32,30,0,33,0,0,0,25,0,0,0,1,0,36,5,4,0,0,10,0,9,7,22,20,0,21,18,23,0,16,0,13,15,17,0,23,20,0,22,21,12,0,17,13,16,0,0,25,27,0,0,28,0,0,0,35,33,31,0,0,7,0,6,0,2,4,36,0,0,5,0,29,26,24,0,27,18,20,23,0,0,0,32,31,0,30,0,34,36,2,0,5,3,1,0,0,13,0,12,0,8,0,6,7,0,11,0,0,0,0,0,9,36,2,0,0,4,0,14,13,0,12,0,16,18,0,0,23,0,19,34,0,31,33,30,35,0,0,24,25,27,29,35,3,0,0,0,0,28,0,33,29,0,31,0,5,7,4,0,0,10,12,14,0,0,11,0,0,0,0,22,0,0,0,16,0,0,21,29,33,30,0,32,31,0,24,27,0,26,0,0,0,1,34,0,2,0,6,0,0,7,5,20,18,0,19,16,0,12,14,10,11,13,15,5,0,6,4,0,7,0,36,0,35,0,0,12,0,13,10,15,14,16,0,0,21,19,0,32,0,29,31,28,0,24,26,22,0,25,0,23,0,0,0,26,25,0,18,21,17,20,0,0,29,31,28,33,32,0,0,0,3,0,35,14,12,0,13,0,0,0,0,4,0,7,9,17,0,18,16,20,19,10,12,0,11,0,13,24,0,25,22,27,26,28,30,32,33,31,0,8,0,0,7,4,9,36,2,0,35,0,0,0,0,12,10,14,13,0,6,9,5,8,7,18,17,19,16,0,0,22,24,26,27,25,23,2,36,0,0,34,3,30,0,28,0,31,0,0,20,17,15,19,18,9,11,0,10,13,12,23,0,0,0,26,25,27,29,0,32,0,28,7,5,4,6,3,8,35,1,33,34,36,2,22,26,0,0,25,0,0,0,0,16,0,18,0,0,0,0,32,0,33,35,0,2,0,0,13,11,0,12,0,14,5,7,3,4,6,0,0,32,0,27,0,0,21,23,0,22,25,0,35,0,36,33,2,1,0,5,7,0,6,0,19,17,0,0,0,0,11,13,9,10,12,14,0,0,0,0,13,0,0,5,8,0,7,6,17,16,18,15,20,19,0,23,25,26,24,0,1,35,34,36,33,2,29,31,27,28,30,32,0,8,5,0,7,6,0,35,2,34,1,0,0,0,12,0,0,0,15,0,0,20,18,16,0,29,28,30,27,32,0,0,0,22,24,0,34,2,35,33,1,0,27,29,0,0,31,0,0,4,6,3,8,0,9,0,13,0,0,10,0,0,0,0,0,26,17,19,15,16,0,20
0,14,0,16,13,0,0,10,0,8,0,9,0,26,28,30,25,27,0,0,33,36,34,32,19,0,22,20,24,21,3,6,1,0,4,5,12,0,11,0,7,9,0,4,0,2,5,0,23,0,22,0,0,0,25,29,27,30,28,26,0,0,16,0,0,15,33,36,31,0,34,0,6,0,0,4,0,3,36,34,31,32,35,33,17,14,16,0,0,15,19,23,0,0,0,0,7,0,10,0,12,9,27,30,25,0,28,29,30,26,29,28,0,0,24,22,19,0,23,0,5,0,4,6,0,0,7,11,9,0,0,0,31,35,0,0,36,33,0,18,13,0,16,17,36,32,35,0,31,0,30,28,25,0,0,0,11,8,10,12,0,9,13,0,15,18,16,0,1,5,0,2,6,3,0,24,0,20,22,0,24,0,23,0,19,21,0,16,13,14,17,15,35,32,34,36,31,0,1,0,0,6,4,2,25,0,28,0,30,27,0,12,7,0,10,0,4,0,3,2,0,1,34,0,29,30,33,31,15,0,14,16,11,13,0,21,0,22,0,18,5,0,8,0,10,7,25,28,0,0,26,27,0,0,0,0,0,31,28,26,23,0,27,0,9,6,0,10,5,7,11,15,0,16,14,12,35,3,2,0,0,1,19,22,0,18,20,21,10,6,9,8,0,7,4,0,35,0,3,1,0,18,20,0,17,19,23,0,0,28,0,24,11,15,0,0,16,0,31,34,29,0,32,0,0,24,0,0,23,25,0,0,0,18,21,0,3,0,2,4,35,0,0,9,7,0,8,6,0,33,0,0,34,0,13,16,11,12,0,15,16,12,15,0,11,0,10,0,5,0,9,0,27,24,26,28,0,25,29,33,0,0,32,30,17,0,20,0,22,19,1,4,0,36,2,0,0,0,0,20,17,19,16,0,11,12,0,0,33,30,0,34,29,31,35,3,1,0,2,36,0,0,26,24,0,25,7,10,5,0,8,9,35,0,0,33,30,32,29,27,24,25,28,26,0,7,9,11,0,8,0,0,0,17,15,13,36,4,0,1,5,2,0,23,18,19,21,0,0,13,0,15,12,0,11,9,6,7,10,8,28,0,27,29,24,0,0,0,32,35,33,31,18,22,0,19,23,20,2,5,0,1,3,4,0,19,0,0,0,0,17,15,12,13,16,14,34,0,33,0,30,32,36,4,2,5,3,1,24,28,0,0,29,26,0,11,6,7,0,10,11,7,10,9,6,0,5,0,36,0,0,2,22,19,21,0,0,0,0,28,0,29,0,0,12,16,15,13,0,14,32,35,30,0,33,34,5,0,0,0,0,0,35,33,0,31,34,0,16,13,15,17,0,0,0,22,0,0,21,0,0,0,0,0,11,8,0,29,0,25,27,28,29,25,28,27,24,26,23,0,0,19,0,20,4,1,3,5,36,2,0,0,8,0,9,0,0,0,0,31,0,0,0,0,12,13,0,16,2,34,1,36,33,35,32,30,27,28,31,29,13,0,12,14,9,0,0,0,0,0,18,16,3,0,6,0,8,5,23,26,21,22,0,25,0,22,0,24,0,0,20,18,0,0,19,17,1,34,36,2,33,35,0,7,0,0,6,4,0,31,30,28,32,29,11,14,9,10,12,0,0,0,13,0,9,11,8,6,3,0,7,5,25,22,0,26,0,0,27,0,0,0,0,28,0,19,18,0,0,0,35,0,33,0,36,1,0,0,19,18,15,17,14,12,0,10,13,11,0,28,30,32,27,29,0,0,0,2,0,0,0,25,0,22,26,0,0,8,3,0,0,0,32,28,31,30,0,29,0,24,0,0,0,23,7,4,0,8,3,5,9,13,0,0,12,0,33,1,0,34,2,35,17,20,0,16,18,19,8,0,0,0,3,0,2,0,33,0,1,35,0,16,0,20,15,17,21,25,23,26,0,22,9,13,12,10,14,11,0,0,27,28,30,31,31,27,0,29,0,28,25,23,20,0,24,0,0,3,0,7,2,0,8,12,0,13,0,0,32,36,35,33,0,0,16,0,0,0,17,18,1,33,36,0,32,0,31,29,0,27,30,0,12,9,11,13,0,10,14,0,16,19,17,0,0,0,5,3,7,0,22,0,20,0,0,0,19,0,0,17,14,16,13,0,0,0,0,0,30,27,0,31,0,0,32,36,34,1,35,33,20,0,23,0,25,22,0,7,0,3,0,0,7,3,0,0,2,4,0,35,0,33,36,0,18,0,17,19,14,0,20,0,0,0,23,0,0,12,11,9,13,10,28,31,26,0,0,30,0,0,0,0,8,10,0,0,0,3,6,4,0,0,0,25,0,22,0,30,0,31,29,27,14,18,17,15,0,16,34,0,0,33,35,36,25,21,24,0,20,22,19,17,14,15,18,16,0,33,0,1,32,34,2,6,4,0,5,0,26,30,0,0,31,28,10,0,8,0,11,12,21,0,0,19,0,18,15,0,0,0,14,12,0,29,31,33,28,0,34,0,36,0,1,35,0,26,25,23,27,24,0,9,0,5,0,8,27,23,0,25,22,24,0,0,0,17,20,18,2,35,0,3,34,36,4,8,0,0,0,5,28,32,31,0,33,30,12,15,10,0,13,0,0,29,0,31,28,30,27,25,0,23,0,24,0,5,7,9,0,6,10,0,0,15,0,0,34,2,0,35,0,0,18,21,16,0,0,0,15,11,14,0,10,12,9,0,0,5,8,0,0,23,25,0,22,24,28,32,30,0,31,29,16,20,0,0,21,0,0,0,34,35,0,2,3,35,0,1,34,36,0,0,0,29,32,30,0,0,13,15,0,12,16,20,18,21,19,0,0,8,0,0,0,6,24,0,22,23,0,26,0,0,8,7,4,6,3,0,34,35,0,0,20,17,19,21,16,18,22,26,24,27,0,23,0,14,13,11,15,12,0,33,28,0,31,32
15,19,20,0,0,18,0,0,34,35,2,36,0,0,14,11,0,12,27,0,31,28,29,32,25,26,21,22,23,0,7,3,6,8,4,5,21,0,26,22,23,0,0,7,4,0,0,6,0,0,20,0,0,0,33,36,0,0,0,0,31,32,0,28,29,30,13,9,12,0,0,11,0,7,8,0,0,6,0,0,22,23,26,24,34,1,2,35,33,0,0,0,0,16,17,0,13,14,0,0,11,12,31,27,30,0,28,29,33,1,2,34,35,36,15,19,16,17,20,0,0,0,32,29,0,0,0,0,13,0,0,14,7,8,3,4,5,6,0,21,24,26,22,0,27,31,32,0,29,30,9,13,10,11,14,12,22,25,26,0,0,24,3,6,7,0,5,0,1,2,33,34,0,36,19,15,0,0,0,0,9,13,0,10,0,12,27,31,0,0,32,0,4,0,8,5,0,6,0,0,25,0,23,0,0,20,15,16,17,18,1,33,36,2,34,35,8,0,13,9,0,11,26,30,27,28,0,0,0,6,7,0,2,0,20,23,24,0,0,0,0,0,14,15,16,17,36,32,35,1,33,34,26,0,31,0,28,29,0,0,9,0,13,11,21,0,25,0,0,23,0,5,0,0,4,7,36,0,0,33,34,35,18,14,17,19,15,16,0,0,1,0,0,0,14,18,15,0,19,0,27,30,0,0,0,29,8,11,12,9,0,13,6,7,2,3,4,0,24,0,23,25,21,22,0,24,25,21,0,0,0,0,0,4,0,0,0,0,0,16,14,17,32,35,36,33,34,0,0,31,26,0,28,29,12,0,11,0,9,0,14,18,19,0,16,0,0,36,0,34,1,35,9,12,13,10,8,11,0,29,30,27,28,31,0,25,20,21,22,23,6,2,5,0,3,4,2,0,0,3,0,5,0,24,0,0,25,23,33,36,1,34,32,35,14,0,0,0,16,0,12,0,8,0,0,0,0,26,29,0,27,0,0,3,4,36,0,2,17,0,18,19,0,0,0,33,34,31,0,0,0,14,15,0,0,16,9,10,5,6,7,8,27,23,0,28,0,25,11,15,16,12,13,14,0,0,0,31,34,0,0,9,0,7,0,0,23,26,27,24,25,28,21,0,17,0,19,20,0,0,2,4,0,1,0,33,34,30,31,0,0,15,0,13,0,0,24,27,28,25,23,0,5,8,9,0,7,10,0,4,0,0,0,2,21,0,0,22,18,0,23,27,28,0,25,26,0,0,0,0,10,8,18,21,22,19,0,0,0,0,0,36,0,0,0,34,0,0,31,32,0,11,14,16,0,13,5,9,0,6,0,8,23,27,24,0,0,26,0,3,0,0,35,0,17,0,21,0,0,0,15,0,0,12,13,14,33,29,0,0,30,31,17,21,22,18,19,20,35,0,36,1,4,2,12,15,16,0,11,14,29,32,0,30,31,34,27,28,0,24,25,0,9,0,8,10,6,7,0,0,0,11,0,13,28,32,0,30,33,31,0,0,9,6,0,7,22,0,0,23,24,27,20,0,0,0,18,0,2,0,1,0,35,0,4,8,9,5,6,7,22,26,0,24,27,0,35,2,0,36,34,1,0,19,0,17,18,0,14,15,0,11,12,0,32,28,31,33,0,30,28,32,33,0,0,31,10,14,11,0,15,13,23,0,0,0,22,0,0,0,0,5,0,9,2,0,0,35,36,0,0,16,19,21,17,18,22,26,0,0,24,25,0,8,5,0,0,7,0,20,21,18,16,19,34,1,2,35,36,0,0,33,28,29,0,31,0,10,13,0,0,12,34,0,0,0,0,1,0,20,0,18,21,0,29,32,0,0,0,0,10,13,14,0,0,15,8,9,4,5,0,0,0,0,25,0,23,24,16,0,21,17,18,19,34,0,35,36,3,0,11,14,15,12,0,0,0,0,32,29,0,33,0,27,22,23,0,25,8,4,7,0,5,6,13,0,0,14,15,16,0,35,0,33,0,0,0,0,12,9,7,10,25,0,29,26,27,30,0,24,19,20,21,0,5,0,4,6,2,3,7,11,0,0,9,10,25,0,0,27,0,28,0,5,0,3,1,4,19,0,23,0,21,24,0,18,13,14,0,0,0,0,34,36,0,0,0,35,36,32,33,34,13,0,0,0,0,16,26,29,30,27,25,0,0,0,0,0,9,0,5,0,1,2,0,4,0,19,22,24,0,0,0,0,0,0,27,28,7,11,8,9,12,10,20,23,24,0,19,22,1,0,0,2,3,0,35,36,0,32,33,34,0,0,16,0,14,0,19,23,0,20,21,22,1,5,2,3,6,0,14,17,18,15,13,16,0,0,35,32,33,0,0,30,25,0,0,0,11,0,10,12,8,0,1,0,6,2,3,4,19,23,20,21,0,0,32,35,36,33,31,34,13,16,17,14,0,18,11,12,0,8,9,10,29,25,28,30,26,27,0,4,0,0,2,3,18,22,19,0,0,21,31,34,35,0,0,0,12,15,16,13,14,17,0,0,6,7,8,0,28,24,27,29,25,0,0,34,0,0,32,0,12,0,13,14,17,15,25,28,29,26,24,27,6,9,10,0,0,0,4,5,0,0,0,3,22,0,21,23,0,0,0,0,29,0,0,0,0,10,0,8,0,9,0,0,23,20,0,0,36,3,4,1,2,5,34,35,0,31,32,33,0,12,0,0,0,0,6,0,11,7,8,0,24,28,25,26,29,0,1,4,0,2,36,3,18,21,22,0,0,23,16,0,0,13,14,15,34,0,33,35,31,0,0,22,23,0,20,21,36,4,0,2,0,3,13,16,17,0,12,0,30,33,34,31,32,35,28,29,0,0,26,0,0,6,9,0,0,8,12,16,17,13,0,0,0,0,31,32,0,0,7,10,0,8,6,9,24,27,28,25,0,0,22,23,18,19,20,0,4,36,3,5,1,0
36,2,35,1,4,3,14,0,15,0,13,11,17,20,22,21,19,0,9,0,7,0,6,5,0,28,23,24,0,27,31,0,0,29,0,0,18,20,17,0,0,21,0,34,0,30,31,0,35,0,0,3,0,36,27,26,25,28,0,23,7,10,5,6,8,9,13,0,0,11,0,14,6,0,5,7,10,9,20,0,21,18,19,0,23,0,28,27,25,24,15,14,0,16,0,0,31,0,29,30,0,33,1,3,36,35,4,2,12,0,11,13,0,15,26,0,0,24,25,23,29,0,34,0,31,0,21,0,0,0,0,17,0,4,35,36,2,0,0,0,0,5,10,0,30,32,29,0,0,0,0,0,9,6,7,0,11,14,16,15,13,0,3,2,0,4,36,35,0,22,0,0,20,21,25,0,24,0,28,0,24,26,23,0,0,0,0,0,3,0,1,35,5,8,10,9,7,6,33,32,31,34,30,0,13,16,11,12,0,15,0,21,18,17,0,20,10,0,0,11,14,0,24,26,25,22,0,21,27,0,32,0,29,28,19,18,17,0,0,15,0,0,33,34,0,1,0,0,4,0,8,0,0,6,3,0,0,7,18,0,0,16,17,15,21,24,26,0,0,0,13,12,0,14,10,9,0,32,0,28,30,31,0,0,34,33,2,0,22,0,21,23,26,0,36,2,0,34,35,0,3,6,0,0,0,4,31,30,29,32,28,27,11,0,9,0,12,0,17,19,0,0,20,0,34,0,0,0,2,0,0,0,0,10,11,9,0,18,20,19,17,16,7,6,5,8,0,0,0,0,0,22,24,25,29,31,28,27,0,30,28,30,27,29,32,31,6,8,7,4,5,0,0,12,14,0,11,0,0,36,0,0,34,0,17,20,0,16,18,0,23,25,22,0,26,24,0,18,15,0,20,0,30,0,31,0,29,27,33,36,0,0,35,0,0,24,23,0,0,0,5,0,0,4,0,7,11,13,0,9,14,0,29,31,28,30,0,0,0,0,0,5,6,0,10,13,15,0,12,11,2,0,0,0,35,0,18,21,16,0,19,20,24,26,23,0,27,0,0,0,0,0,21,0,31,0,0,0,0,0,0,1,3,2,36,35,26,0,24,27,23,22,0,9,4,0,0,8,12,0,0,10,15,13,5,7,4,0,9,8,19,0,20,17,18,0,22,0,27,0,24,23,14,0,12,0,11,0,30,33,28,29,31,32,36,0,0,0,3,0,35,1,0,36,3,0,13,15,14,11,12,10,16,0,0,0,18,17,0,7,6,9,0,4,0,27,0,0,0,26,30,32,29,0,0,31,0,25,22,0,0,26,1,3,0,35,36,34,4,7,9,0,0,0,0,0,30,0,29,28,12,15,0,0,13,14,18,20,17,16,21,19,11,0,10,0,0,14,25,27,26,23,24,22,28,31,33,0,30,29,0,0,18,0,17,0,0,3,34,35,1,2,6,0,0,4,0,0,0,0,26,28,0,0,5,7,6,0,0,0,8,0,13,0,10,0,36,35,0,0,33,0,16,0,14,15,0,0,22,0,0,20,25,23,0,17,14,16,19,0,29,0,30,0,0,0,0,0,1,36,34,33,24,0,22,25,21,0,0,7,2,0,0,6,0,12,9,0,0,11,0,11,0,10,0,12,23,25,24,21,22,0,26,29,31,30,0,27,18,17,16,0,15,14,0,1,32,33,35,0,4,6,0,2,7,0,21,23,20,22,25,24,0,1,36,33,34,32,2,0,0,0,4,3,30,0,28,31,0,26,0,13,8,9,0,0,0,0,15,0,0,17,33,35,0,0,0,0,0,13,12,9,0,8,0,17,0,0,16,0,0,5,4,0,3,0,22,25,20,21,23,24,0,30,27,26,0,29,0,5,0,0,7,0,0,0,0,15,0,0,20,23,25,0,22,21,12,11,0,13,0,8,28,31,0,27,0,0,0,36,0,32,1,35,0,0,31,33,36,0,0,12,0,8,9,7,13,0,18,17,15,14,5,0,0,6,0,1,21,24,19,0,0,0,27,29,0,25,30,28,26,0,25,0,30,0,4,0,5,2,0,0,7,0,12,11,9,8,0,0,33,36,32,31,15,0,0,14,16,17,0,23,20,19,24,22,0,16,13,0,18,0,0,30,29,26,27,0,31,34,36,35,33,32,0,22,21,24,20,19,3,0,1,2,0,5,9,11,0,7,12,10,20,0,19,21,24,23,0,36,35,0,33,0,1,4,6,5,3,0,29,0,0,0,26,25,9,12,7,0,0,11,0,17,0,13,18,16,8,10,7,0,12,0,0,0,23,20,21,0,25,0,30,29,0,26,17,16,15,18,14,0,33,36,31,0,34,0,0,5,0,1,6,0,0,4,0,3,6,5,0,18,17,0,0,0,19,0,24,23,21,20,0,0,0,0,8,0,27,30,25,26,28,29,0,0,32,31,0,34,13,0,12,14,0,16,0,29,0,25,26,0,30,0,35,0,0,0,22,0,0,23,19,18,2,5,0,0,0,4,0,10,7,6,11,9,7,9,6,8,0,10,21,0,0,19,20,18,24,0,0,28,0,25,16,15,14,0,13,12,0,35,30,0,33,34,2,0,1,36,0,3,19,0,18,20,0,22,33,35,0,31,32,30,36,3,0,4,2,1,28,0,26,29,0,24,8,11,6,7,9,0,14,16,13,0,17,15,0,33,30,32,35,0,9,11,0,0,0,6,12,0,0,0,14,0,4,0,0,0,1,36,0,23,18,19,21,22,26,28,25,0,29,27,25,27,0,26,29,28,3,0,4,1,2,36,0,9,0,10,8,7,34,33,32,0,31,0,14,0,12,0,15,16,0,0,19,0,0,0,1,3,36,0,5,4,15,0,16,13,14,12,18,21,23,22,0,19,0,9,8,11,7,6,0,29,24,25,0,28,0,34,31,0,0,0
36,33,35,0,31,32,2,0,1,0,5,0,0,27,0,0,29,0,0,10,11,12,7,9,0,0,20,21,22,23,17,0,18,14,0,0,30,27,29,28,25,26,32,33,0,34,35,0,19,21,20,22,23,24,2,4,5,6,1,0,18,0,14,0,16,17,0,7,12,0,9,10,6,3,0,4,0,2,0,0,7,10,0,12,31,33,0,0,35,36,0,16,17,0,0,15,30,25,26,27,28,0,23,19,24,0,21,22,12,9,11,10,0,8,14,0,13,0,17,18,1,0,2,4,5,6,0,0,0,0,19,0,36,0,32,0,34,35,0,25,0,0,27,0,18,0,17,16,13,0,20,21,0,22,23,0,7,0,8,10,11,12,0,28,0,30,25,27,6,0,2,0,4,5,35,31,0,0,0,0,24,21,23,22,0,20,26,0,25,28,29,30,13,15,14,0,0,0,0,34,0,36,31,33,12,7,8,9,10,0,5,1,6,2,3,4,35,32,34,33,30,31,1,0,36,3,0,5,24,26,0,0,28,29,7,9,0,0,0,8,23,18,19,20,21,22,16,12,17,0,14,15,0,0,0,0,0,25,31,32,30,33,34,35,0,20,0,21,22,0,1,3,0,0,0,0,17,12,13,14,0,16,10,0,11,7,8,0,0,2,4,3,0,1,7,8,0,0,10,11,30,32,0,0,34,35,0,15,0,17,12,14,29,24,25,26,27,28,0,18,0,19,20,0,23,20,22,0,18,19,25,0,0,27,28,0,0,14,13,15,0,17,31,33,34,0,0,32,0,6,7,8,9,0,0,0,5,0,2,0,17,0,16,15,12,0,0,20,0,0,22,23,6,8,7,9,10,0,25,0,28,29,0,26,5,36,1,0,0,0,0,30,0,31,0,33,11,0,0,9,6,7,0,14,12,0,16,17,36,0,1,3,0,0,19,21,0,0,18,20,0,0,0,0,33,0,28,0,0,25,0,27,1,34,36,35,32,33,3,4,2,5,6,7,26,28,27,29,0,31,0,0,12,13,0,10,0,0,0,0,23,24,0,0,19,15,16,0,19,16,18,0,14,15,0,0,20,23,24,25,8,10,0,0,0,13,0,0,0,31,26,28,7,2,0,4,0,0,0,0,1,33,34,35,31,0,0,0,26,27,0,0,0,35,36,1,20,0,21,23,24,0,3,5,0,0,2,4,19,14,0,0,17,0,0,8,13,0,0,0,25,22,24,0,20,0,27,28,26,29,0,31,14,16,0,17,0,0,0,0,0,0,32,0,13,8,9,0,11,12,6,0,7,3,4,0,7,4,0,5,2,0,9,10,0,11,12,13,32,0,0,35,36,1,15,17,18,19,14,0,0,0,27,28,0,30,0,0,0,0,22,23,0,10,12,0,8,9,0,16,14,0,0,19,2,0,0,5,0,7,21,23,0,25,0,0,0,0,33,0,35,0,0,26,0,0,28,0,0,0,15,14,11,12,18,0,17,20,0,22,5,7,6,8,0,0,24,26,27,28,23,0,0,0,36,0,2,3,33,29,34,30,31,0,22,0,21,20,17,18,0,0,23,0,27,28,11,0,0,14,0,16,30,0,33,34,29,31,10,0,0,7,8,0,0,0,4,36,0,2,0,0,33,32,29,30,36,1,0,2,0,4,0,0,24,0,0,0,0,0,0,0,0,7,22,0,18,19,0,21,15,11,16,12,0,14,10,7,9,8,0,0,0,0,0,14,0,0,35,0,36,2,0,4,0,0,21,22,17,0,34,0,30,31,32,0,27,23,28,24,25,0,0,1,3,0,0,36,6,7,5,0,9,10,29,0,30,0,33,34,12,0,15,0,11,13,0,0,24,25,26,0,21,17,22,18,19,0,0,25,27,26,23,0,0,0,0,32,33,0,17,19,18,0,21,0,0,2,3,0,35,1,0,11,12,0,14,15,0,5,10,6,7,8,27,0,26,25,22,23,29,30,28,31,0,33,16,0,0,19,20,0,35,0,2,3,34,36,15,10,11,0,0,14,8,4,9,5,0,0,33,30,32,31,28,0,35,0,34,0,2,0,22,24,23,0,26,27,0,0,8,9,4,6,21,16,17,0,0,20,14,10,15,11,12,13,21,18,0,19,16,0,23,24,22,25,0,27,0,0,11,0,14,15,29,31,0,33,0,30,0,0,0,0,0,0,2,34,0,35,36,1,3,36,0,1,0,35,0,6,0,7,8,0,28,30,0,0,0,33,11,13,14,15,10,12,27,22,23,24,0,26,20,16,0,17,18,0,0,0,8,7,4,5,11,12,10,13,14,15,0,0,35,0,2,0,17,0,20,21,16,18,33,28,29,30,31,0,26,22,27,23,24,25,0,12,14,13,10,11,17,18,0,19,20,21,4,6,0,0,8,9,23,0,0,27,22,24,3,34,35,36,0,2,32,28,0,0,30,31,0,17,19,18,15,16,0,0,21,24,25,26,9,0,10,0,13,14,28,0,31,32,27,29,0,3,4,5,6,7,1,33,0,0,0,36,0,0,31,30,27,28,0,35,0,36,1,2,0,23,22,24,25,0,0,0,7,0,3,5,0,0,16,17,0,0,13,9,14,10,11,0,0,0,7,6,3,4,0,11,9,0,0,14,33,0,34,36,1,2,0,0,19,0,0,17,32,0,28,0,30,31,25,21,0,22,23,0,2,35,0,0,33,0,0,5,0,0,0,8,27,29,0,30,31,32,0,0,0,0,9,0,0,0,22,23,0,25,19,15,20,16,17,18,14,0,0,12,9,10,0,17,15,18,19,20,0,5,4,6,7,8,22,24,0,26,21,23,2,33,0,35,0,0,0,0,32,28,29,0,0,23,25,24,21,0,28,0,27,30,31,32,15,0,16,18,19,20,34,36,0,2,33,0,14,9,0,11,12,0,7,3,8,0,5,6
15,13,11,14,12,10,2,0,3,0,0,0,33,28,0,30,32,0,4,6,8,9,0,7,25,26,22,27,0,0,19,20,16,21,18,0,33,31,29,32,30,28,0,17,21,19,16,0,0,10,13,12,14,11,22,24,0,27,0,25,7,8,0,9,5,6,1,2,0,0,0,35,9,7,0,0,6,0,32,0,33,0,28,30,0,22,25,24,0,23,34,36,2,3,35,1,0,0,0,21,17,18,13,14,10,15,0,11,0,0,17,20,18,0,0,5,9,7,4,6,0,34,1,36,0,0,10,0,14,15,11,13,31,32,0,0,29,0,25,26,0,27,24,0,0,0,35,2,36,34,26,0,27,0,0,0,0,16,0,18,20,17,28,0,32,0,29,0,0,14,10,0,11,0,0,0,0,0,6,5,0,25,23,26,24,0,0,0,15,0,10,12,0,4,0,0,8,0,0,0,20,0,0,19,1,2,0,0,35,36,0,0,28,0,30,29,24,22,0,0,21,19,11,8,0,10,7,9,6,0,4,3,5,2,0,15,0,18,0,0,0,35,0,36,32,0,28,0,0,0,27,26,30,28,26,29,0,25,17,14,0,0,0,0,0,7,10,0,11,8,0,21,23,0,20,22,0,0,1,0,0,0,0,35,0,36,0,32,36,34,32,35,0,31,0,20,24,0,0,0,0,13,0,15,0,0,0,27,29,0,0,0,0,11,0,12,8,9,4,5,1,6,3,2,0,16,14,17,15,0,0,2,0,4,1,3,36,0,0,33,0,32,0,0,0,12,0,10,28,0,25,30,26,27,22,23,19,0,0,0,6,4,2,5,3,1,29,26,30,0,25,27,24,0,22,0,23,20,31,33,35,36,32,34,0,0,0,18,14,15,10,11,7,12,9,0,0,10,0,11,9,7,35,0,0,34,31,33,30,0,28,0,29,26,1,3,0,0,2,4,0,23,0,24,0,0,16,0,13,0,15,14,0,0,34,1,35,33,0,0,0,24,21,0,20,0,18,17,19,16,27,29,0,32,0,30,12,13,9,0,10,11,6,7,3,8,5,0,26,24,0,25,0,21,0,0,14,12,9,11,8,0,0,5,0,4,0,17,19,0,16,18,36,1,0,2,0,35,0,0,0,32,0,0,14,12,10,13,11,9,1,0,2,36,33,0,0,0,30,29,0,28,3,5,7,8,4,0,24,0,21,0,0,0,18,0,15,20,17,16,32,0,28,0,0,27,19,16,0,0,15,17,14,9,12,0,13,10,0,23,0,26,22,24,6,7,3,8,0,0,0,0,33,2,35,0,8,6,4,0,5,3,31,0,32,30,27,29,26,0,0,0,25,22,0,35,1,2,34,36,18,19,15,20,16,0,12,13,9,0,11,0,0,18,0,0,17,15,7,4,8,0,3,5,2,0,36,35,1,0,9,11,13,14,0,0,0,0,27,32,28,29,24,0,21,26,0,0,0,32,0,33,31,29,0,18,22,20,17,19,16,11,14,0,15,12,0,0,27,28,24,26,0,9,0,10,6,7,0,3,0,4,0,36,16,14,12,15,13,0,0,36,4,0,35,0,34,29,0,31,33,30,0,7,9,10,6,0,26,27,23,28,0,25,20,21,17,0,19,18,28,26,24,0,25,23,15,0,16,14,11,13,0,0,8,0,9,6,0,19,21,22,18,20,0,3,35,0,0,0,0,33,29,34,31,0,10,8,6,0,7,0,0,30,34,0,29,0,0,0,26,0,0,0,0,0,3,0,36,0,20,21,17,0,0,19,0,0,11,16,13,12,4,2,36,0,0,35,27,24,0,26,23,25,22,0,20,19,0,0,29,31,33,34,30,0,0,0,0,16,12,13,0,9,5,0,0,6,22,20,0,21,0,17,0,0,0,8,0,7,0,35,2,0,0,0,11,13,15,16,12,14,32,0,29,0,30,31,26,27,23,0,0,24,23,21,0,0,0,0,0,7,11,0,0,8,5,0,0,2,4,1,12,14,0,17,13,15,0,34,30,35,0,32,27,0,0,29,0,0,11,9,0,10,0,6,34,31,35,33,30,32,29,24,0,0,28,25,0,2,4,0,0,3,21,22,18,23,19,20,0,16,12,17,14,13,0,15,13,0,0,0,4,0,5,0,0,0,0,30,33,0,34,0,6,8,0,11,0,9,0,0,24,29,25,0,21,0,18,23,20,19,29,27,25,28,26,24,16,0,17,15,12,14,11,6,0,8,0,7,0,20,22,23,19,0,3,4,36,5,1,2,0,0,30,0,32,0,0,0,1,4,2,36,0,25,0,27,24,0,0,18,0,20,0,19,0,32,0,35,31,33,0,16,12,17,13,14,0,10,6,11,8,7,35,0,0,34,32,0,0,0,23,21,18,20,17,12,15,0,0,0,0,0,0,0,25,27,9,0,6,0,0,8,3,4,0,5,2,0,19,0,15,18,16,14,0,0,0,5,2,0,0,0,35,0,0,0,8,10,0,0,0,0,29,30,26,31,27,0,0,24,20,0,0,21,0,23,21,24,22,20,12,0,0,0,8,0,7,0,5,4,6,0,14,0,18,19,0,17,35,36,32,1,33,34,29,30,26,0,0,27,0,0,3,6,4,2,30,27,0,29,26,0,0,20,23,0,24,0,32,34,36,0,0,0,17,18,14,0,15,16,11,12,8,13,0,9,31,29,0,0,0,0,18,0,19,17,0,16,13,0,11,0,12,9,20,22,0,25,0,23,0,6,0,7,3,0,35,36,0,1,34,33,1,35,33,36,34,0,24,0,25,0,0,0,19,14,17,0,18,0,0,28,0,31,27,29,11,12,8,13,9,0,0,6,0,7,0,3,0,11,9,12,0,8,0,0,0,35,32,34,0,26,0,0,30,0,2,0,6,7,0,0,0,24,20,0,21,22,17,18,14,19,0,0
24,0,23,26,25,22,33,36,1,0,2,34,27,31,32,28,29,30,0,7,8,6,5,0,19,0,16,17,15,20,0,0,9,0,10,13,6,0,0,8,7,4,15,0,19,17,20,16,9,13,14,0,11,0,21,0,0,24,0,0,1,36,34,35,33,0,29,0,27,0,28,31,30,27,29,32,0,28,3,6,0,0,8,0,33,1,2,0,35,0,9,13,0,12,0,0,0,0,0,23,21,0,0,0,15,20,16,19,0,0,0,14,13,10,0,0,0,0,0,0,0,0,0,16,0,0,27,0,0,30,0,28,0,6,4,5,3,8,0,0,33,2,34,1,0,33,35,0,0,34,0,12,13,11,14,10,3,7,0,0,5,6,0,0,20,18,17,0,31,30,28,29,27,32,23,24,0,0,22,25,0,0,17,0,19,16,27,30,31,0,32,0,21,25,26,22,23,0,0,0,2,36,0,34,13,12,10,11,0,14,5,6,3,8,4,7,0,36,2,0,0,0,12,15,16,14,17,0,0,10,11,7,8,0,18,22,0,0,0,19,0,0,0,32,0,0,0,27,0,0,25,0,0,12,14,17,16,13,0,27,0,26,0,25,18,0,0,19,20,21,30,34,0,33,32,0,10,9,7,8,0,0,2,3,36,5,1,4,0,0,0,11,0,7,18,0,22,20,23,0,12,0,0,0,14,0,24,28,0,27,0,25,0,3,1,0,36,0,32,0,30,35,0,34,21,18,20,23,0,19,30,0,34,0,35,31,0,28,29,0,0,27,0,0,0,3,2,1,0,0,0,14,12,17,8,9,0,0,7,0,0,0,32,35,34,31,6,0,10,8,11,7,0,4,5,1,2,3,0,0,17,15,0,0,28,27,25,26,0,0,20,21,18,23,19,0,27,24,26,29,28,25,36,0,4,0,5,1,30,34,35,0,0,33,6,10,0,9,8,0,22,0,19,20,18,23,0,0,12,0,0,16,5,2,4,0,0,3,0,17,18,16,19,15,0,12,13,0,10,11,0,0,0,23,22,21,0,0,33,34,32,1,28,0,26,0,27,30,11,8,0,0,0,9,20,23,24,22,0,0,14,18,19,0,0,17,26,30,0,0,28,0,0,0,0,4,2,7,34,35,32,1,33,0,17,0,0,19,18,15,26,0,0,28,0,0,20,0,0,0,0,23,32,36,0,35,0,33,12,11,9,0,0,13,4,5,2,7,3,0,29,0,28,31,30,27,0,5,0,0,7,3,0,0,0,33,34,0,8,0,13,0,0,9,0,23,0,22,20,0,0,0,0,19,0,0,0,32,0,0,36,33,0,11,12,0,0,9,2,6,7,0,4,5,0,18,19,17,16,15,30,29,0,0,0,31,22,0,0,0,21,0,0,20,22,25,24,21,0,35,36,0,0,33,26,30,31,27,28,29,0,6,7,0,4,3,18,17,0,16,14,0,10,11,0,0,9,0,0,0,27,30,29,26,0,4,5,3,6,2,0,35,36,32,0,34,7,11,12,10,9,8,23,22,0,21,19,24,0,16,13,18,0,17,0,13,0,18,0,14,25,28,29,27,30,0,19,0,24,20,0,22,31,35,36,34,33,32,11,10,0,9,0,0,3,4,1,6,2,0,22,0,21,24,23,0,31,0,0,33,0,0,25,0,0,0,27,28,0,0,6,0,3,2,17,0,14,0,13,18,9,10,7,12,8,0,4,1,3,6,5,2,13,16,17,15,18,14,0,0,12,0,9,10,19,0,24,0,21,0,35,34,32,0,31,0,0,0,25,30,26,29,0,0,9,12,0,0,19,0,23,0,24,20,13,0,0,14,15,16,0,29,30,28,27,26,5,4,2,3,1,6,33,0,31,36,0,35,34,31,33,0,35,32,0,0,11,9,0,8,1,5,6,0,0,4,13,0,0,16,15,0,0,28,26,27,25,30,21,0,19,0,20,23,0,29,31,34,33,30,0,8,0,0,0,6,0,3,4,0,1,0,11,0,16,0,0,12,27,26,0,0,0,28,0,0,0,0,18,21,0,23,25,28,27,24,35,2,0,1,0,0,0,33,0,30,31,32,5,9,0,8,0,0,0,20,0,19,0,22,0,14,11,16,12,0,14,0,13,0,15,12,23,0,0,25,28,24,17,21,22,0,19,20,29,0,0,32,0,30,9,8,0,7,5,0,1,2,35,4,36,0,2,35,1,0,3,0,11,0,15,13,16,0,0,9,10,0,0,0,17,21,22,0,19,0,33,0,30,31,29,0,0,26,0,0,24,0,0,0,19,0,21,0,29,32,33,31,34,0,23,27,28,24,0,0,0,3,0,0,1,0,0,0,12,13,11,0,0,8,5,10,6,9,0,5,0,0,9,6,0,20,21,19,0,18,11,15,16,12,0,14,23,27,28,26,25,24,0,0,36,0,35,0,31,32,0,34,0,33,1,34,36,0,2,0,10,13,14,12,15,11,4,0,0,5,0,0,16,0,21,0,0,0,32,31,0,0,28,0,24,25,22,27,0,26,13,0,12,15,0,0,22,0,26,24,27,0,16,20,0,0,18,19,28,0,33,31,30,29,0,7,0,6,4,9,36,1,34,3,0,2,19,16,18,21,0,17,28,31,32,0,33,29,22,0,0,23,24,25,0,0,0,0,0,35,14,0,0,0,10,0,0,7,4,0,5,8,7,0,0,9,0,5,16,19,0,18,21,0,10,14,15,11,12,0,0,26,27,0,24,0,2,0,0,36,0,3,0,0,28,33,29,0,25,22,0,0,0,0,34,1,0,0,3,35,28,0,33,29,30,31,4,0,0,0,6,5,20,19,17,18,16,21,12,13,10,0,0,14,31,28,0,33,32,0,0,7,0,6,0,5,0,2,3,35,36,0,0,0,15,0,12,0,0,25,23,24,22,27,18,0,16,21,17,0
5,0,7,0,0,0,26,0,21,23,0,0,0,9,10,0,12,0,0,33,0,2,1,36,30,0,32,0,31,0,16,0,0,18,0,0,0,0,1,0,36,33,20,0,0,17,18,19,5,3,4,8,0,7,29,27,28,0,31,30,24,22,26,23,25,0,10,0,14,12,0,0,0,22,25,26,24,0,8,0,0,0,6,7,0,27,0,32,0,31,17,15,16,20,19,18,12,0,0,11,13,9,0,0,0,36,1,35,17,16,0,20,0,15,0,34,33,35,0,0,23,0,22,26,24,25,0,9,10,0,0,0,6,4,8,5,7,3,28,27,32,30,31,0,0,28,31,32,30,0,0,0,9,11,12,13,0,0,0,0,0,1,0,21,22,26,25,0,18,0,20,17,19,15,0,3,8,6,7,5,11,10,0,14,12,0,32,28,0,0,30,31,0,15,16,20,18,19,5,0,4,8,7,0,36,0,0,35,1,0,22,0,26,24,25,0,6,5,0,9,0,0,27,23,0,0,0,26,0,0,11,0,0,0,36,0,35,3,0,0,0,29,33,0,32,0,0,0,21,19,0,18,0,11,14,15,13,10,33,0,28,30,31,0,18,0,0,21,0,20,6,0,5,9,0,7,1,35,0,0,2,34,23,0,27,0,0,24,24,0,0,27,25,22,9,5,0,6,7,8,30,28,29,33,31,0,0,16,0,0,20,19,13,0,15,12,14,0,35,0,3,1,2,0,0,35,0,3,0,34,0,17,16,18,0,0,0,4,5,9,0,8,30,0,29,0,32,0,25,23,27,24,26,22,11,0,0,13,0,12,30,0,32,33,0,28,15,11,0,0,13,14,36,34,35,3,1,2,24,22,23,0,26,25,19,0,21,18,0,0,5,0,0,0,8,0,18,0,20,0,0,0,0,35,34,36,1,2,0,0,0,27,25,26,12,0,11,15,14,13,7,5,9,6,8,0,0,28,33,31,0,30,22,21,24,25,0,0,7,3,0,4,0,6,28,0,27,31,0,30,0,14,15,19,0,17,11,9,13,10,12,0,33,0,1,0,0,34,10,9,12,0,0,0,31,0,26,28,0,30,16,0,0,19,0,18,4,2,3,0,6,0,0,33,0,34,36,32,0,20,25,23,24,0,16,0,0,0,17,14,0,33,32,34,35,36,22,20,0,0,0,0,0,0,0,13,0,0,5,3,7,0,6,2,27,26,0,29,0,28,28,27,0,0,29,26,13,9,8,10,0,12,34,32,0,1,0,0,22,20,21,25,24,0,0,0,0,16,18,14,0,2,0,0,0,4,4,3,6,7,5,2,25,21,20,0,23,24,10,8,0,13,11,0,34,32,33,1,0,35,29,0,31,28,30,26,15,14,19,17,18,0,34,33,36,0,35,0,0,15,14,16,17,18,4,2,0,0,0,6,28,26,27,31,30,29,23,21,25,0,24,20,9,8,13,0,0,10,7,0,9,10,8,5,0,24,23,0,0,27,0,0,0,16,14,0,0,35,36,4,3,0,0,0,0,0,0,0,18,0,22,20,21,0,0,24,27,28,26,0,0,6,0,7,0,0,0,29,30,0,32,0,0,0,0,0,0,20,0,12,16,0,0,11,36,0,4,2,3,0,13,12,0,16,14,11,0,0,29,31,32,0,0,0,18,22,20,0,7,0,6,0,0,8,2,36,0,1,0,35,24,23,0,0,0,25,31,30,33,34,32,29,0,12,11,0,14,0,0,0,36,0,2,0,25,23,24,0,27,26,0,18,22,0,21,0,6,5,0,8,0,7,1,36,0,0,2,35,22,18,17,0,20,0,7,0,6,10,0,9,31,29,30,0,33,0,26,24,28,25,27,23,12,11,0,0,15,0,19,18,0,0,20,0,4,0,0,1,2,0,0,23,0,28,0,0,13,11,12,0,15,14,8,0,10,7,0,5,30,0,34,32,33,31,0,13,16,17,15,0,0,0,30,32,33,0,20,0,0,0,21,0,0,6,7,0,0,9,0,0,5,0,4,36,0,24,29,0,0,26,32,31,34,35,33,0,0,13,0,14,15,16,2,36,1,5,0,4,26,0,0,0,0,27,21,19,23,20,0,0,0,6,11,9,10,0,26,0,28,29,27,0,11,0,0,8,9,10,0,0,0,0,33,34,20,18,0,0,22,0,15,13,0,0,0,0,0,36,5,0,4,2,8,7,10,11,9,6,29,0,24,26,0,28,14,0,13,0,15,16,2,0,0,5,4,0,33,31,0,32,34,0,19,18,23,21,0,0,20,0,22,23,21,18,0,0,0,2,0,4,0,24,25,0,27,28,14,12,0,17,16,0,9,7,0,8,0,6,31,30,35,0,34,32,2,0,0,5,3,36,23,0,0,0,21,22,0,6,7,0,9,10,32,0,31,35,34,33,27,25,29,26,0,0,13,0,0,0,0,0,33,32,0,36,34,31,0,14,0,0,16,0,3,1,0,0,4,0,0,25,26,30,29,28,0,20,24,21,23,19,0,0,12,0,11,0,27,0,29,30,0,0,12,0,0,0,0,11,33,31,32,36,0,35,0,19,20,24,23,0,16,14,18,15,17,13,0,1,0,4,5,0,0,0,0,18,16,0,36,0,31,33,0,35,21,19,20,0,0,0,9,7,8,12,11,10,4,0,6,0,5,1,0,25,30,28,29,27,3,0,0,0,4,1,24,20,19,21,22,23,9,7,8,0,10,11,0,31,32,36,35,0,28,0,0,27,0,25,0,13,0,16,17,0,0,0,11,12,10,0,30,0,25,27,28,29,15,0,14,0,16,17,0,1,0,6,5,4,34,32,36,33,35,31,0,19,24,22,23,21,0,20,23,0,0,0,0,0,1,0,0,5,0,0,26,0,28,29,15,0,14,0,17,16,10,8,0,9,11,7,32,0,0,34,0,33
3,35,0,34,2,0,10,15,12,13,11,14,20,17,16,18,19,0,0,0,5,0,0,6,30,0,0,0,33,32,23,22,0,26,25,0,21,17,0,0,0,18,28,33,0,31,0,32,2,35,34,0,0,0,25,22,0,0,0,24,12,11,10,13,0,0,0,4,0,8,7,6,0,0,7,0,0,6,0,0,18,19,0,0,0,23,0,24,25,27,13,0,11,0,14,0,36,35,0,1,3,2,0,0,33,32,31,0,33,0,0,0,0,30,0,0,6,0,0,0,14,11,10,12,13,15,0,0,35,0,0,0,24,0,22,25,0,26,17,16,21,20,19,18,0,0,13,10,14,12,0,27,24,0,0,0,32,29,0,30,0,0,19,16,0,0,20,18,6,0,0,0,9,8,0,0,0,2,0,36,0,23,25,0,26,24,0,3,36,1,0,2,0,5,0,0,7,0,31,28,29,0,0,30,18,0,0,19,21,20,11,10,0,14,13,12,0,0,35,0,36,34,0,0,10,0,0,12,18,15,14,16,0,19,5,2,0,7,0,0,28,0,0,0,31,30,21,0,25,0,23,0,7,3,5,2,6,4,14,19,16,17,15,0,24,21,20,22,23,0,11,0,9,13,12,10,34,33,32,35,1,36,0,0,0,30,29,28,0,0,0,8,12,10,20,25,22,23,0,24,0,27,26,0,29,31,0,14,15,19,18,0,4,0,2,5,0,6,33,32,1,36,35,34,31,0,29,26,30,0,0,0,4,5,3,0,12,9,0,10,11,0,35,0,33,0,36,0,22,0,0,23,0,0,15,14,19,0,17,0,25,0,23,0,24,22,0,0,34,35,0,0,0,3,0,0,0,0,0,0,27,0,30,0,16,0,14,17,0,18,0,0,0,12,11,10,0,15,17,14,0,16,26,31,0,0,0,0,0,33,0,34,35,1,0,0,21,25,24,22,0,0,8,0,13,12,3,2,7,6,5,0,0,24,26,23,0,25,0,0,1,0,36,3,9,6,5,0,8,0,32,29,0,0,33,31,0,0,17,20,22,0,12,11,0,15,0,13,0,30,32,0,0,31,5,10,7,8,6,9,15,12,11,13,0,16,0,0,36,4,3,1,0,24,0,0,28,0,0,17,22,21,20,19,0,36,2,0,0,1,11,16,13,0,0,0,21,18,17,0,20,0,0,0,6,10,9,7,31,0,0,32,34,33,24,23,28,27,26,25,22,18,0,0,21,0,29,0,31,32,30,33,0,36,0,1,2,4,0,0,24,28,0,25,0,12,11,14,16,15,0,5,10,9,8,0,16,12,14,11,0,13,0,28,0,26,0,27,0,30,29,31,32,34,20,0,18,22,21,19,7,6,5,0,0,0,36,0,4,0,0,1,10,0,8,5,0,7,17,22,19,20,18,21,27,24,23,25,0,28,14,11,0,0,15,13,1,36,35,2,4,3,30,0,0,33,32,31,35,31,33,30,34,32,6,0,0,0,7,0,16,13,12,14,0,17,3,0,1,5,0,2,0,25,24,27,0,28,0,0,23,22,21,0,0,13,15,12,16,14,24,29,0,27,25,0,34,0,30,32,0,35,21,18,19,23,0,20,0,0,0,9,11,10,1,0,5,4,3,2,0,0,21,0,0,20,30,35,32,0,0,34,4,1,36,2,3,5,27,24,25,0,28,0,14,0,12,15,0,16,7,6,11,10,0,0,11,7,0,6,0,0,0,23,20,21,19,0,0,25,0,26,27,29,15,0,13,17,0,14,0,0,36,3,5,4,31,30,35,34,33,32,0,1,0,36,0,0,12,0,14,0,13,0,22,0,0,20,21,0,0,6,0,0,0,0,0,31,30,0,35,34,0,24,29,28,27,0,29,25,27,24,28,0,36,5,2,3,1,4,10,7,6,0,9,11,33,0,31,35,34,0,20,0,18,0,0,22,0,12,0,0,15,0,20,0,18,0,19,0,27,0,0,30,28,0,0,34,0,0,0,0,24,0,0,26,25,23,0,10,0,12,14,13,4,3,8,7,6,5,0,28,0,27,31,0,0,8,5,6,4,7,13,10,9,11,12,14,36,33,34,0,1,0,0,22,0,0,0,0,0,0,20,19,0,17,2,0,0,33,0,35,0,14,0,12,0,0,19,0,15,0,18,20,6,3,0,8,7,5,29,0,27,30,32,31,0,21,26,0,24,23,14,10,12,9,0,11,21,0,23,0,22,25,0,28,27,29,30,32,18,15,16,20,19,0,0,4,3,0,8,0,34,33,0,1,36,35,8,4,6,0,0,5,15,0,17,0,16,19,25,0,21,23,0,0,12,9,10,14,13,0,35,34,0,36,2,0,28,27,32,0,30,29,26,0,0,21,25,23,0,2,35,36,0,1,0,4,3,0,0,0,0,27,0,32,31,0,0,0,15,0,0,19,10,0,0,0,12,11,18,0,16,13,0,15,0,30,0,28,0,0,0,32,0,0,0,36,0,19,20,24,0,0,9,0,7,0,0,0,2,1,6,0,0,0,30,26,0,0,29,27,1,6,0,4,2,5,0,8,7,9,0,0,0,31,0,36,0,33,0,20,19,22,24,0,14,13,18,17,16,15,36,32,34,0,0,0,7,12,9,0,8,11,17,14,13,15,0,0,4,1,2,6,0,0,27,0,0,28,0,0,0,19,24,23,22,0,6,2,4,0,5,0,0,0,0,16,14,17,0,0,19,0,22,24,0,0,8,0,0,9,33,0,31,0,36,35,26,0,0,29,0,0,24,20,22,0,0,0,0,0,33,34,32,35,0,2,1,0,0,6,28,25,26,30,29,27,0,0,0,16,0,0,0,0,0,11,10,0,0,0,0,7,11,9,19,24,0,0,20,23,29,26,0,27,28,30,0,13,14,0,0,15,3,2,0,4,6,5,32,31,36,35,0,0
0,0,0,0,0,0,20,0,0,24,0,19,32,36,0,31,0,35,0,3,4,2,1,6,0,28,0,26,27,29,0,0,0,0,7,12,3,6,1,0,5,4,8,10,11,0,0,7,20,24,0,19,21,23,29,27,28,0,0,30,18,16,0,14,15,17,35,32,33,34,31,36,21,24,19,20,0,22,0,28,0,0,27,25,2,6,0,1,3,5,11,9,10,0,7,0,36,0,31,32,0,35,17,0,0,16,13,0,27,0,25,0,0,28,32,34,0,0,0,0,8,12,0,7,9,11,17,0,0,0,0,18,6,0,1,2,0,5,0,0,21,22,19,24,0,0,31,32,0,34,0,4,5,0,0,1,0,0,16,0,0,17,0,0,22,20,19,24,12,10,7,8,0,0,0,0,27,28,25,0,9,12,7,8,0,0,14,0,17,18,15,0,26,30,28,0,0,29,35,0,0,32,0,36,24,0,19,20,21,23,5,2,3,4,0,6,0,7,0,3,6,0,0,0,0,13,10,8,21,25,0,0,22,0,30,0,0,27,26,31,0,0,0,15,16,18,36,33,0,35,32,1,22,0,0,21,24,23,27,29,30,0,28,26,0,0,5,2,0,6,0,10,11,0,8,13,1,0,32,33,34,0,18,15,0,17,0,0,16,0,14,15,0,17,21,0,0,25,22,0,33,1,0,32,34,36,0,4,5,0,2,0,31,0,26,27,0,30,0,9,10,11,8,13,10,0,8,9,12,11,15,0,18,19,16,14,27,31,29,0,28,0,36,0,35,33,0,0,0,23,0,0,22,24,0,0,4,0,2,7,28,0,26,27,30,29,33,35,36,0,34,32,9,13,0,8,10,12,18,16,0,15,14,19,7,5,0,3,4,0,0,0,0,23,20,0,0,0,32,33,0,0,3,0,6,0,4,2,15,19,0,14,0,18,24,22,23,21,20,0,13,0,8,9,10,12,30,27,0,29,26,31,25,28,23,24,0,26,30,32,33,0,31,29,6,10,0,5,0,0,0,13,0,12,11,16,0,2,35,36,1,0,21,0,19,20,17,22,0,22,17,18,0,20,24,0,0,28,25,23,36,0,2,35,1,0,0,7,0,6,5,0,34,0,0,0,31,0,15,12,13,14,11,16,1,4,35,36,3,0,6,8,9,10,7,5,18,0,20,17,0,21,27,0,26,24,23,0,16,14,11,12,13,15,33,30,31,0,0,34,31,0,29,30,33,32,0,0,0,0,0,35,12,16,14,11,0,15,21,19,20,18,17,22,10,8,0,6,0,9,27,24,25,26,23,28,13,16,11,12,0,0,0,0,21,22,0,0,30,34,32,29,0,0,0,1,2,36,35,0,0,26,23,24,25,27,0,6,0,8,0,0,7,0,5,6,9,8,12,14,15,0,13,0,0,28,26,23,25,27,33,31,32,30,29,34,22,20,0,18,19,0,0,36,0,0,35,4,24,27,22,23,26,25,29,31,32,33,30,28,0,0,0,0,0,8,14,0,13,0,10,0,3,1,34,35,36,2,20,0,0,19,0,21,36,0,0,0,2,1,0,7,0,9,6,0,0,21,0,16,0,0,0,0,25,0,0,27,15,0,10,11,0,0,32,29,30,31,28,0,6,9,4,5,0,7,11,0,0,0,0,10,0,0,0,0,0,26,32,0,0,29,28,33,0,0,16,17,0,20,2,35,0,1,34,0,18,21,0,17,0,0,23,0,26,27,24,22,35,3,1,34,36,2,0,6,7,5,4,9,33,0,28,29,0,0,14,11,0,13,0,15,0,15,0,0,14,13,17,19,20,21,18,0,29,33,31,0,30,32,2,36,0,35,34,3,0,0,0,0,24,26,0,5,0,7,4,9,30,0,28,29,0,0,35,0,2,0,0,34,11,15,13,0,12,14,0,18,19,17,16,21,9,7,0,5,6,0,26,23,0,0,22,27,2,0,36,1,4,0,7,9,10,11,8,6,19,0,0,18,20,22,28,26,0,25,0,0,0,15,12,13,14,0,34,31,0,0,30,35,32,0,30,31,0,0,1,0,0,5,2,0,0,17,15,0,14,16,22,0,21,19,0,0,0,9,6,7,8,10,0,0,26,0,0,29,20,0,0,19,22,0,25,27,28,29,26,0,1,5,3,36,2,0,0,8,9,7,6,11,35,33,0,0,32,0,16,13,0,0,12,17,0,0,12,0,16,15,19,21,22,0,20,18,31,0,0,0,32,34,0,0,3,1,36,0,0,0,24,25,26,28,0,0,8,9,6,11,26,29,0,0,28,0,31,33,34,0,32,0,0,0,9,0,0,10,16,14,15,0,12,17,0,0,0,0,2,0,0,19,20,0,18,23,0,11,6,0,0,9,13,0,16,17,14,12,25,29,27,0,26,28,34,0,33,0,30,35,23,21,0,19,0,22,0,0,2,0,0,0,35,0,33,0,0,0,4,6,7,8,0,0,16,0,18,15,0,19,25,23,24,0,0,0,14,12,0,10,11,13,0,0,29,30,27,32,0,20,0,16,0,0,22,24,25,0,23,0,34,2,36,0,35,1,7,0,6,0,3,0,0,0,27,0,29,0,0,10,0,12,9,14,29,32,0,0,0,30,34,36,1,2,35,33,10,14,12,9,11,13,19,17,18,0,15,0,8,0,3,0,0,0,25,22,23,0,21,26,23,26,21,22,0,24,0,30,31,0,29,27,0,0,0,3,5,7,13,11,0,10,0,0,2,36,0,34,35,1,0,0,17,18,15,20,11,14,0,10,0,12,0,18,19,20,17,15,28,0,30,0,29,31,0,35,36,34,33,2,0,24,0,22,23,25,7,4,5,6,3,8,5,8,0,4,7,6,10,12,0,14,0,9,22,0,0,0,23,0,0,29,30,28,27,0,20,18,15,16,17,19,0,34,35,36,33,2
12,0,16,14,13,0,0,0,9,8,6,5,0,34,0,0,29,32,35,36,0,2,4,1,27,26,25,0,28,0,19,22,20,21,0,0,18,21,0,20,0,17,16,0,0,0,0,11,1,4,0,0,0,2,0,6,9,8,10,7,0,32,31,0,34,29,0,0,26,27,0,24,36,3,0,2,1,35,0,31,33,0,30,0,19,0,18,21,0,0,0,24,27,26,28,25,15,14,13,0,16,0,7,10,8,9,5,6,24,27,28,0,25,0,22,19,21,20,18,0,7,0,0,9,5,0,11,12,15,14,0,0,3,2,1,36,4,35,0,0,0,33,0,0,6,0,10,8,7,5,4,0,3,2,36,35,25,0,24,0,0,0,29,30,33,32,34,0,21,20,0,0,22,0,13,0,14,15,11,12,30,33,34,32,31,29,28,25,0,0,24,0,13,16,12,0,0,14,17,0,21,20,0,19,0,0,0,6,10,5,1,0,2,0,35,36,26,29,0,0,0,25,24,21,23,22,20,0,9,0,8,0,7,10,13,14,17,16,18,15,5,4,0,0,6,0,0,36,34,35,0,32,32,0,0,0,0,0,30,0,29,28,0,25,15,18,14,0,13,16,19,20,0,22,24,0,11,0,9,0,12,7,3,6,0,5,0,2,20,0,24,22,21,19,0,15,17,16,14,13,3,0,0,5,1,0,7,8,11,10,0,9,35,34,0,32,36,31,27,30,0,29,25,26,0,17,18,16,15,13,12,0,0,0,8,7,33,0,0,0,31,0,1,2,5,0,6,0,29,28,27,26,0,25,21,24,22,0,0,0,8,11,0,0,0,0,0,0,5,4,0,1,27,0,0,0,25,28,0,0,35,34,36,33,0,0,0,20,24,19,0,18,16,17,0,0,2,5,0,0,3,1,36,33,0,34,32,31,21,24,20,23,0,22,0,26,29,0,30,27,17,16,15,14,18,13,0,12,0,11,7,8,11,14,15,13,0,0,9,6,0,7,0,4,0,0,29,32,0,31,34,35,0,1,3,0,26,0,24,0,0,22,18,21,0,0,16,17,35,0,3,1,36,34,0,30,32,31,0,0,18,0,17,0,16,0,22,23,0,25,27,24,14,13,12,0,0,0,6,0,7,8,4,5,23,26,27,0,24,0,21,18,20,19,0,0,6,0,5,8,0,0,0,0,0,13,0,0,2,1,36,35,0,0,30,0,31,32,28,29,17,0,0,0,18,16,15,0,14,13,0,0,0,3,0,2,0,1,0,5,8,0,9,6,32,31,30,0,33,28,0,27,0,26,22,23,5,8,0,7,0,4,3,36,0,1,35,34,24,27,0,0,22,0,28,0,0,31,0,30,20,0,18,17,21,16,0,15,13,14,10,11,29,0,0,31,0,0,27,0,26,25,0,22,12,15,11,14,10,13,0,17,20,19,21,18,8,7,0,0,9,4,36,3,0,2,34,0,0,0,2,0,35,33,32,0,31,30,0,0,0,20,16,0,15,18,21,0,0,24,26,23,13,12,11,10,14,0,5,8,6,7,0,4,28,0,32,30,29,0,26,23,25,24,0,0,11,0,0,13,9,12,15,16,19,18,20,17,7,6,5,4,0,3,0,0,36,1,0,0,4,0,8,6,5,3,2,0,0,36,0,33,0,26,22,25,21,24,27,0,31,30,32,29,0,18,17,16,20,0,11,0,12,13,0,10,0,13,0,0,11,9,8,5,0,6,4,0,29,0,0,0,27,0,0,0,0,36,2,35,0,24,0,22,26,21,17,20,18,19,15,0,22,0,0,24,23,21,0,17,19,18,0,15,0,0,4,0,3,6,9,0,13,12,14,11,0,36,35,0,2,33,0,0,30,0,27,0,0,19,0,0,17,15,14,0,0,12,0,9,35,2,34,1,33,0,3,4,7,0,8,0,31,30,0,28,32,27,0,26,0,0,21,0,0,0,0,11,10,0,7,4,6,5,0,2,28,31,0,30,26,29,0,0,0,0,1,0,24,23,22,21,0,20,0,19,17,18,0,15,15,0,19,17,16,0,0,0,0,11,0,0,0,0,33,36,0,35,0,3,6,0,7,4,30,29,28,0,31,26,22,0,0,24,20,21,0,24,25,23,0,20,0,16,18,17,15,14,0,0,3,6,2,0,8,9,12,0,0,0,36,35,0,0,0,0,28,31,29,30,0,27,3,6,0,0,4,2,0,34,36,35,0,32,22,25,0,24,20,23,26,27,0,29,31,28,18,17,16,15,19,14,10,13,11,12,8,9,33,36,0,0,34,0,31,0,30,0,27,26,0,19,15,18,14,17,20,21,24,0,25,22,12,11,10,0,13,8,0,0,5,6,2,3,0,30,0,29,0,26,25,0,24,0,21,20,10,0,9,12,8,0,0,15,18,0,19,0,6,5,4,3,0,0,34,1,35,36,0,33,13,0,0,15,0,12,0,0,10,9,0,6,32,35,0,34,0,33,36,1,0,3,0,2,28,0,26,25,29,24,0,0,21,22,0,19,25,0,29,27,0,24,23,20,0,21,19,18,0,0,0,0,6,9,0,0,16,15,17,14,0,3,2,1,5,36,0,35,33,0,30,31,1,4,5,3,2,0,35,0,34,33,31,0,20,0,19,0,18,0,0,25,28,0,29,26,16,0,0,0,0,12,0,11,0,0,6,7,0,0,23,0,20,18,0,14,16,15,13,12,0,0,0,4,36,3,6,7,10,9,0,8,0,33,0,31,35,0,0,0,0,0,0,0,7,0,11,0,8,6,0,2,4,3,1,36,26,0,0,0,24,27,0,31,34,0,35,0,22,0,0,19,23,18,14,0,15,0,12,0,31,0,0,33,32,0,29,26,28,27,0,24,14,17,13,16,12,0,0,19,22,21,23,0,10,0,8,7,0,6,2,5,3,0,0,1
0,0,0,0,0,0,0,3,2,0,0,0,0,0,0,17,0,0,28,23,0,27,0,24,32,33,29,31,34,0,0,14,15,11,16,13,30,0,0,32,0,0,0,27,0,0,28,25,10,9,0,5,7,0,0,11,13,0,14,12,20,21,17,19,22,18,36,2,3,0,4,1,36,35,0,2,0,3,0,0,32,29,34,0,0,15,12,0,13,14,22,17,19,21,20,18,26,0,0,25,0,0,0,8,9,0,0,0,18,17,19,0,22,0,12,15,14,11,0,0,0,33,30,29,0,32,4,35,1,3,2,36,8,0,5,7,0,0,0,26,0,23,0,25,0,0,25,0,28,0,18,21,0,17,22,0,4,3,36,35,1,2,10,5,7,9,8,6,14,0,11,13,16,0,30,32,0,29,0,0,12,0,13,14,0,0,6,9,8,5,0,7,0,27,24,23,0,26,34,0,0,0,32,0,2,3,35,1,0,36,0,0,0,0,22,19,4,3,5,0,0,0,34,1,0,33,0,35,20,0,16,15,17,0,26,21,23,25,0,0,30,0,27,0,32,28,10,0,13,0,14,0,10,9,11,12,14,0,0,0,0,3,0,5,26,0,22,0,23,24,0,0,29,31,30,28,36,1,0,35,0,34,16,18,19,15,0,17,0,0,0,24,26,25,16,19,18,15,20,0,2,1,34,0,35,36,8,3,5,7,0,0,12,13,9,11,14,10,28,30,31,27,32,29,34,0,35,36,0,1,28,31,30,27,32,0,14,0,10,9,11,12,20,0,0,0,0,0,0,25,21,23,26,22,4,6,0,3,8,5,0,0,29,30,32,0,0,25,24,0,26,0,8,0,4,3,5,6,14,9,11,0,12,10,18,19,15,17,0,16,34,36,1,33,2,35,0,0,0,18,20,0,10,0,12,9,14,11,32,31,28,27,29,30,0,0,0,0,0,34,0,7,0,0,8,4,0,24,25,21,26,23,32,31,0,34,0,35,0,0,28,25,0,27,0,11,0,0,0,10,18,0,15,0,0,0,22,0,0,21,0,20,0,4,0,1,6,3,0,0,3,0,6,5,0,35,34,31,0,0,18,0,14,0,0,0,24,0,21,0,22,20,28,29,0,27,30,26,8,10,11,0,0,9,14,13,15,0,0,17,8,11,10,0,12,9,0,0,26,25,27,28,0,31,33,35,0,32,4,5,1,3,6,2,0,22,23,0,24,21,8,7,9,0,12,0,0,5,4,0,6,3,24,0,0,0,0,0,0,25,27,29,28,26,34,35,0,0,0,32,0,16,17,0,18,0,20,0,21,22,24,23,14,17,16,13,0,15,36,35,0,0,33,34,0,1,3,5,4,2,10,11,7,9,0,8,26,28,0,25,30,27,26,25,27,0,0,0,20,23,22,0,24,0,0,0,2,0,0,0,12,7,9,11,10,8,0,17,13,15,0,0,0,0,0,31,36,0,0,24,26,0,29,28,19,22,21,18,0,0,5,4,1,0,2,0,11,0,8,10,9,7,15,0,0,14,17,0,31,33,0,0,35,32,1,36,2,3,5,4,31,34,0,0,35,32,0,0,13,12,0,15,23,0,20,22,21,19,0,28,24,0,29,25,7,0,0,0,11,8,31,30,32,33,35,34,25,28,27,24,29,0,11,0,0,6,8,9,17,12,14,16,15,0,0,22,18,20,0,0,1,0,4,0,5,0,13,0,14,0,17,16,7,10,0,0,11,0,0,28,25,0,0,27,35,30,32,0,0,0,3,4,36,2,5,0,0,21,0,18,0,20,19,18,0,21,23,0,13,16,0,0,17,14,35,34,31,0,0,33,5,36,2,0,0,0,9,10,0,8,11,7,25,0,28,0,29,0,0,6,8,9,0,10,0,0,3,36,0,2,0,0,0,18,0,21,29,0,26,0,0,0,33,0,30,32,35,31,13,0,16,12,0,0,33,32,34,35,1,36,0,30,0,26,31,0,13,12,0,8,0,0,0,14,16,18,17,15,23,24,0,22,25,0,0,0,6,2,7,4,9,0,10,0,0,12,3,0,0,0,7,0,25,24,21,20,0,23,31,26,28,30,0,27,0,36,0,34,1,33,15,17,18,14,19,0,27,26,28,29,0,0,21,24,23,20,0,22,7,6,3,0,0,5,13,0,10,12,0,9,17,0,14,0,0,0,33,35,36,0,1,34,15,14,16,17,19,0,9,12,11,8,0,10,31,30,27,26,28,0,1,32,34,36,0,33,0,6,2,0,0,0,0,23,24,20,25,22,0,0,22,23,25,0,15,0,0,14,19,0,1,36,33,32,0,0,7,2,4,6,5,3,11,0,0,10,13,9,27,29,0,26,31,28,3,2,4,0,0,6,0,36,35,0,0,0,0,18,0,14,16,0,0,0,22,24,23,21,29,30,0,28,0,0,9,11,12,8,13,0,0,22,24,25,0,26,17,20,0,16,0,18,3,2,0,34,36,1,0,0,6,8,0,5,13,14,0,12,15,0,0,31,32,28,0,30,0,0,0,31,33,32,23,0,0,22,27,24,9,8,0,4,0,0,15,10,0,0,0,11,0,20,16,0,0,17,0,1,2,34,3,0,0,16,18,19,0,20,11,14,13,10,15,0,33,0,29,0,30,31,0,34,36,2,0,35,7,8,0,6,0,0,0,25,26,22,0,24,11,0,12,0,15,14,0,8,7,4,9,6,27,26,23,0,24,25,33,28,30,32,31,29,1,2,34,36,0,35,0,19,0,0,0,18,35,34,36,0,3,2,29,32,31,0,33,0,15,14,11,0,12,13,21,16,18,20,19,0,0,26,22,0,0,0,0,0,0,4,0,6,5,0,0,7,9,8,35,0,1,34,3,36,21,20,0,0,0,19,27,0,0,26,0,23,31,32,28,30,33,0,0,13,0,10,15,0
0,7,11,12,8,9,16,14,0,0,15,18,0,0,32,0,0,34,20,23,24,21,19,22,0,0,0,0,26,0,3,6,5,0,4,2,0,13,17,18,14,15,0,0,23,0,0,24,3,6,2,1,5,4,26,29,30,27,25,0,0,35,0,34,32,31,9,12,0,7,10,8,34,31,35,0,32,33,0,0,0,1,0,0,21,0,20,19,23,0,8,0,0,9,7,10,15,17,18,16,14,13,0,0,29,25,28,0,4,1,0,0,0,3,0,8,0,7,9,12,27,0,26,0,29,28,0,0,18,15,13,16,21,23,24,0,20,0,0,0,35,31,34,32,22,19,23,24,20,21,28,26,0,25,0,30,9,0,8,7,0,10,32,0,36,33,0,34,3,5,0,0,0,0,15,18,17,13,16,14,28,0,29,30,0,27,34,32,35,31,33,0,15,0,14,0,17,0,2,5,6,3,1,0,9,0,12,10,8,7,21,24,23,19,0,20,6,3,0,0,0,0,12,10,0,0,11,0,0,32,28,27,0,30,0,19,0,17,15,18,23,25,0,24,22,21,0,0,0,33,0,34,30,0,31,32,0,0,36,34,0,33,35,2,0,20,16,15,19,18,4,7,0,0,3,6,0,13,0,0,10,9,23,26,25,21,24,0,24,21,25,26,22,23,0,0,0,27,29,32,0,14,10,0,0,12,34,1,2,35,0,36,5,7,0,0,4,3,17,20,19,0,18,0,0,33,1,0,0,0,6,0,7,0,0,8,0,26,22,21,0,24,0,13,14,11,0,12,0,19,0,18,0,15,29,32,31,0,30,28,0,0,0,0,0,11,18,16,19,15,17,20,35,0,34,33,1,36,0,25,0,0,21,0,29,31,0,30,28,27,5,8,0,3,6,4,0,0,19,20,0,0,24,22,25,0,23,26,5,8,4,3,7,6,28,31,0,0,27,30,0,1,2,0,34,33,11,14,13,0,0,10,0,0,30,31,0,28,0,33,36,32,0,0,16,19,15,0,18,17,0,6,7,4,2,5,10,12,0,11,0,0,22,0,24,0,23,0,0,32,0,1,33,0,5,0,6,2,0,7,22,25,21,20,24,23,9,12,13,10,8,11,16,0,19,17,15,0,0,31,0,26,0,27,17,14,0,19,15,0,23,21,24,0,0,0,4,7,0,2,6,5,27,0,0,28,0,0,34,0,0,35,33,0,0,0,0,8,11,0,23,0,24,25,21,22,29,27,0,26,0,31,10,13,9,0,12,0,33,0,0,0,32,35,4,6,0,5,3,2,16,19,18,14,0,15,11,8,0,0,9,10,17,15,0,0,16,19,34,1,33,0,36,35,21,24,25,0,20,23,28,0,0,29,27,26,0,7,6,0,5,3,5,2,6,7,0,4,0,9,12,0,0,13,0,31,0,26,0,0,0,18,0,0,0,17,22,24,25,0,0,0,0,1,0,0,35,33,13,10,14,0,0,12,19,17,0,16,0,0,36,3,0,34,0,1,23,0,27,0,22,25,30,32,0,31,29,28,0,9,8,4,0,0,31,28,0,33,0,30,1,0,2,34,0,0,18,21,0,0,20,0,5,0,9,0,0,0,12,14,0,13,11,10,24,27,0,22,25,0,25,0,0,27,23,24,0,0,32,28,30,33,12,15,0,10,14,13,35,2,3,36,0,1,6,8,9,7,5,4,0,0,0,16,19,17,1,34,2,3,0,0,7,5,8,0,0,9,0,27,23,22,26,0,0,14,15,12,10,13,0,20,0,0,17,16,0,0,0,28,31,29,0,0,0,9,5,6,13,11,0,0,0,15,30,0,29,28,32,31,17,20,0,18,16,0,24,26,27,0,0,0,0,3,2,0,1,0,0,16,0,21,0,0,0,23,0,22,24,0,0,9,5,0,8,7,29,0,0,30,0,31,36,2,3,1,35,34,0,15,14,10,13,0,14,11,15,16,12,13,20,18,0,0,0,0,0,4,36,35,3,0,0,27,0,25,0,26,0,0,0,0,0,29,0,10,0,5,0,6,8,5,9,10,6,0,14,0,15,0,13,16,31,0,30,29,0,0,0,21,22,19,17,0,25,27,0,26,0,23,0,4,3,35,2,36,0,0,33,34,0,31,0,36,0,0,1,4,19,22,0,0,21,20,0,9,10,7,5,0,0,0,16,14,0,11,0,0,0,23,26,24,0,17,21,22,18,0,26,24,0,23,0,0,7,10,6,0,9,0,30,33,34,31,29,32,0,0,0,0,0,35,13,16,15,0,14,12,26,23,27,28,24,25,32,0,0,0,0,34,13,0,12,11,0,0,36,3,0,1,35,2,0,0,10,0,0,0,19,22,0,17,20,18,2,35,3,4,36,1,8,6,0,5,0,0,0,0,0,23,27,26,12,0,16,13,11,0,19,21,22,0,18,0,31,34,0,29,32,0,27,24,28,0,25,26,0,0,0,30,32,0,0,0,13,12,16,15,1,4,0,2,36,0,8,0,0,9,7,6,0,23,0,0,21,19,9,6,10,0,0,0,15,13,16,12,0,0,32,0,0,0,0,0,0,0,0,20,18,0,26,28,29,27,25,24,0,5,4,36,3,0,33,30,34,35,31,32,3,0,4,0,2,5,20,23,0,0,22,0,7,10,11,8,6,0,0,0,17,15,13,0,0,0,0,24,0,25,21,0,0,0,19,20,27,0,28,24,26,0,8,0,7,6,10,9,31,0,35,32,30,33,2,4,5,3,1,0,14,17,0,0,15,0,3,36,4,0,0,0,9,7,0,0,8,11,26,29,0,0,28,0,13,16,17,14,0,15,0,22,23,0,19,0,0,35,34,0,0,31,0,12,16,0,0,14,0,19,22,0,0,23,2,5,1,36,4,0,25,28,29,26,24,27,32,0,0,33,31,30,0,11,0,6,0,0
1,4,0,0,0,0,8,6,10,0,0,0,0,19,0,0,0,20,34,0,35,0,33,32,15,0,12,16,13,14,25,26,29,0,27,0,19,0,0,21,0,0,26,24,28,25,29,27,5,1,36,4,0,0,0,13,17,12,15,0,33,0,30,34,0,0,7,8,11,10,9,6,25,0,29,27,0,0,0,30,34,0,35,0,11,7,0,10,0,0,22,0,0,18,21,0,0,0,36,0,0,2,13,0,0,16,15,12,0,0,35,33,30,0,0,36,4,1,5,3,17,13,12,16,15,0,28,25,0,24,0,0,9,11,0,10,7,0,19,20,0,0,0,18,13,16,0,0,12,0,20,18,22,19,23,21,35,31,30,34,33,32,10,0,11,6,9,8,27,29,24,28,25,0,1,0,5,4,3,36,0,10,0,9,0,8,14,12,0,13,0,15,29,25,24,28,27,26,0,0,0,36,3,0,0,23,18,0,0,20,31,0,35,34,33,30,5,8,9,0,4,6,12,0,14,11,15,13,27,23,22,26,0,0,2,35,3,34,1,36,19,21,0,20,17,18,29,30,0,32,31,28,11,0,15,13,0,12,18,16,20,0,21,19,33,29,28,32,31,0,8,5,0,0,7,6,25,27,22,0,23,24,35,36,3,2,1,0,23,26,27,0,22,0,30,0,32,29,33,31,9,5,0,8,0,6,20,0,21,0,19,0,0,3,34,2,35,36,11,12,15,14,0,10,0,2,3,1,34,0,6,4,8,5,0,0,21,0,16,0,19,18,32,0,33,0,31,0,13,0,10,0,11,12,23,24,27,26,0,0,29,0,33,31,28,30,0,34,2,35,0,0,0,11,10,14,13,0,0,23,0,22,0,24,7,9,4,8,5,0,17,0,0,20,0,16,17,20,21,0,16,18,24,22,26,0,27,25,3,35,0,0,0,36,14,11,0,0,13,0,0,33,28,32,0,30,5,6,0,8,7,0,6,9,10,8,0,0,13,11,0,12,0,0,0,24,23,0,26,0,0,0,4,35,2,1,0,22,0,0,18,19,0,0,34,33,32,29,0,0,0,32,29,31,1,35,3,0,4,2,16,12,11,15,0,0,27,24,0,23,26,0,0,10,5,9,0,7,0,19,22,0,0,17,18,0,22,0,17,0,0,0,27,24,28,26,0,36,35,0,2,0,0,0,16,11,0,13,32,0,0,0,30,0,0,7,0,9,0,0,12,15,16,14,0,13,19,17,21,0,0,20,34,30,29,0,0,31,0,0,0,5,0,7,0,28,0,0,24,25,0,1,4,3,2,35,0,0,4,2,35,1,7,5,9,0,10,8,0,0,17,21,20,0,33,0,34,0,32,31,14,16,11,15,0,13,0,25,0,0,26,23,24,0,28,26,23,25,31,29,0,30,34,32,10,0,5,9,0,0,21,18,0,17,20,19,2,4,35,3,36,1,12,0,16,15,0,0,0,0,0,0,0,17,0,21,25,22,0,0,0,34,33,1,0,0,13,10,0,0,12,11,0,32,27,31,0,29,4,5,0,0,6,0,28,31,32,30,27,0,0,33,1,34,2,0,0,10,0,13,0,11,25,22,26,21,0,23,6,8,3,7,4,0,0,17,0,19,0,0,34,0,2,36,0,35,5,3,7,0,8,6,20,0,15,19,0,17,31,28,32,0,30,0,12,14,9,13,0,11,0,23,26,25,24,0,10,0,14,0,9,0,17,15,0,0,20,0,0,28,0,31,0,0,0,4,0,3,6,0,24,0,21,0,0,23,34,35,2,1,36,33,0,0,0,24,21,23,29,0,31,28,32,30,8,4,3,0,0,0,19,16,0,15,0,17,36,2,33,0,34,0,10,11,14,13,12,0,4,0,8,6,3,0,11,0,0,10,0,12,0,0,21,25,24,23,0,34,0,33,36,35,0,0,15,19,16,17,0,29,32,0,0,27,32,35,0,0,31,33,3,0,5,0,0,4,18,14,0,17,0,0,0,26,30,0,28,27,0,12,7,11,8,9,0,0,0,23,0,19,2,5,6,0,1,3,9,7,11,0,12,0,0,20,19,0,22,21,35,32,36,31,0,33,16,18,0,17,14,15,26,27,30,29,28,25,26,29,30,0,25,27,33,31,0,0,0,0,0,0,0,0,10,9,23,20,0,0,0,21,4,6,1,0,2,3,0,0,0,0,16,0,20,23,24,22,0,0,0,25,29,26,30,28,6,2,0,5,4,3,17,14,0,13,16,0,34,0,0,35,32,33,0,9,12,0,10,7,8,11,0,10,7,9,0,13,17,14,0,16,30,26,0,0,28,27,5,2,6,0,4,3,22,0,19,23,20,0,32,0,36,0,0,31,14,17,18,0,13,15,21,19,23,0,0,0,36,0,0,35,34,33,0,0,12,7,10,0,28,0,0,29,26,27,0,0,0,0,4,1,0,0,19,17,0,16,0,20,0,21,0,23,0,0,32,0,35,34,12,9,13,8,11,0,0,0,0,30,0,0,0,4,7,6,5,0,0,24,25,23,20,22,28,26,30,27,0,0,7,3,2,6,5,4,18,0,19,0,0,16,35,1,0,36,0,34,0,0,13,12,11,0,3,6,7,5,0,0,0,0,0,0,13,11,0,0,0,24,23,22,36,0,0,32,35,34,17,19,14,18,15,0,27,0,31,30,29,26,9,12,13,0,8,10,16,0,18,0,19,17,31,0,0,30,0,28,0,3,0,2,0,0,23,25,20,24,0,0,33,34,1,36,0,32,27,30,31,0,0,28,0,32,0,33,1,0,13,9,8,0,0,10,24,0,25,20,23,22,0,7,2,6,0,0,0,0,0,0,17,14,33,36,1,0,32,34,0,0,0,0,0,5,19,15,0,18,17,16,30,0,31,0,0,28,11,0,8,12,9,10,0,0,25,24,0,20
27,22,0,23,25,0,2,0,0,0,35,0,0,13,0,11,12,14,0,0,30,31,33,0,21,0,0,19,20,17,8,4,5,0,9,7,0,0,0,0,0,0,8,4,6,0,0,9,16,19,0,0,18,0,0,2,36,1,3,0,27,0,24,0,26,0,0,10,11,12,0,0,3,0,2,35,1,36,14,10,0,0,11,0,0,0,27,0,0,26,5,8,6,7,9,4,33,28,0,31,32,29,0,16,17,18,0,19,15,10,14,0,13,0,26,22,24,25,0,27,34,0,0,35,36,0,0,20,0,0,21,16,9,0,0,0,8,5,32,0,29,0,33,0,0,4,8,5,7,6,20,0,0,0,17,0,28,0,33,29,0,32,11,14,12,0,15,0,3,34,36,0,0,0,26,22,23,0,0,25,21,16,20,0,0,0,32,28,30,31,29,0,4,0,9,5,6,0,0,26,0,25,27,22,15,10,0,0,14,11,2,0,35,36,0,1,0,13,17,14,16,15,0,25,27,28,26,0,1,0,0,0,3,0,20,23,21,22,0,0,12,0,9,0,11,8,35,31,0,0,36,34,12,0,11,0,10,9,0,19,0,22,0,24,31,34,36,32,0,0,14,17,15,0,0,13,0,1,0,4,0,0,29,0,26,0,30,28,24,19,0,0,0,21,35,31,0,34,32,36,7,10,12,0,9,11,26,0,0,28,30,25,18,0,15,0,17,14,0,1,2,3,0,4,0,0,29,26,28,27,0,0,3,4,0,0,0,0,0,14,15,0,32,0,0,34,0,0,0,19,0,0,23,20,0,0,8,9,12,0,36,31,35,32,34,33,0,7,9,10,0,12,19,0,24,0,0,0,2,5,3,4,0,1,0,25,0,28,0,0,0,13,14,0,18,16,6,1,5,2,4,3,17,0,15,16,0,18,0,28,30,0,27,0,8,11,0,10,0,0,0,31,33,34,35,0,23,19,20,21,24,22,0,21,25,0,24,23,1,33,0,36,0,2,9,12,0,10,11,13,0,31,29,30,32,0,20,15,0,0,19,0,7,0,4,0,8,6,2,0,1,34,0,0,13,0,11,12,0,14,21,24,0,22,23,25,4,7,5,0,0,3,32,0,0,0,31,28,0,15,0,17,20,18,14,9,13,0,12,0,25,0,23,0,22,26,33,0,0,0,35,0,0,19,17,18,20,0,8,0,5,0,0,4,0,27,28,0,32,30,32,27,31,28,30,29,7,3,0,6,0,8,0,18,0,16,0,19,34,0,0,36,2,0,0,0,23,0,25,22,13,9,10,11,0,12,0,3,7,0,0,0,19,0,17,18,0,20,0,30,32,28,29,0,10,13,11,0,14,9,2,33,35,0,1,34,0,21,22,0,0,0,20,15,19,16,18,17,0,0,29,0,28,32,3,6,0,4,5,7,22,25,0,24,26,0,14,9,11,0,13,10,1,33,0,0,0,36,11,0,10,7,0,0,0,18,20,21,19,23,30,33,35,31,32,0,0,0,0,15,17,12,5,36,2,0,4,1,28,0,25,0,29,27,0,36,4,1,3,2,16,12,14,0,0,17,0,27,29,25,26,28,7,0,8,9,11,6,0,30,32,33,34,0,0,18,0,0,23,21,0,24,28,25,0,26,0,36,2,0,0,0,12,0,0,0,0,0,31,0,32,33,35,0,23,0,0,0,22,19,0,6,0,8,0,0,17,0,0,13,15,14,0,0,0,0,25,0,0,3,5,0,2,4,19,22,0,21,23,18,11,6,8,9,10,0,0,0,0,32,35,33,35,30,34,31,33,32,0,6,8,9,0,11,18,0,23,19,20,22,1,0,0,3,5,36,29,24,0,27,28,25,16,0,13,14,0,0,23,18,22,0,21,0,34,0,0,33,31,35,6,9,0,0,0,0,0,28,0,27,29,24,17,12,0,0,0,13,0,36,0,0,0,0,0,17,0,0,20,19,0,29,31,0,30,34,5,8,10,6,7,9,0,27,0,26,0,23,0,0,13,14,15,0,3,0,0,1,0,0,0,5,9,6,8,7,21,17,0,0,0,22,29,32,0,30,0,33,12,0,0,0,16,0,0,35,1,2,3,36,27,0,24,25,28,0,0,0,3,36,2,0,15,11,0,14,0,16,0,26,28,0,0,0,6,9,7,8,0,0,34,29,31,0,0,30,21,17,18,0,22,0,28,23,27,0,0,25,3,0,0,2,36,4,0,0,16,0,13,15,0,33,31,32,34,29,22,17,19,20,0,0,0,5,6,0,10,8,0,29,0,0,0,31,9,5,7,8,6,10,17,20,22,18,19,21,36,3,0,2,4,35,0,0,0,26,27,0,15,11,0,0,16,0,16,11,0,12,14,13,27,23,0,26,0,28,0,2,0,36,1,3,0,0,19,20,0,0,0,0,7,8,0,0,0,29,30,31,34,32,1,32,36,33,35,0,12,0,10,11,9,13,20,0,0,21,22,24,0,6,0,5,0,2,31,0,28,29,30,27,18,0,15,0,19,17,0,26,0,0,0,0,6,0,0,0,3,0,0,17,19,15,16,18,33,36,34,35,0,0,25,20,22,0,24,0,12,0,9,10,0,0,25,20,0,0,23,0,36,0,0,0,33,1,8,11,0,0,10,12,0,30,28,0,31,26,19,0,0,0,18,15,0,2,3,4,7,0,13,0,0,9,11,0,24,20,22,0,21,25,32,35,0,33,0,36,15,18,0,0,0,0,7,2,0,5,6,0,30,26,27,28,31,29,7,2,0,0,0,4,18,14,0,17,15,19,26,29,31,27,28,0,0,12,10,0,0,8,0,0,34,35,36,0,24,20,21,22,25,23,0,14,18,15,17,16,30,26,28,0,27,0,2,5,0,3,4,6,21,24,22,23,25,20,13,8,10,0,12,0,36,32,33,34,1,0
0,0,29,0,28,0,31,0,0,36,34,0,0,0,0,0,8,10,5,2,4,0,6,0,16,0,15,0,13,18,19,0,21,24,20,0,0,9,0,0,0,7,0,14,0,0,16,15,29,25,0,0,26,28,23,20,0,19,24,21,34,0,0,0,0,0,0,5,0,6,2,4,2,3,5,6,4,1,7,8,11,12,0,0,23,0,24,21,20,0,17,14,0,0,0,15,28,29,27,0,25,30,0,35,33,0,0,0,32,0,35,0,0,31,0,2,5,0,4,3,0,13,0,0,0,16,11,8,0,7,0,9,22,23,0,20,0,24,25,29,27,30,26,28,14,15,17,18,0,0,0,20,0,0,22,21,35,31,0,33,0,0,0,0,0,0,30,0,0,5,0,2,1,6,0,11,9,12,8,0,20,21,23,24,22,0,25,26,29,30,0,27,0,1,6,3,0,0,0,32,0,31,36,33,0,11,9,8,7,0,0,0,0,0,14,16,17,18,20,21,19,16,22,0,26,0,25,0,2,34,0,0,35,0,32,0,31,28,0,30,7,8,0,0,0,9,10,0,12,15,11,13,0,0,0,9,7,4,10,11,14,15,13,0,0,22,27,24,23,25,20,17,19,16,21,18,31,32,30,0,0,33,34,2,36,0,35,1,35,36,2,0,1,34,4,0,8,9,7,0,20,0,21,0,0,0,0,0,13,10,0,0,0,26,24,23,0,27,0,0,30,33,0,0,11,0,0,0,0,0,0,17,20,21,19,18,0,0,33,30,29,0,26,23,25,22,0,0,1,2,0,35,34,3,0,8,6,9,5,7,0,0,26,27,25,22,0,0,0,0,31,0,8,4,9,6,5,0,0,35,1,34,3,0,13,0,12,11,0,15,16,20,18,0,17,19,0,30,32,0,0,28,0,35,2,0,1,36,0,10,0,0,11,0,8,0,0,0,0,6,19,20,18,17,16,21,22,0,0,27,23,0,0,0,4,5,3,36,6,7,10,0,9,8,22,18,23,0,0,21,16,13,15,12,0,0,27,0,0,25,24,0,30,0,0,35,0,33,0,14,0,0,0,0,18,19,0,23,21,0,34,30,35,0,0,33,28,25,27,24,0,26,0,0,2,1,0,5,6,0,0,11,0,9,0,8,10,0,9,6,0,13,16,0,15,0,28,0,0,26,25,0,22,19,0,18,23,0,33,34,32,0,0,0,36,4,0,0,0,3,0,0,28,0,27,24,0,31,34,35,33,32,0,6,0,0,0,0,4,1,0,36,0,2,15,16,14,0,12,0,18,22,0,23,19,0,19,0,0,23,21,0,0,25,28,29,27,0,4,36,5,0,1,3,34,0,0,30,35,32,9,10,8,0,6,11,12,0,14,0,0,15,31,0,0,35,0,0,36,1,4,5,3,0,0,12,0,14,13,0,0,7,9,0,11,8,21,22,0,19,0,23,0,28,26,29,0,27,15,16,0,19,0,14,20,21,0,25,0,22,0,32,1,34,0,0,30,27,0,26,31,0,5,0,4,3,2,0,8,0,10,13,0,11,27,28,0,31,0,26,0,33,0,1,0,0,0,0,13,0,9,11,0,3,5,2,7,0,0,0,16,0,14,0,0,24,22,0,21,23,0,0,6,7,5,0,8,9,12,13,0,0,24,20,25,0,21,23,18,0,17,0,19,16,29,0,28,0,26,0,0,36,0,1,33,35,21,0,24,0,0,0,0,0,0,31,0,28,6,2,7,4,3,5,0,0,35,32,1,34,11,12,10,9,8,13,0,18,16,19,0,0,33,34,36,1,35,0,2,0,6,7,5,4,18,14,19,0,0,0,12,9,11,0,13,10,23,24,22,21,20,25,26,0,28,0,27,0,9,0,12,13,11,0,0,15,18,19,0,16,30,26,31,28,0,0,0,0,23,0,25,22,35,36,34,33,0,1,2,6,0,0,0,0,10,11,0,14,12,9,0,16,19,0,0,17,0,27,32,29,28,0,25,22,0,21,26,23,36,1,35,34,0,2,3,0,0,8,4,6,22,23,25,26,24,21,27,28,31,0,30,0,7,3,8,5,0,0,0,34,0,0,0,0,12,13,11,0,0,14,15,19,0,20,0,18,16,0,19,20,18,15,21,0,0,26,24,0,0,33,0,35,0,0,0,28,30,27,32,29,6,7,5,0,0,0,9,0,0,0,10,12,34,0,1,2,36,33,3,4,0,8,0,0,0,15,0,0,0,18,13,0,12,9,14,11,24,25,23,0,21,26,27,31,29,32,28,30,4,5,7,0,6,3,0,0,13,14,12,11,0,0,26,23,22,24,19,0,18,15,20,17,30,0,0,28,0,32,33,0,35,2,34,36,28,29,31,32,30,27,33,34,1,0,0,35,0,0,14,11,10,12,0,0,6,0,8,0,18,19,17,16,0,20,21,25,23,26,22,24,24,25,27,0,26,23,29,30,33,0,32,0,9,5,10,7,0,0,3,0,2,35,4,1,14,15,13,12,11,16,17,21,0,22,18,0,0,0,9,10,8,5,11,12,15,16,0,13,27,23,28,0,24,26,21,0,0,17,22,19,32,33,31,0,29,34,35,0,1,4,36,0,36,1,3,0,0,35,0,0,9,10,8,0,0,17,0,19,18,20,15,12,0,11,16,13,26,27,25,24,23,28,29,0,0,0,0,32,0,13,0,0,14,0,17,0,0,0,20,19,33,0,0,31,30,32,27,24,26,23,0,0,0,0,1,36,35,0,5,9,7,0,0,8,0,0,0,0,32,29,35,0,3,4,2,0,15,0,0,13,12,14,0,6,8,0,10,7,0,21,0,18,17,22,23,27,25,28,0,0,0,19,0,22,20,17,23,24,27,28,26,25,0,35,0,1,36,2,0,0,0,0,0,31,0,9,7,0,0,10,11,0,0,0,0,14
32,31,30,29,28,0,17,0,0,0,16,19,22,21,26,25,0,24,11,10,0,0,14,13,0,35,0,2,1,33,4,8,0,5,6,3,0,13,12,0,10,0,35,0,36,33,0,1,0,3,8,7,0,0,0,28,30,0,0,31,16,0,18,0,19,15,22,26,0,23,0,21,26,25,24,23,0,0,11,14,12,0,0,0,0,15,0,19,17,0,5,0,6,3,0,0,28,0,30,0,31,0,34,2,1,35,0,33,20,0,18,0,16,15,5,8,0,0,0,0,10,9,14,0,11,0,0,34,36,0,2,0,0,0,0,26,0,0,0,32,31,29,30,0,0,0,0,5,4,3,29,32,30,27,0,31,0,0,2,0,35,0,23,0,24,21,26,25,10,0,12,14,13,9,16,20,19,17,0,0,2,0,36,0,34,33,0,26,0,21,22,0,28,27,32,31,0,30,17,16,0,0,0,19,4,5,6,0,0,0,0,14,13,11,12,9,27,26,0,24,23,22,12,15,13,0,11,0,17,16,21,20,0,0,6,5,0,4,9,8,0,0,0,33,32,28,35,0,0,36,1,0,9,8,7,6,0,0,0,33,31,28,0,32,0,34,3,2,36,1,24,23,25,22,27,0,11,12,13,0,14,10,0,21,0,18,19,16,0,2,1,0,35,0,24,0,25,0,0,26,29,28,0,32,0,31,18,17,0,16,21,20,5,6,0,0,8,0,11,15,14,12,0,0,33,32,31,0,0,28,18,0,19,16,0,20,23,22,27,26,0,25,12,11,0,0,15,14,35,0,0,3,2,0,5,0,8,6,0,0,21,0,19,18,17,0,6,9,7,0,5,0,0,0,0,0,12,13,0,35,0,0,0,0,23,24,25,27,26,0,0,33,32,30,31,28,0,14,13,12,11,10,0,0,1,34,0,2,5,0,9,8,6,7,30,29,31,28,33,32,17,0,19,0,0,16,0,27,26,24,25,0,0,24,0,22,21,20,10,0,0,8,9,12,15,14,0,0,16,0,0,3,5,2,7,0,0,28,29,0,30,26,33,1,36,34,0,0,0,6,5,4,3,0,28,31,29,0,0,30,33,32,1,36,0,35,22,21,23,0,0,0,0,10,0,13,12,0,0,19,18,16,17,14,1,36,0,0,33,0,22,25,23,0,21,24,27,26,0,0,28,29,0,15,0,0,19,18,3,0,0,7,0,0,0,13,12,10,11,0,0,0,29,28,0,26,16,19,0,14,15,18,0,0,0,24,0,23,0,0,0,8,0,12,0,0,0,0,36,32,3,7,0,4,0,2,0,18,17,16,15,14,4,7,5,2,3,0,9,0,13,12,10,11,34,0,35,32,1,36,21,22,0,25,0,20,27,0,30,28,29,26,13,0,0,0,0,8,0,1,0,32,33,0,3,2,7,6,0,5,0,0,0,0,31,0,0,0,0,19,18,14,0,25,24,22,23,20,17,0,15,0,13,0,0,5,3,0,0,4,0,6,11,10,0,9,0,31,33,30,35,0,0,0,21,23,0,18,25,0,0,26,27,24,0,0,27,0,25,24,0,0,15,12,13,16,19,0,23,22,0,21,8,0,0,6,11,0,31,0,33,0,0,30,0,5,4,0,3,36,35,0,0,0,31,30,20,23,21,18,0,0,25,24,29,28,26,27,14,13,15,12,17,16,1,2,0,0,0,36,7,11,10,8,0,6,11,10,9,0,7,6,32,0,33,30,31,34,0,36,5,4,2,3,26,0,27,24,29,28,0,0,15,17,16,0,19,0,22,0,0,18,23,22,21,20,19,18,0,0,0,6,7,0,13,12,17,16,14,0,2,1,3,36,5,4,0,26,0,29,0,24,0,35,0,0,33,0,5,4,3,2,1,36,0,29,27,0,25,28,31,0,35,0,32,33,0,0,21,18,23,22,7,0,0,11,10,6,13,17,16,0,15,12,36,0,34,33,32,0,0,0,22,0,20,23,26,0,30,29,27,0,15,14,16,0,0,17,2,3,4,6,5,0,0,12,0,0,10,7,12,11,0,9,8,0,33,36,34,31,32,0,0,0,0,5,3,4,27,26,0,25,30,29,14,15,0,18,17,0,20,24,0,21,22,0,18,0,16,15,14,0,3,6,4,1,0,5,8,7,12,11,9,10,33,32,34,0,0,35,20,0,0,0,23,19,26,30,0,0,28,0,24,0,22,21,0,0,9,0,0,7,0,11,14,13,0,0,15,0,0,0,4,1,6,0,0,27,28,0,29,0,32,36,0,0,0,31,30,0,28,27,26,0,15,0,16,13,14,17,20,19,24,23,21,22,9,0,10,0,12,11,32,33,34,36,35,31,2,6,5,3,4,1,6,5,4,0,2,1,27,0,0,0,26,29,0,0,36,35,33,34,21,0,0,19,24,23,8,9,10,0,0,7,0,0,0,15,16,13,0,21,0,19,0,17,7,10,0,0,6,0,12,0,16,15,13,14,0,36,2,35,0,3,0,25,26,0,27,23,30,34,33,0,32,0,28,27,26,0,24,23,13,16,14,11,12,15,18,0,0,21,0,20,7,6,0,0,10,9,30,31,32,34,0,29,36,0,3,0,2,35,16,15,14,0,12,0,1,0,2,35,36,3,0,5,10,0,0,8,0,30,0,0,34,33,0,19,20,22,21,17,24,0,0,25,0,23,34,0,0,0,0,0,19,22,20,17,18,21,0,23,28,27,25,26,0,0,14,0,16,15,0,1,2,0,0,0,0,10,0,0,8,0,0,3,2,0,36,35,0,28,0,0,24,27,30,29,0,33,31,32,0,18,20,17,0,21,0,7,0,0,0,0,0,16,15,0,0,0,10,0,8,0,6,0,0,0,32,0,30,33,0,35,4,0,1,2,0,0,26,23,28,0,0,13,14,0,15,11,18,22,21,0,20,17
16,0,0,0,14,0,0,0,0,19,22,0,33,0,30,0,32,0,27,0,28,29,0,26,3,0,0,0,5,0,11,8,7,0,10,0,22,18,19,0,0,0,26,0,0,0,0,24,3,0,36,0,2,5,33,31,0,35,30,0,0,0,8,6,11,0,0,14,0,12,16,0,10,6,0,0,8,11,14,15,0,13,0,12,0,28,24,25,0,29,0,0,22,23,18,20,33,31,32,0,35,34,5,2,1,36,4,0,28,24,25,27,26,29,0,33,35,31,0,0,9,0,6,7,8,11,0,1,4,5,36,2,15,13,14,12,17,16,23,0,0,18,22,21,34,0,31,33,0,35,0,3,0,0,4,36,0,16,12,13,14,17,9,7,0,11,0,0,0,19,20,18,23,22,29,26,25,24,0,27,4,0,1,3,2,5,8,0,0,7,0,0,21,0,18,0,0,0,15,13,16,17,0,14,0,0,0,0,29,28,0,32,0,30,34,0,11,7,8,0,0,0,15,0,18,14,17,13,28,0,25,26,27,30,22,20,23,24,19,0,34,32,33,31,0,0,6,3,2,1,5,0,0,25,26,28,27,30,0,34,0,32,0,0,10,11,0,8,0,12,4,0,5,6,1,3,16,0,15,13,18,0,24,21,20,0,23,0,23,0,0,22,0,24,27,28,30,26,29,25,0,0,1,0,3,6,0,32,35,0,31,0,10,8,9,7,12,0,0,15,0,13,0,0,5,1,0,0,3,6,0,0,12,8,11,7,22,23,19,20,21,0,0,14,17,18,13,0,28,26,27,25,30,29,36,33,32,31,35,34,0,0,32,0,0,36,0,4,6,0,5,1,0,0,13,14,15,0,0,0,11,12,7,0,0,20,0,0,24,0,30,27,0,0,29,0,17,0,0,0,15,0,21,0,24,20,0,19,34,0,0,32,33,36,28,26,29,30,25,27,4,2,3,0,6,0,12,9,8,7,11,10,20,0,17,19,18,21,24,0,27,0,0,22,0,2,34,35,36,3,31,0,32,0,28,0,7,5,6,4,9,0,15,0,0,10,14,0,8,4,5,0,0,9,12,0,15,0,14,0,0,26,22,23,24,27,0,0,20,0,0,18,31,0,0,28,0,0,3,36,35,34,2,1,26,22,23,0,24,0,30,31,33,0,32,28,0,8,4,5,0,9,1,35,2,3,34,0,0,0,12,10,15,0,0,0,17,16,20,19,0,34,0,1,36,3,6,7,9,5,0,0,19,20,0,17,0,0,13,11,14,15,10,12,25,23,24,22,27,26,0,30,29,28,32,0,14,10,0,0,12,15,0,19,0,0,0,0,0,32,28,29,30,33,25,23,26,27,22,24,1,35,36,0,3,2,0,6,5,4,0,7,32,28,29,31,30,0,0,1,3,0,2,0,13,0,0,0,12,0,7,0,8,9,4,0,19,17,18,16,21,20,27,24,0,0,0,25,0,29,30,0,0,34,1,2,4,0,3,35,14,0,11,12,13,0,0,6,9,10,5,0,20,18,19,17,0,21,0,25,24,23,0,26,0,5,6,8,0,10,13,0,16,0,15,11,26,27,23,0,25,0,20,18,21,22,0,19,32,30,31,29,34,0,0,1,0,0,3,2,0,35,36,0,1,4,0,8,10,6,0,0,0,21,0,18,19,0,0,12,15,0,0,13,0,24,0,0,0,0,34,31,0,0,0,32,21,17,0,20,19,0,0,0,28,0,0,23,2,3,0,36,0,4,32,0,33,34,29,31,8,6,7,5,10,9,0,0,12,11,15,0,15,0,12,14,13,16,0,20,22,18,21,17,32,33,0,30,31,34,26,24,27,28,23,25,2,0,0,0,4,0,0,0,0,0,9,0,0,23,0,26,0,0,0,0,0,30,33,29,0,9,5,6,0,0,0,36,0,4,35,1,14,12,13,11,16,15,22,0,0,0,21,20,19,0,0,18,17,0,0,24,26,22,25,21,36,1,0,34,35,0,30,28,0,32,27,29,6,4,5,3,8,0,0,11,10,9,13,0,31,0,28,30,29,0,35,0,2,34,1,33,12,13,0,10,11,14,0,4,7,0,3,5,0,16,17,15,20,19,26,23,0,0,25,24,1,0,34,36,0,0,5,6,8,4,0,3,18,19,15,16,17,0,12,10,13,14,9,0,24,22,23,0,26,0,32,0,0,0,31,30,7,3,0,6,5,8,11,12,14,0,13,9,24,0,21,22,23,26,0,16,19,20,0,0,30,0,29,27,0,0,2,0,34,33,0,36,0,21,22,0,23,26,29,0,0,0,31,0,6,0,3,0,0,0,0,34,0,0,33,35,12,0,11,9,14,13,20,0,0,15,19,0,0,9,10,0,11,0,17,18,0,0,19,0,0,0,27,28,29,32,24,22,0,0,0,0,36,34,35,0,2,0,0,5,4,0,7,0,0,0,0,5,4,7,10,11,13,9,12,8,23,0,0,0,0,0,0,15,18,19,14,0,29,27,0,26,0,30,1,0,0,32,36,35,0,0,0,23,0,25,28,0,0,27,30,26,5,6,0,0,4,0,35,33,36,1,0,34,11,9,0,8,13,12,19,0,0,14,18,17,36,32,33,35,34,1,4,5,7,3,6,0,0,0,0,0,16,19,11,9,0,0,8,10,23,0,0,0,25,0,0,0,27,26,0,29,18,14,15,17,16,19,22,23,25,21,0,20,35,36,32,0,34,0,29,0,30,31,26,28,0,3,4,2,7,6,13,10,0,8,12,11,30,0,27,0,28,31,34,35,0,33,36,0,11,0,8,0,10,13,0,0,0,7,0,4,0,15,16,14,0,18,25,22,21,0,24,0,0,0,0,11,10,0,16,0,0,15,0,14,29,0,26,0,28,31,0,21,24,25,0,22,35,33,34,32,1,36,7,4,3,0,6,5
29,0,0,27,0,24,3,0,0,0,2,4,22,18,0,23,20,21,35,32,0,34,30,31,0,0,12,0,0,0,10,6,8,0,0,7,0,0,0,15,16,12,0,0,0,25,26,28,10,0,0,11,0,0,0,20,0,0,0,0,1,3,36,5,4,2,34,30,0,0,33,31,35,31,32,0,34,30,9,0,11,7,8,10,28,24,25,29,26,0,5,2,3,0,36,1,0,21,0,23,22,20,0,12,0,0,0,0,0,1,2,3,0,36,15,12,0,0,14,16,34,0,31,0,32,33,11,8,9,10,6,7,25,27,24,29,0,26,0,0,20,0,21,0,11,7,8,9,10,6,21,18,23,19,0,0,4,36,1,5,2,3,17,0,0,16,12,0,0,33,0,35,34,32,28,24,26,29,27,0,0,19,0,21,22,18,0,0,35,31,32,34,16,0,13,17,14,15,0,26,27,0,24,25,7,0,0,0,10,8,0,36,2,5,0,1,0,20,21,22,23,19,34,0,36,0,0,35,0,13,14,18,15,16,30,0,28,0,25,26,8,10,7,12,11,9,5,0,3,6,0,2,30,26,27,28,29,25,4,1,0,2,0,5,0,19,20,0,21,22,0,33,0,35,31,32,0,16,13,0,0,15,11,7,9,0,0,0,12,8,0,0,11,7,22,19,24,0,0,23,0,1,0,0,3,4,0,15,16,17,0,0,32,34,0,0,35,33,29,0,27,30,28,0,0,2,0,0,0,0,16,13,18,0,15,17,35,31,32,0,33,34,0,9,0,11,7,8,0,28,25,0,29,27,23,19,21,24,22,20,36,0,33,0,35,31,0,7,12,0,9,0,0,0,26,30,27,0,0,3,4,5,0,2,20,22,0,24,23,0,0,13,15,0,16,14,18,14,0,16,17,0,28,25,30,0,0,29,11,0,0,12,0,10,0,0,22,23,19,0,2,0,1,6,0,0,35,31,0,36,34,0,2,34,35,36,1,33,0,9,14,0,0,13,0,0,0,0,0,30,8,5,6,7,3,4,22,24,21,0,25,0,19,0,17,20,18,0,26,0,23,24,0,0,36,33,2,34,35,1,0,15,16,20,17,18,0,0,30,0,27,28,10,12,9,0,13,11,7,3,5,8,6,4,14,10,11,12,0,9,24,21,26,22,23,0,7,0,0,0,5,0,20,17,0,19,15,0,0,0,0,0,0,35,0,0,29,32,30,0,32,28,0,0,0,27,6,3,8,4,5,0,25,0,0,26,23,0,0,35,36,1,33,0,16,0,15,20,19,17,0,9,0,0,0,0,0,16,17,0,19,0,30,27,32,0,29,0,13,9,10,0,0,0,0,23,24,25,0,22,4,0,0,0,0,0,1,0,35,2,0,0,0,0,0,0,7,0,18,15,0,0,0,19,1,33,34,0,35,36,0,11,0,0,9,10,28,30,27,0,0,29,0,21,0,26,0,0,4,0,1,0,3,0,14,11,16,12,13,15,0,29,30,34,31,32,10,0,8,9,5,6,24,0,0,0,27,0,21,17,19,22,20,18,16,12,13,0,15,11,26,0,28,24,25,27,0,0,0,10,7,0,0,19,0,0,17,18,0,2,0,4,3,1,33,29,31,0,32,0,10,0,7,0,9,5,20,0,0,18,0,21,3,35,36,4,1,2,16,0,0,0,11,12,30,32,29,34,0,31,0,23,25,0,26,24,0,24,25,26,27,23,0,35,4,0,0,3,21,17,18,22,19,0,34,0,32,33,29,30,0,0,0,16,15,13,0,5,7,10,8,0,0,30,31,32,33,0,0,5,10,6,7,9,0,23,24,28,25,0,0,1,2,0,35,36,18,20,17,22,21,19,15,11,0,16,14,12,0,0,0,0,21,17,32,0,0,30,31,0,0,11,0,16,0,14,28,25,0,27,23,0,0,0,0,10,0,7,0,35,0,4,0,36,1,0,0,35,36,32,11,8,13,0,0,0,0,0,27,31,0,0,7,4,0,6,0,3,0,23,0,0,24,22,18,0,0,19,0,0,31,27,28,0,30,26,0,2,0,3,4,6,24,20,0,0,22,23,1,0,35,36,32,33,15,17,14,0,18,0,0,8,0,0,0,9,19,0,16,17,0,0,29,0,31,0,28,0,12,8,9,13,0,0,0,22,23,24,20,21,3,5,2,7,6,4,36,32,34,1,35,33,13,9,0,11,12,8,23,0,25,21,22,24,6,0,0,0,4,5,0,0,17,0,14,15,33,35,32,0,36,0,30,0,28,0,0,0,7,3,0,5,6,2,0,14,0,15,16,18,36,32,0,1,0,35,0,10,11,0,0,0,0,29,26,31,30,28,0,0,0,25,0,21,25,21,0,0,0,0,0,32,1,33,0,36,0,0,15,0,0,17,0,28,29,0,0,27,0,11,8,13,0,10,6,0,4,0,0,0,27,23,24,0,26,0,1,0,0,0,36,2,0,16,17,21,18,0,0,30,31,32,28,29,11,13,0,0,0,12,8,0,0,0,7,5,0,5,0,7,0,4,19,16,21,0,0,0,0,34,35,3,0,1,0,12,0,14,0,11,29,0,0,33,32,0,0,0,24,0,0,23,33,29,0,31,32,0,7,4,0,5,6,8,0,22,23,27,0,25,3,36,0,2,34,35,0,19,16,21,0,18,14,10,12,15,0,11,3,35,0,1,0,0,13,10,15,11,12,14,32,28,29,33,0,31,9,6,7,0,4,5,23,0,22,27,26,0,20,0,0,0,0,17,21,17,18,0,0,0,31,28,33,29,0,0,14,10,11,15,12,13,0,24,25,26,22,23,5,7,4,9,0,0,0,0,36,0,1,0,15,11,0,13,14,0,25,22,27,23,24,26,8,4,0,0,6,7,21,0,19,20,16,0,35,1,34,0,2,0,32,28,30,0,31,29
15,13,0,17,14,0,5,1,4,0,36,2,34,0,33,32,30,35,21,22,0,0,19,18,6,7,10,0,0,8,26,24,0,28,0,27,0,25,24,0,26,0,0,0,0,0,12,14,0,7,9,0,6,11,0,34,32,35,31,30,18,19,22,0,0,20,2,0,0,0,1,3,21,0,0,0,0,0,11,7,10,9,0,8,4,0,3,2,36,0,27,0,26,29,0,0,0,13,16,15,17,14,32,0,35,34,31,33,33,31,0,35,32,34,23,0,0,0,0,0,16,13,0,14,12,0,3,4,2,5,1,0,24,25,0,27,29,26,8,0,0,0,7,9,3,1,0,0,0,0,29,25,0,27,0,26,22,0,21,0,18,0,9,10,8,0,0,0,0,31,34,33,0,0,0,12,0,16,13,15,0,7,0,11,8,10,35,0,34,33,30,0,0,25,0,0,24,29,15,16,14,0,0,12,36,1,0,3,5,0,20,18,23,0,19,0,0,12,0,0,0,15,0,36,3,0,0,0,0,30,0,0,0,34,20,21,19,22,18,0,5,6,0,8,10,7,25,0,0,27,0,26,0,0,17,0,19,21,10,6,9,8,5,0,3,0,2,1,35,4,26,27,25,28,0,23,11,12,0,0,16,13,0,29,34,33,30,0,0,6,0,0,7,9,34,30,0,32,0,0,0,24,0,25,23,28,14,0,13,16,0,11,0,36,3,0,4,0,0,17,0,21,0,0,0,0,35,4,0,3,0,24,0,0,23,25,0,18,20,0,17,22,0,9,7,0,6,0,0,30,33,0,34,0,0,0,16,15,12,0,0,0,0,28,0,27,0,0,0,0,0,0,9,0,8,0,5,0,0,33,31,34,30,0,0,18,21,0,22,0,0,35,4,0,36,2,32,30,29,34,31,33,22,18,21,0,0,19,15,12,0,13,0,16,2,3,1,4,36,35,0,24,27,26,0,25,0,5,0,9,6,8,29,27,26,0,28,30,19,0,18,17,0,0,12,9,0,10,8,13,35,36,34,1,0,0,20,21,0,23,0,22,4,0,7,6,3,5,5,0,2,0,4,0,0,27,0,0,0,28,0,0,23,0,0,25,11,0,10,0,9,0,0,33,36,35,1,34,16,14,19,18,15,17,0,0,20,25,0,24,0,0,12,0,8,0,6,3,0,0,2,0,0,0,28,31,27,26,14,0,18,17,0,0,0,32,1,0,33,35,0,9,0,13,10,12,1,33,36,0,32,0,30,0,29,0,26,31,17,18,0,19,15,0,2,3,6,5,7,4,22,0,0,0,0,0,17,0,14,19,0,18,7,3,6,5,0,4,36,33,35,0,0,1,0,0,0,25,21,20,8,9,12,11,13,0,0,26,0,0,27,29,35,0,32,1,34,36,25,21,0,23,0,22,18,15,17,16,14,19,5,0,4,0,0,2,26,0,0,29,31,28,10,8,13,12,0,11,13,0,0,15,0,14,3,35,2,1,0,0,32,29,0,0,28,33,19,20,18,21,0,0,4,5,8,7,9,0,0,22,27,26,23,25,0,5,0,9,6,0,33,29,32,31,28,30,26,23,25,24,0,27,13,14,12,0,0,0,34,35,0,1,3,36,0,16,0,20,0,19,31,29,0,33,30,32,21,0,0,19,16,0,14,0,13,12,10,15,0,2,36,0,35,34,22,23,26,25,0,0,0,0,9,8,5,0,0,23,0,0,24,26,0,0,14,13,10,12,0,5,7,0,4,9,0,32,30,33,29,28,0,17,20,0,21,0,36,34,0,2,0,1,0,17,0,0,0,20,9,0,0,0,4,6,0,0,1,0,34,3,0,26,24,27,23,0,10,11,0,13,15,12,0,0,0,32,29,31,1,35,34,3,36,2,27,23,0,25,22,24,0,0,0,18,16,21,0,0,0,9,5,4,0,0,32,31,33,0,0,10,0,14,11,13,12,10,0,14,11,13,2,34,1,36,0,0,31,28,0,29,27,32,18,0,0,20,0,15,3,4,7,0,8,5,0,0,26,0,22,24,18,0,0,20,17,0,0,0,0,6,0,5,1,34,36,0,0,0,24,25,0,26,22,0,9,10,0,12,14,11,0,0,32,0,0,0,0,4,0,8,0,0,32,0,31,30,27,29,25,0,0,0,21,26,12,13,11,0,0,9,33,0,1,36,0,0,17,15,20,19,16,18,24,0,0,0,0,25,0,0,13,12,9,11,7,4,0,0,3,8,30,31,29,0,28,27,0,16,0,18,20,17,35,33,2,1,34,36,36,0,33,2,0,1,26,0,0,24,0,23,19,16,0,0,0,0,6,7,5,8,0,0,0,0,0,0,0,0,11,9,0,0,10,0,0,28,27,32,29,31,0,16,19,0,15,0,13,10,0,0,0,14,36,1,35,2,34,33,21,22,0,0,0,0,5,3,0,7,4,6,22,20,19,24,21,23,0,0,11,0,7,9,0,2,0,0,0,0,28,29,0,30,26,25,13,0,17,16,0,0,33,31,0,35,32,34,28,26,25,30,27,29,18,14,17,16,13,0,11,8,10,9,7,0,34,0,0,0,0,31,19,0,23,22,24,21,3,1,6,5,0,4,10,8,7,0,0,11,36,32,35,34,31,33,29,0,28,0,0,0,0,17,15,0,0,13,1,2,5,4,0,3,0,19,24,23,0,0,4,2,0,6,0,5,0,26,29,28,25,0,23,20,0,21,19,24,0,0,9,0,0,0,31,32,35,34,36,0,0,0,0,0,0,16,0,32,31,0,0,35,0,0,23,22,0,21,17,14,16,15,13,18,4,0,0,0,2,0,0,0,29,28,30,0,9,0,12,0,0,10,0,14,13,0,15,17,6,0,0,4,1,0,35,0,34,33,31,36,22,23,21,24,20,0,7,8,11,10,12,9,27,0,30,29,0,28
0,20,17,0,0,19,0,31,28,0,27,0,22,23,0,0,24,0,4,0,5,0,3,0,0,0,9,14,12,10,34,36,35,1,2,33,28,32,29,27,30,0,6,7,4,5,3,8,34,35,2,0,36,33,16,19,17,0,15,18,25,23,0,26,24,22,0,0,11,0,14,9,4,8,0,0,0,0,0,0,16,17,15,0,0,11,14,13,0,9,0,31,29,32,27,0,0,35,33,2,36,0,0,24,23,0,26,21,10,0,11,0,0,13,24,0,22,23,21,26,0,0,20,19,0,0,34,0,35,2,33,36,0,0,3,0,6,0,0,30,0,0,32,0,22,26,23,21,0,25,0,1,0,0,33,0,28,29,0,0,30,27,10,13,11,14,0,0,0,17,15,0,18,0,4,6,0,7,0,3,0,2,35,33,36,1,12,13,10,0,0,0,0,0,8,7,6,0,0,25,23,26,0,0,0,29,0,0,30,0,16,0,17,0,20,0,2,6,3,0,4,5,16,17,0,15,0,18,0,9,0,11,0,0,0,0,27,30,0,28,35,0,31,0,34,32,20,22,21,23,0,19,26,0,27,25,28,29,4,5,2,0,1,6,32,0,36,35,0,31,0,17,15,0,13,16,0,21,19,0,22,20,8,10,9,0,0,7,8,12,9,7,10,0,0,23,20,21,0,0,0,0,18,17,16,13,32,35,0,36,0,34,0,3,1,6,0,2,0,28,27,29,0,25,32,0,33,0,0,0,10,11,0,9,0,0,0,3,6,0,4,1,0,23,0,24,0,22,29,27,25,30,28,0,0,16,15,17,18,13,0,18,15,13,16,0,28,29,26,0,25,30,0,0,24,23,22,0,2,5,3,0,0,0,11,9,0,12,0,0,0,34,0,35,0,31,20,0,21,0,22,23,0,35,32,0,31,36,0,27,0,29,28,0,0,0,0,12,7,0,17,15,13,18,16,14,2,0,3,5,0,1,17,21,18,16,19,0,0,32,0,30,0,0,23,24,27,0,0,22,0,0,6,0,4,7,14,12,10,0,13,0,35,1,36,0,3,0,35,3,0,34,0,2,13,14,0,12,10,15,5,0,9,8,0,0,0,26,0,27,22,25,0,0,0,33,31,29,0,19,0,20,21,0,0,33,30,28,31,0,7,8,5,0,4,9,35,36,3,2,0,34,17,20,0,0,16,19,26,24,0,27,25,23,11,13,0,14,0,10,23,27,24,0,0,26,1,2,35,36,34,0,0,30,33,0,31,0,11,14,12,15,10,13,0,0,16,21,0,17,5,7,6,8,9,4,0,0,6,0,0,8,19,0,0,0,16,0,11,12,15,14,0,10,0,32,0,33,28,31,2,0,0,3,1,35,23,0,24,0,0,0,11,15,0,0,0,14,25,26,0,24,22,27,17,0,21,20,19,16,0,0,36,3,0,1,8,0,0,9,0,0,0,31,0,0,0,28,0,29,26,24,27,0,3,4,0,0,36,5,31,0,0,0,0,0,13,16,0,17,12,15,22,0,18,0,0,19,7,9,8,10,0,0,0,11,8,6,9,10,21,22,0,0,0,23,0,14,17,0,15,12,31,34,32,0,30,33,0,2,0,5,3,1,0,0,26,0,0,0,0,35,32,30,33,34,9,10,7,8,0,11,0,2,0,4,3,36,0,22,20,0,18,21,28,0,0,0,27,25,0,0,14,16,17,12,19,23,20,18,0,22,33,0,0,0,0,0,25,26,29,28,27,24,7,0,8,0,6,0,16,0,12,17,15,13,1,0,0,0,5,0,1,0,2,36,3,0,0,0,13,14,12,17,7,8,11,10,9,6,25,28,26,29,24,27,34,0,30,35,33,0,0,21,0,0,23,0,13,17,0,12,15,16,27,28,0,0,24,0,19,20,23,0,21,0,0,4,2,5,0,3,10,8,0,11,9,7,31,33,32,0,0,30,6,0,0,5,8,9,20,0,18,0,0,22,12,0,16,0,14,11,30,0,0,0,0,32,0,1,35,0,2,0,0,0,0,27,0,23,30,34,31,0,0,0,8,9,0,0,0,0,0,1,4,0,0,35,18,21,0,22,17,20,27,25,0,0,26,24,12,14,0,15,0,0,18,22,19,17,20,0,32,33,0,31,29,0,24,0,28,27,26,23,6,0,7,10,5,8,0,13,0,0,14,12,36,0,1,3,4,0,0,4,0,0,0,3,14,15,12,13,11,16,6,7,10,9,0,5,0,27,0,28,23,26,33,31,29,34,32,30,18,0,0,0,0,0,0,0,0,11,0,15,26,27,24,25,0,28,18,19,22,21,0,0,0,0,1,0,35,0,9,7,0,10,8,6,30,32,31,0,34,29,0,28,25,0,26,27,0,0,0,1,35,4,0,31,34,0,32,29,12,15,13,16,0,0,0,19,0,22,0,18,6,0,7,9,0,5,0,25,0,20,0,0,0,0,33,34,0,1,0,28,31,0,29,26,9,12,10,0,8,11,18,16,0,19,17,0,3,5,4,6,0,2,33,1,34,0,35,0,0,12,0,10,0,0,3,4,7,6,5,2,21,0,22,25,20,23,0,28,0,31,0,27,15,0,16,18,19,0,0,13,0,0,11,0,23,24,21,22,20,25,0,16,0,18,17,0,33,36,34,1,32,0,0,4,2,7,5,0,27,29,0,30,0,26,27,31,28,0,29,30,5,0,3,4,0,7,0,0,0,36,0,0,0,18,0,0,14,17,24,22,20,25,0,0,0,0,0,0,13,8,0,0,16,14,17,18,0,30,0,0,26,0,21,0,25,0,0,0,3,6,0,7,0,5,0,10,8,0,0,9,33,35,34,36,1,32,3,0,0,2,5,6,17,18,15,16,14,0,9,10,13,0,11,0,27,0,0,0,0,29,0,34,32,0,0,33,0,0,22,0,25,20
6,4,0,0,0,3,27,29,31,0,28,30,26,22,0,0,25,0,13,9,14,0,12,11,18,0,17,0,16,0,0,0,0,0,33,35,30,28,0,29,31,27,15,17,0,20,16,0,0,10,9,12,0,11,0,0,2,34,0,0,6,0,0,7,4,8,24,0,22,0,0,23,12,10,14,0,0,9,33,35,0,2,34,0,32,28,0,30,0,29,19,0,20,16,18,17,0,0,23,25,0,26,6,0,4,0,3,0,36,0,0,35,0,33,21,23,0,0,0,0,20,0,15,18,19,0,7,3,8,0,0,0,0,9,11,13,10,14,0,31,28,32,0,29,0,16,0,0,19,15,3,0,7,8,4,6,0,34,0,36,0,0,0,21,0,22,0,23,0,27,0,31,28,32,12,0,0,14,0,11,0,22,0,0,25,21,9,11,0,14,10,0,8,4,0,6,7,5,0,27,32,0,30,0,0,0,35,1,34,2,18,19,16,0,0,17,8,0,10,7,0,5,29,31,33,34,0,0,28,0,23,26,27,25,15,11,16,12,14,13,20,0,19,21,18,22,2,3,0,4,0,1,26,0,0,25,27,23,11,0,15,16,12,14,0,6,5,0,0,7,0,29,34,30,0,31,2,0,0,3,0,0,20,0,18,22,0,0,2,36,0,0,3,35,0,25,0,28,24,0,22,18,17,0,21,0,0,5,10,0,8,0,14,11,13,0,12,0,32,0,0,34,29,31,0,30,0,31,33,29,17,19,21,0,0,0,0,12,11,14,0,13,3,35,4,36,2,0,0,5,0,9,6,10,26,0,24,28,23,25,0,0,22,19,21,0,5,7,9,10,6,8,0,36,0,0,3,0,27,0,28,24,26,0,0,0,31,0,30,0,0,0,12,16,11,0,14,0,0,13,15,11,0,1,3,4,0,0,34,0,0,32,33,0,21,0,22,0,20,19,0,0,25,0,24,28,8,0,0,10,0,7,17,15,19,0,18,14,0,0,6,7,3,5,0,33,32,35,36,0,0,0,0,21,0,22,29,26,0,0,0,31,11,12,9,13,8,10,0,27,0,28,30,26,0,16,0,19,15,17,0,0,8,11,12,0,0,32,1,0,0,0,0,0,0,6,3,0,23,24,21,25,20,0,5,3,7,4,6,2,0,0,30,0,27,0,25,21,20,23,24,22,0,8,13,0,11,0,0,0,0,18,15,19,0,36,33,1,32,34,0,0,13,0,12,0,32,34,0,1,33,35,31,27,0,0,30,28,18,14,0,15,17,0,23,0,22,24,21,25,5,6,3,0,0,4,23,0,0,0,24,0,8,0,12,13,9,11,7,3,0,5,0,4,30,26,31,27,29,28,0,32,34,36,0,1,17,0,0,19,14,16,35,0,1,0,0,0,20,0,24,0,21,23,19,15,14,17,18,16,0,2,7,3,0,0,0,8,0,12,0,13,29,30,0,31,0,28,0,8,12,9,11,0,31,33,35,0,0,34,30,26,25,0,29,27,17,0,18,14,16,15,22,0,21,23,0,24,4,5,2,0,1,0,0,32,0,33,35,31,19,21,23,0,0,22,0,0,13,16,17,15,0,1,0,2,0,0,10,7,9,0,8,12,0,29,0,30,0,0,16,14,18,0,17,0,1,0,5,6,0,4,0,32,31,0,35,33,23,19,0,20,22,21,28,0,27,0,0,0,0,11,0,12,0,0,4,0,0,3,5,1,25,0,29,0,26,28,24,0,19,0,23,21,0,7,12,0,10,9,16,13,15,0,0,0,34,0,32,36,31,0,22,0,0,21,0,0,7,0,11,12,0,10,6,2,0,4,0,0,0,25,0,26,28,0,34,31,33,35,0,0,16,17,14,18,13,15,28,26,0,0,0,0,13,15,17,18,14,16,0,8,0,10,11,9,0,31,36,0,0,33,4,0,0,0,2,6,0,0,20,24,19,21,0,1,0,2,0,36,0,26,28,29,25,0,23,0,0,21,22,20,10,6,11,7,9,0,0,0,14,16,13,0,33,34,0,35,30,0,0,13,17,14,16,12,36,0,4,5,0,0,35,31,30,33,34,0,0,18,23,0,21,20,27,0,0,0,0,0,9,0,0,11,6,0,33,0,35,32,0,0,18,20,22,23,0,21,17,13,0,15,16,0,0,36,5,1,3,0,0,0,0,10,7,11,27,0,0,0,24,26,0,0,29,0,28,0,12,0,16,17,13,15,11,7,0,9,0,8,34,0,35,0,33,32,3,0,0,0,1,5,0,22,19,0,0,20,9,7,0,8,10,6,30,0,0,0,0,33,29,0,0,0,28,0,0,0,17,0,15,14,21,18,0,0,19,23,0,0,0,5,36,2,21,0,23,20,22,18,0,0,0,0,7,9,5,1,36,3,4,2,28,24,29,25,0,0,0,0,32,34,31,0,0,0,13,17,12,0,1,0,3,36,2,0,22,24,26,27,0,25,0,17,16,19,20,0,8,4,9,0,7,0,0,10,12,0,0,0,31,0,29,0,28,0,19,17,21,18,0,16,4,6,8,0,5,0,0,35,34,0,0,36,26,22,27,0,0,0,31,28,0,0,0,0,13,0,11,15,10,12,31,29,33,0,32,28,0,18,0,21,0,0,0,0,10,13,14,12,0,0,0,35,1,36,7,4,6,8,0,9,0,0,23,0,22,24,25,0,27,24,26,22,10,0,0,15,11,0,9,0,4,7,8,6,0,28,33,29,31,0,0,34,0,2,0,3,19,20,17,21,0,0,7,5,0,6,0,0,28,30,32,33,29,31,27,23,22,25,0,24,0,0,15,11,13,12,19,0,0,0,17,0,0,2,35,0,0,36,13,11,15,12,0,10,0,0,2,3,35,0,0,29,0,31,32,0,0,0,21,17,0,0,25,22,24,0,23,27,7,8,0,0,4,0
0,0,0,24,0,29,23,19,0,0,20,22,0,0,12,15,0,13,30,31,0,33,0,35,36,0,3,0,0,0,7,8,0,0,0,0,0,0,8,6,9,0,5,1,0,0,2,0,35,0,30,33,0,31,12,0,0,0,0,0,18,23,21,20,22,0,25,26,24,0,27,0,34,31,32,30,33,35,29,25,24,27,0,28,23,0,18,0,0,19,36,1,2,3,4,5,6,11,9,0,0,7,13,14,12,0,15,0,22,19,0,18,0,23,17,13,0,15,0,0,0,10,6,9,8,0,0,25,0,0,28,29,0,35,0,0,34,0,1,2,36,5,0,0,4,1,0,36,0,5,0,31,30,33,32,34,29,28,0,27,26,25,6,0,8,0,10,0,0,17,0,14,0,13,19,20,18,0,0,22,16,0,0,12,15,17,0,7,6,9,8,0,5,0,36,0,0,0,18,19,0,0,0,0,24,29,27,26,28,25,0,32,0,0,0,34,31,28,29,0,30,32,26,22,21,24,23,25,0,0,15,18,0,0,0,34,35,0,0,0,3,8,0,5,0,0,10,0,0,14,12,0,0,0,0,9,12,0,0,4,3,6,0,7,0,1,33,36,0,0,15,16,0,18,19,20,21,26,24,23,0,0,0,0,27,32,0,31,25,0,23,21,24,0,20,16,15,18,0,0,14,13,9,0,11,10,27,28,29,30,31,32,33,2,36,0,1,34,4,5,3,8,0,7,0,0,17,0,0,20,14,10,0,12,11,13,8,7,0,6,5,0,21,0,0,0,25,0,0,32,30,29,31,0,34,35,33,2,36,1,1,34,35,33,0,0,32,28,27,30,0,0,26,0,21,0,23,0,0,4,5,0,7,0,9,14,12,0,0,0,16,0,15,20,0,19,7,4,0,3,6,8,2,34,33,0,0,0,32,31,27,30,29,28,0,0,11,12,0,0,0,20,18,17,19,16,0,0,21,26,24,0,36,0,0,32,35,1,31,0,26,0,0,0,25,24,20,0,22,21,2,3,4,5,0,0,8,13,11,10,0,9,15,0,14,0,0,18,0,27,28,26,29,31,25,21,20,23,0,0,19,18,0,0,16,0,32,33,34,35,36,0,0,7,0,4,6,0,0,0,8,0,11,12,12,0,0,0,11,13,7,0,0,0,4,6,1,36,32,35,0,0,14,0,16,0,18,19,20,25,0,22,0,21,27,0,26,0,29,30,0,0,0,2,5,7,1,0,0,35,34,0,31,30,26,29,0,27,8,9,10,11,12,0,14,19,17,16,18,15,21,0,20,0,0,24,18,15,16,14,17,0,0,0,8,11,0,12,7,6,2,5,4,0,0,21,22,0,24,25,0,0,29,28,30,27,33,34,0,1,35,36,24,0,22,20,23,25,19,0,14,17,0,18,13,12,8,11,10,0,26,27,28,0,30,0,0,1,0,34,36,33,0,4,2,7,0,6,0,0,18,0,19,0,0,11,0,13,0,0,0,0,0,7,6,0,22,23,0,25,26,0,28,33,0,30,32,0,35,36,34,0,0,2,26,23,24,22,25,27,0,17,0,19,0,0,0,14,10,0,12,0,28,29,30,0,0,0,34,3,1,36,0,35,5,6,0,9,7,8,32,0,0,28,31,33,0,23,22,25,0,26,0,0,16,0,18,17,0,35,0,0,2,3,0,0,0,0,0,5,11,12,0,15,0,14,0,35,36,34,1,3,33,29,0,31,30,0,27,0,0,0,24,23,4,5,6,7,8,0,10,15,13,12,14,0,0,18,0,0,19,20,0,11,12,0,0,0,0,5,4,7,6,8,3,0,0,0,36,0,16,0,0,0,20,21,22,27,25,0,26,23,29,30,0,0,31,0,8,5,0,0,7,0,3,0,0,1,0,0,0,32,0,31,0,29,10,11,12,0,14,0,16,0,19,0,0,17,0,24,22,0,25,26,29,26,27,25,28,0,0,0,19,0,0,23,0,17,13,16,0,0,0,32,33,34,0,0,0,6,0,3,5,0,0,9,7,0,10,11,11,8,9,7,10,12,6,2,1,0,3,0,36,35,31,34,33,0,0,0,0,0,17,18,19,24,0,21,23,20,0,0,0,30,28,29,0,2,0,0,4,6,36,32,31,34,33,0,30,29,0,0,27,26,0,0,0,0,0,12,0,0,16,15,0,0,20,21,0,24,22,0,0,20,21,19,22,0,0,0,13,16,15,17,12,11,0,10,9,0,0,26,0,28,29,30,0,36,0,0,0,0,2,0,0,0,4,5,0,14,0,13,16,0,0,8,7,10,9,11,6,0,1,4,0,2,0,20,21,22,0,24,25,30,0,27,29,26,32,33,31,0,0,35,35,32,0,31,34,36,0,26,0,28,27,29,24,23,19,22,21,0,1,2,3,4,5,0,7,0,0,9,11,0,14,15,13,0,16,0,9,6,7,5,8,10,0,0,35,2,0,0,34,33,0,32,31,30,0,12,13,14,15,16,17,22,20,0,0,18,0,25,23,28,0,27,3,0,1,0,0,4,34,0,29,0,31,33,28,27,23,26,25,24,5,0,7,0,9,10,11,16,14,0,15,12,18,0,0,22,0,21,33,30,0,29,0,34,28,0,23,26,0,0,22,0,0,20,0,18,0,36,0,0,3,4,0,10,0,0,0,0,12,13,11,16,14,15,27,24,25,23,26,0,22,18,17,20,19,21,0,15,0,14,13,12,29,30,31,32,33,0,0,4,2,1,3,36,6,7,0,0,8,9,0,18,0,0,0,22,16,12,0,0,13,15,10,9,5,8,7,0,0,0,25,26,0,28,29,34,32,0,0,30,0,0,35,4,2,0,15,12,13,11,14,16,10,6,5,0,0,9,0,3,35,2,1,36,17,0,0,0,0,22,23,28,26,25,0,0,30,31,29,34,32,33
35,0,1,0,0,33,6,4,8,0,5,0,0,21,23,0,0,26,14,0,0,9,11,0,0,19,20,0,15,0,0,29,28,32,27,0,29,32,31,0,28,0,36,34,2,33,35,1,0,0,17,0,0,20,0,7,0,0,0,0,12,13,0,0,9,11,24,0,22,26,21,0,5,0,7,0,0,3,12,10,14,9,0,13,30,27,29,31,28,0,20,0,18,15,0,16,24,25,26,22,21,23,36,35,34,0,0,1,17,0,0,18,16,15,24,22,26,21,23,0,6,0,5,7,4,8,32,31,30,27,29,28,36,1,2,0,0,35,12,11,10,14,9,13,0,26,25,0,22,0,30,28,0,27,29,0,12,9,0,13,10,14,2,1,36,33,0,34,6,7,8,4,3,5,18,17,16,0,0,0,11,0,13,0,10,0,18,0,0,15,0,0,36,33,0,1,0,2,26,25,24,21,0,0,30,31,32,28,27,29,6,5,4,8,0,7,0,16,15,0,12,11,0,0,22,17,19,21,0,35,1,3,36,4,28,27,26,23,25,24,0,0,0,30,0,31,8,0,6,10,0,9,25,28,27,26,24,0,0,0,34,29,0,0,14,0,0,15,12,16,4,0,0,0,0,36,8,9,10,6,0,0,0,19,0,22,17,21,7,0,9,8,0,0,14,12,16,0,13,15,0,29,31,33,0,34,0,0,20,17,19,18,0,27,0,0,23,25,2,1,36,0,0,0,0,0,0,2,0,35,8,6,0,0,7,0,26,23,0,27,24,28,16,0,0,11,0,12,20,0,22,0,17,19,32,31,30,34,29,33,31,0,33,32,30,29,2,36,4,0,0,3,20,17,19,21,0,0,0,9,0,0,7,6,0,0,0,12,0,0,0,25,24,0,23,27,0,0,0,20,0,0,0,24,28,0,0,0,0,0,0,0,0,10,34,33,0,29,0,0,2,3,4,36,0,1,14,13,12,16,11,15,3,0,0,0,2,0,10,8,12,7,9,0,0,0,27,0,26,30,18,17,16,0,0,14,0,23,24,20,0,21,34,0,32,36,31,35,21,24,23,22,20,19,0,0,30,25,27,0,10,0,9,0,8,12,36,0,34,31,33,0,4,5,0,0,1,3,0,0,0,18,13,0,15,0,0,16,14,13,0,20,24,19,0,0,4,1,3,0,2,0,30,29,28,0,27,0,34,0,0,32,0,33,10,0,0,12,0,11,33,36,35,34,32,0,4,2,6,1,0,0,22,19,0,0,20,24,0,11,10,0,9,8,0,17,0,0,13,0,0,27,26,30,0,29,9,12,11,0,8,7,0,0,18,13,15,17,0,0,33,35,32,36,0,23,22,0,0,20,28,0,30,26,0,27,4,3,2,0,0,0,0,0,29,28,0,25,34,32,36,0,33,35,16,13,15,17,14,18,0,5,0,0,0,2,0,11,12,8,0,9,22,21,20,24,19,23,18,21,20,19,17,16,25,23,27,22,24,0,7,4,0,8,0,9,33,32,0,0,30,0,1,2,3,35,0,36,13,12,0,15,10,0,30,0,32,0,29,28,0,0,3,34,0,0,0,16,18,20,17,21,9,0,7,4,6,5,13,0,0,0,0,12,25,0,23,0,22,26,0,27,26,25,23,22,0,29,33,28,0,0,0,10,12,14,11,15,3,0,1,0,36,35,7,8,0,0,4,6,19,18,17,21,16,0,0,0,0,0,5,4,0,11,15,10,0,14,31,28,0,32,29,33,21,0,19,0,18,0,25,26,27,0,22,24,1,36,0,3,34,2,12,15,14,0,0,0,0,17,21,16,18,20,1,34,0,2,0,3,0,0,25,0,24,23,31,32,0,29,0,30,7,0,5,0,4,8,36,0,2,1,35,0,0,5,9,4,6,8,25,0,0,0,0,27,15,14,13,0,0,11,19,0,21,17,16,0,31,0,0,33,0,32,0,35,0,33,0,0,3,0,0,0,2,4,21,0,20,22,19,23,0,10,9,6,0,7,15,16,17,13,0,14,27,0,25,29,24,28,26,29,0,27,0,0,33,31,0,30,0,0,15,0,14,16,13,17,5,0,0,36,0,1,9,10,0,7,6,8,21,0,19,23,18,22,20,23,0,21,0,18,27,25,29,0,26,28,9,6,8,0,7,0,35,34,33,30,32,31,0,4,5,1,0,2,15,0,13,0,12,0,0,0,0,0,7,0,15,13,17,0,14,0,33,30,0,34,31,35,23,22,21,0,20,0,0,28,29,0,0,26,3,2,0,5,0,4,2,0,4,3,1,0,9,7,0,6,0,10,27,24,26,0,0,29,17,16,15,12,0,0,21,22,23,19,0,20,33,32,31,35,30,0,14,0,0,15,0,12,0,19,0,18,0,22,0,0,0,0,0,5,29,0,27,24,26,25,33,0,35,0,30,32,0,8,7,0,6,10,0,19,0,17,15,0,23,21,25,0,22,0,0,2,4,0,3,0,31,30,0,26,28,27,0,36,0,33,32,0,11,0,0,0,0,0,4,0,6,5,3,2,11,0,13,0,10,12,29,26,28,0,27,0,19,18,17,14,16,15,23,24,0,21,20,22,0,34,0,0,32,36,10,0,12,0,9,0,0,15,19,14,16,0,35,32,0,36,33,1,0,0,0,0,0,21,0,30,31,0,0,0,5,0,3,7,2,6,22,25,24,23,21,20,0,0,31,0,28,0,0,8,10,0,9,13,0,36,35,32,0,33,5,6,7,3,2,4,0,16,0,0,14,18,34,1,0,0,33,0,0,0,7,2,0,6,23,20,22,24,21,25,13,12,0,8,10,9,0,18,19,0,0,0,0,28,27,31,26,30,28,0,0,0,0,0,35,0,0,32,34,0,17,14,16,18,0,19,7,6,5,2,0,3,11,0,13,9,8,10,23,0,0,0,0,24
28,29,0,27,31,0,0,20,16,17,0,0,0,0,6,8,4,7,0,33,36,2,0,34,0,0,0,26,0,23,0,11,13,12,0,14,4,0,6,3,7,0,0,32,0,0,0,31,0,0,18,20,0,19,0,0,12,0,13,0,0,33,1,0,0,35,0,23,0,24,0,26,0,17,18,0,19,20,6,8,4,5,0,7,29,0,30,32,28,31,0,21,24,26,0,22,0,9,13,14,10,0,0,35,0,0,0,0,22,23,24,0,25,0,0,14,0,0,9,0,35,33,0,0,0,1,0,0,30,32,31,28,18,0,0,0,16,0,3,0,7,0,0,8,34,0,36,33,1,0,24,0,22,0,0,0,11,9,0,0,10,13,0,3,6,8,0,4,30,27,31,0,0,29,0,17,19,0,16,0,0,0,0,0,13,0,36,0,34,35,33,1,0,21,0,0,22,25,17,15,0,0,19,16,6,0,0,8,4,0,0,29,0,0,0,0,2,3,4,0,5,0,0,30,0,0,25,29,15,13,16,18,0,0,9,7,0,0,0,8,0,31,35,0,32,0,19,21,23,22,20,24,8,0,0,0,11,12,34,36,0,0,0,35,0,19,22,0,20,0,15,0,0,18,0,14,4,1,0,6,0,3,25,27,0,28,0,0,0,27,28,25,29,30,0,18,14,15,13,0,3,1,0,6,2,5,0,0,34,36,35,32,22,0,23,0,0,21,7,9,0,0,0,12,0,0,22,19,23,0,10,0,8,9,7,11,0,0,0,36,32,35,0,0,28,0,0,26,16,0,17,18,14,15,1,0,5,4,2,6,0,33,34,0,35,0,0,24,20,21,19,23,9,7,10,0,8,11,3,1,4,6,5,2,28,25,0,0,26,27,0,15,0,16,14,0,14,15,16,0,17,18,0,6,2,0,1,5,27,0,0,30,26,29,21,0,22,24,23,20,10,7,0,0,0,9,31,33,0,34,0,36,6,0,8,0,9,0,32,0,0,31,29,0,19,0,20,22,18,0,13,0,14,16,15,12,0,35,3,4,0,1,0,0,0,0,24,0,36,0,2,35,0,0,0,28,24,25,23,27,0,11,14,16,0,0,0,0,8,10,9,0,32,0,33,34,0,31,17,0,21,20,0,0,0,0,26,23,27,0,14,16,12,13,11,15,1,0,2,4,36,0,0,0,0,34,33,30,0,17,0,0,18,0,5,0,9,8,6,10,18,19,20,17,21,22,0,10,0,0,0,9,31,0,0,34,30,33,0,0,26,28,0,24,14,11,0,16,12,13,0,1,3,0,36,4,12,13,14,11,0,0,2,4,36,1,0,3,25,23,26,28,0,27,0,17,20,0,21,18,8,0,9,10,0,0,29,31,33,32,0,34,0,31,32,0,33,34,20,22,0,19,0,21,0,0,8,10,6,9,0,35,2,0,3,36,26,23,27,28,24,25,11,0,15,14,0,0,0,6,0,4,8,9,31,0,29,0,28,0,18,16,19,21,0,0,0,10,0,0,14,0,0,34,0,0,0,36,22,24,26,25,0,27,17,0,0,16,20,21,7,9,5,6,4,0,30,28,0,33,29,32,24,0,0,0,26,0,0,10,14,0,0,12,34,0,2,0,35,3,23,0,25,22,26,0,0,15,11,0,0,14,0,0,0,3,35,2,30,0,0,33,0,0,19,16,20,21,17,18,4,6,8,0,0,0,0,0,31,28,0,33,19,21,0,18,0,20,6,0,7,0,5,8,0,0,1,3,2,0,25,22,0,0,23,24,0,0,0,13,11,0,0,12,13,10,14,15,0,3,35,0,0,0,0,22,25,27,23,0,18,16,0,21,0,17,7,4,8,9,0,0,0,30,32,0,29,33,0,36,0,0,2,3,25,27,23,0,22,26,12,0,13,0,0,0,6,4,7,9,8,5,0,0,0,33,0,0,16,0,20,19,0,21,0,16,0,14,18,19,0,7,3,4,2,0,28,0,29,0,27,30,22,20,23,25,0,21,0,8,0,13,9,0,0,34,36,35,33,0,0,0,0,32,0,1,0,0,0,22,20,0,10,8,11,13,0,12,4,0,5,7,0,0,0,26,30,31,0,28,14,16,0,0,15,19,9,10,11,8,12,0,0,0,33,0,32,36,22,0,23,25,0,0,16,14,0,0,18,15,5,2,6,7,3,4,26,0,30,0,27,31,0,0,29,26,30,31,0,0,15,16,0,0,4,2,5,0,3,6,34,32,35,1,36,0,23,0,24,25,0,0,8,10,12,0,9,13,3,0,5,2,0,7,29,0,27,28,0,30,16,14,0,0,0,18,0,0,11,0,0,0,35,32,0,0,33,0,20,22,0,23,21,25,21,0,23,0,24,25,11,13,9,10,0,0,34,0,35,0,0,36,0,26,29,0,30,27,17,14,18,0,0,16,0,4,6,0,3,0,1,2,3,0,0,5,0,29,0,0,24,28,14,0,0,17,0,16,8,6,0,0,0,7,33,30,34,0,0,0,18,20,0,0,19,23,13,14,0,12,16,0,0,5,0,2,36,4,0,0,0,0,25,28,20,18,0,23,0,19,9,6,0,11,0,8,30,0,34,0,31,35,0,26,27,0,28,29,0,0,13,0,12,0,2,0,0,5,0,4,0,30,33,35,34,31,0,18,22,0,0,0,0,0,10,9,0,11,31,32,33,30,34,0,21,0,19,20,0,22,8,6,9,11,0,10,2,36,3,0,4,1,27,24,28,0,25,26,12,0,16,15,0,17,0,0,0,0,22,23,0,11,7,0,6,10,32,30,33,35,31,34,26,24,27,29,28,25,15,12,0,17,13,14,36,0,4,3,1,5,7,8,0,6,0,0,33,35,0,0,0,34,0,0,21,0,19,0,14,12,15,17,16,0,3,36,0,5,1,2,0,26,28,27,0,29
19,22,17,0,18,20,6,0,10,9,5,0,11,15,14,0,13,0,0,36,2,35,0,3,30,0,34,0,33,29,0,25,0,28,26,24,1,0,35,3,0,0,0,0,0,27,0,25,0,0,32,0,31,0,0,18,20,17,0,21,0,13,0,14,15,11,0,7,9,10,8,6,0,0,11,15,12,14,0,0,0,3,35,0,5,9,8,0,0,6,34,0,0,29,31,0,24,0,28,26,27,23,0,19,0,0,20,0,0,28,23,0,0,0,12,14,16,15,11,13,17,0,0,22,0,18,0,0,0,5,0,0,36,1,4,2,3,0,29,31,33,34,0,0,7,0,0,0,6,8,0,0,0,33,29,31,35,3,2,4,1,36,28,24,26,23,25,27,18,19,0,0,0,17,11,13,0,16,14,0,31,34,29,0,0,32,0,20,0,0,17,0,23,0,26,28,25,24,16,12,14,11,13,0,0,7,10,8,0,0,0,1,3,4,2,36,4,0,2,0,0,5,0,29,31,30,26,0,32,36,35,1,34,33,0,21,23,20,22,24,15,16,19,17,18,14,8,10,12,13,11,9,0,31,26,0,27,0,15,17,19,0,0,0,20,24,23,25,0,0,13,9,11,0,10,0,3,4,0,5,6,2,32,0,36,1,35,33,10,13,8,12,9,0,33,35,1,36,0,34,2,0,5,0,4,3,0,27,0,26,28,30,21,0,25,23,0,20,14,16,0,19,17,0,16,0,0,18,0,17,0,5,7,6,0,4,0,12,0,0,10,0,1,33,0,32,34,0,27,0,0,0,30,26,0,22,0,0,0,0,34,1,32,36,33,35,0,0,25,24,20,0,26,0,0,0,28,27,0,0,17,14,16,18,0,0,13,11,0,0,0,0,6,7,0,0,0,0,20,24,21,23,0,0,13,12,0,0,0,18,17,19,0,15,0,0,5,2,0,0,0,34,1,35,0,32,26,28,30,0,29,0,18,21,16,20,17,19,0,7,9,0,0,6,0,0,13,0,0,11,3,0,0,34,0,0,0,30,33,0,0,0,0,0,0,27,0,0,0,9,0,8,0,0,29,31,33,0,0,30,0,2,1,3,36,35,0,23,25,0,0,26,17,18,0,19,0,0,10,12,0,15,0,11,0,0,0,26,23,25,11,13,0,0,10,0,16,20,19,21,18,0,0,5,0,4,0,8,0,36,0,1,2,34,0,30,0,0,31,29,36,3,0,2,0,1,0,0,0,0,0,24,0,32,0,33,0,0,0,0,19,16,0,0,11,12,15,13,14,0,4,6,8,0,0,5,12,0,0,0,11,13,35,1,0,0,34,36,4,8,7,0,6,5,33,29,31,28,0,32,0,0,0,25,26,22,0,0,0,0,19,17,30,33,0,32,0,31,17,19,0,20,0,0,0,26,25,27,24,23,0,0,13,10,0,0,5,6,9,7,8,0,0,36,2,3,0,35,11,0,9,0,10,12,34,36,2,0,0,0,3,7,6,8,0,4,32,28,0,27,29,31,0,23,26,0,25,21,15,17,19,20,0,16,29,32,0,31,0,0,16,18,20,19,15,0,0,0,24,26,0,22,14,10,12,9,11,13,0,5,0,0,7,0,0,0,1,2,36,0,17,20,15,0,0,0,0,6,8,7,3,0,9,0,12,14,0,10,0,0,36,33,35,1,28,29,0,0,31,27,0,0,25,0,24,0,35,0,33,1,34,36,22,24,0,0,0,23,0,31,30,32,0,28,20,0,18,0,17,19,10,0,0,12,0,0,0,5,0,8,6,4,0,8,0,7,4,6,28,0,32,0,27,0,0,0,36,2,35,34,0,22,24,21,0,25,16,17,20,18,0,0,0,11,0,14,0,10,23,26,0,25,22,24,10,0,14,13,9,11,15,19,18,20,17,16,8,4,0,0,0,7,34,35,0,36,0,33,27,29,0,32,0,28,21,24,0,23,20,22,8,0,12,11,7,9,0,0,16,18,15,14,6,2,4,1,3,5,32,33,36,0,35,0,0,27,0,0,28,26,9,12,0,11,0,0,32,0,36,35,31,0,1,5,4,6,0,0,0,26,28,25,0,29,20,0,0,0,23,19,0,0,17,18,0,14,15,18,13,17,14,16,2,4,0,5,1,3,7,11,10,0,0,0,36,32,34,31,0,35,26,27,30,28,0,25,19,0,0,24,22,20,3,0,1,0,2,0,26,28,30,29,25,0,0,35,34,36,33,32,0,20,0,0,0,23,14,15,18,16,17,0,0,0,0,0,10,0,33,36,0,35,32,34,0,0,24,23,19,0,0,0,0,0,27,26,0,14,16,0,15,17,0,9,12,10,0,7,1,0,0,0,4,2,27,30,25,29,0,28,14,0,18,17,13,15,19,23,22,0,21,20,12,0,10,7,9,11,2,3,6,4,0,1,31,33,35,36,0,32,8,0,0,0,7,0,0,33,0,34,30,32,36,4,3,0,2,1,29,25,27,24,26,28,19,0,0,0,22,0,12,0,16,0,15,0,26,29,0,28,25,27,13,15,0,16,12,0,0,22,21,23,0,0,11,0,9,0,8,0,1,0,5,3,0,36,0,32,0,35,33,0,32,0,0,34,0,0,19,21,0,0,0,20,24,0,27,0,26,0,17,13,0,0,14,0,7,0,0,9,10,6,0,2,4,5,3,1,0,0,0,0,13,15,0,3,5,0,36,2,0,10,0,11,0,0,0,0,0,30,0,34,0,26,29,27,0,0,18,20,22,0,21,0,20,0,18,22,19,0,0,0,0,0,6,8,12,16,15,17,14,13,5,1,3,36,0,4,31,0,0,33,0,30,24,26,28,29,0,0,2,0,0,4,0,0,25,0,29,28,24,26,30,34,33,0,0,31,23,19,21,18,20,22,0,0,17,0,0,12,0,0,0,11,0,7
0,17,0,0,0,0,29,0,0,28,0,0,26,22,23,24,21,25,4,8,0,3,7,6,0,0,2,36,33,34,0,10,0,13,14,0,0,0,33,1,34,0,11,9,12,10,0,14,8,4,0,0,0,7,0,26,0,21,25,0,17,19,0,0,15,0,29,28,27,0,32,30,26,23,0,0,22,0,0,33,0,34,1,2,32,28,0,0,27,31,10,14,0,9,13,0,5,7,0,0,0,0,17,0,0,19,20,0,8,5,3,7,4,6,0,15,18,0,0,20,14,10,11,12,9,13,28,32,29,27,31,0,0,0,0,0,0,22,0,34,33,0,0,0,0,29,27,31,28,0,0,3,0,4,0,0,2,34,35,0,33,1,16,20,0,0,19,18,11,13,0,12,9,0,23,22,0,0,26,24,14,11,9,13,10,12,0,21,0,0,25,0,20,16,0,18,15,19,34,2,0,33,1,0,0,31,32,30,27,28,5,4,0,7,8,6,0,13,0,0,12,14,25,0,26,0,27,0,22,0,0,20,17,21,36,4,1,0,0,2,31,33,0,0,0,30,7,6,5,9,0,0,0,19,0,21,0,20,31,29,0,0,33,0,0,0,25,26,23,27,0,10,7,0,9,8,0,0,0,2,35,0,13,12,11,15,0,0,0,0,5,9,0,8,0,0,20,0,0,22,16,12,13,0,0,0,30,0,0,29,0,32,0,0,0,26,23,24,1,36,35,3,4,0,34,0,29,0,0,32,7,5,0,6,0,10,4,0,0,2,0,0,0,22,19,17,21,0,0,0,0,0,11,12,25,24,23,27,28,26,0,1,35,0,36,2,13,11,14,12,0,0,10,0,0,0,0,0,24,28,0,23,0,26,0,0,22,0,17,18,31,30,0,33,34,32,28,0,0,0,24,0,1,35,0,0,0,4,34,30,31,32,29,0,0,16,0,11,15,14,7,9,0,8,0,0,19,0,17,21,22,20,0,32,30,34,0,33,0,6,9,0,0,0,5,0,2,3,0,4,0,23,20,18,22,21,14,0,0,0,0,13,26,25,24,0,0,27,5,2,0,4,1,3,0,12,15,13,16,0,0,7,8,0,6,10,25,29,0,24,0,27,20,0,23,0,18,0,0,0,30,34,35,33,17,14,0,0,13,15,26,0,27,25,28,0,23,0,20,21,18,0,1,5,2,0,4,3,32,0,35,33,0,31,0,7,0,10,11,0,29,0,0,0,25,27,2,0,0,1,0,5,35,0,32,33,30,0,13,17,14,12,16,15,8,10,0,9,0,7,20,19,0,22,23,0,23,20,0,0,19,21,32,30,33,31,34,0,29,25,26,0,24,28,7,0,0,6,10,9,2,4,5,3,36,0,14,0,12,16,17,0,11,0,0,0,0,9,20,0,21,19,22,23,17,0,14,15,12,0,0,0,32,0,0,33,0,28,0,27,24,0,0,1,0,0,0,0,0,36,34,2,0,0,12,10,13,11,14,15,9,5,0,7,0,0,23,0,24,22,0,25,18,0,21,19,16,0,0,0,28,32,33,31,0,30,0,32,0,31,6,4,0,5,0,9,3,0,0,0,34,2,0,21,18,16,0,0,12,0,0,13,0,11,24,0,22,26,27,0,27,24,22,26,0,25,0,34,1,35,2,3,33,0,0,31,0,0,11,15,12,10,14,13,0,8,0,7,4,5,18,17,16,0,21,19,9,0,4,8,5,0,0,16,0,17,20,21,15,11,12,0,0,14,0,0,30,0,0,31,24,26,0,25,0,23,0,0,34,2,3,1,0,0,10,14,11,13,0,22,25,0,26,0,21,0,0,19,0,0,0,3,36,0,0,0,30,32,0,31,28,29,6,5,4,8,0,7,21,18,0,20,17,0,30,28,0,29,32,33,27,23,24,25,0,26,5,0,6,0,8,7,0,2,3,1,34,35,0,11,10,14,15,13,0,16,0,18,15,0,28,26,29,0,30,0,0,0,22,23,20,24,0,0,0,0,0,0,34,36,1,35,32,33,0,0,8,0,0,11,0,0,20,0,0,23,34,0,0,33,0,1,31,27,0,29,0,30,9,0,0,8,0,11,4,6,0,5,2,3,16,15,14,18,0,0,0,0,8,12,9,11,22,20,0,21,0,25,0,0,16,0,14,0,33,0,34,0,36,35,28,0,31,0,26,0,4,3,2,6,0,5,0,0,2,6,3,5,0,14,0,0,0,19,13,9,10,11,0,12,0,31,28,0,30,0,22,24,0,23,0,21,0,0,32,36,1,35,0,28,26,30,27,29,0,0,0,3,0,7,1,0,0,35,0,36,0,0,16,14,0,17,10,12,13,0,8,9,0,21,20,0,0,23,1,0,0,36,0,35,10,0,0,9,12,13,7,3,4,0,2,0,0,25,22,20,0,23,16,18,19,17,14,15,28,27,26,30,31,29,0,27,25,0,26,0,3,1,4,2,5,6,36,32,33,34,31,35,0,0,15,13,17,16,9,11,0,10,7,8,21,0,19,23,24,22,24,21,19,0,0,22,33,0,34,0,0,0,30,26,0,28,25,29,8,0,9,0,0,10,3,0,0,4,1,0,15,14,0,17,18,0,6,3,1,0,2,4,0,13,0,0,17,18,12,0,9,0,7,11,0,0,0,25,0,0,0,23,24,22,0,0,33,0,0,35,36,34,12,0,7,0,8,0,21,0,0,0,23,24,18,0,0,16,0,17,0,36,33,31,0,34,27,0,30,28,0,26,3,0,1,5,6,4,36,33,31,35,32,0,9,7,10,8,11,12,0,2,3,4,1,5,0,24,21,19,0,0,0,17,0,16,13,14,27,26,25,29,30,0,18,0,13,0,0,16,0,25,28,0,29,0,24,20,21,0,19,0,0,6,0,0,5,4,33,0,36,34,31,0,9,0,0,11,12,0
0,0,28,30,29,0,33,34,0,0,0,0,5,1,4,3,0,2,0,13,16,15,0,14,0,0,23,21,0,0,0,0,0,8,0,7,0,1,4,0,0,0,9,10,0,0,0,7,17,0,16,15,0,14,30,0,0,27,29,26,32,0,35,33,0,34,24,22,0,0,0,19,0,7,0,0,0,8,0,16,14,0,18,13,23,19,22,0,0,0,36,0,0,33,0,32,2,6,5,3,1,4,30,28,0,0,0,0,21,19,0,0,23,20,27,28,26,0,30,0,0,31,0,0,0,0,12,0,0,9,0,0,0,18,0,0,0,16,0,4,0,2,3,1,0,0,34,0,35,32,3,4,2,0,6,1,11,7,0,0,0,0,0,0,22,21,23,20,26,30,29,27,25,28,18,16,17,0,0,13,0,0,16,18,17,0,0,0,0,23,0,0,0,25,28,27,0,26,6,1,4,3,5,0,8,12,11,9,7,10,36,34,35,32,33,0,14,12,0,0,16,13,0,21,19,22,0,18,0,0,0,0,29,25,5,0,3,0,4,0,0,0,0,8,0,9,35,33,34,31,0,0,0,6,9,0,10,0,14,15,0,16,17,0,0,18,21,0,0,19,0,30,33,32,34,31,1,5,4,0,36,0,29,27,28,25,26,0,0,0,0,0,22,19,0,27,0,28,29,24,34,0,33,32,35,31,11,6,9,8,0,7,13,17,0,0,0,0,0,3,4,0,2,36,0,0,27,0,0,25,32,33,31,34,0,0,4,36,3,0,5,0,0,12,15,14,16,0,19,23,22,20,0,21,0,9,10,0,8,6,2,36,0,5,0,0,8,9,7,0,11,6,0,12,15,14,17,13,29,0,0,26,28,25,31,0,34,0,0,0,0,21,22,0,20,0,0,30,33,35,0,0,2,3,1,4,5,36,0,0,0,0,0,0,0,0,21,20,22,0,25,29,28,26,24,27,17,15,0,13,14,12,0,21,24,0,25,0,29,0,28,0,0,27,1,33,36,0,2,0,14,9,0,0,13,10,16,0,19,17,0,0,8,0,7,0,0,0,5,0,6,0,7,4,11,0,0,13,14,9,19,0,18,17,0,0,32,0,30,29,31,28,34,2,1,35,33,36,26,24,25,22,0,21,35,0,36,2,0,34,5,6,4,7,0,0,0,9,12,11,14,0,0,21,0,23,0,0,0,0,0,0,0,0,0,0,19,16,17,15,0,0,0,32,31,28,35,36,34,1,0,33,7,0,6,5,8,4,20,15,18,17,19,16,0,26,25,23,21,24,14,12,0,10,11,9,0,15,18,0,19,16,0,24,22,0,0,21,31,27,30,29,0,0,8,3,0,0,0,4,10,14,0,11,9,12,2,0,1,34,0,0,11,9,12,0,13,10,17,18,16,19,20,0,0,21,24,0,26,22,2,33,0,35,1,0,4,8,7,0,0,6,0,30,31,28,29,27,12,10,0,0,14,11,0,19,17,0,21,16,26,0,0,0,27,23,3,34,0,0,0,35,5,9,8,6,4,7,0,31,32,29,30,28,6,0,0,9,8,0,12,13,11,0,0,10,0,0,19,18,21,17,0,28,0,30,32,29,35,0,0,36,34,0,27,25,0,23,24,0,18,16,19,0,0,17,24,0,0,26,0,22,32,28,0,30,33,29,9,4,0,6,0,0,11,15,14,0,0,0,3,0,2,0,0,0,0,0,0,0,26,0,30,31,29,0,33,0,0,0,1,36,3,0,15,0,0,12,14,11,0,21,20,18,0,0,9,0,8,5,6,4,36,34,1,0,2,35,6,7,5,0,9,4,14,10,0,0,0,0,27,22,25,24,26,23,29,33,32,30,28,0,21,19,20,17,18,16,0,28,31,0,0,29,36,0,35,0,3,34,8,4,0,0,9,5,21,0,19,0,0,17,23,0,26,24,22,25,0,13,0,11,12,10,25,0,0,0,27,0,31,32,0,33,0,0,3,35,2,1,0,36,16,0,14,13,0,12,18,22,0,19,17,0,10,8,9,6,0,5,19,17,0,22,21,0,25,26,24,0,28,0,33,29,32,31,34,30,10,0,8,7,9,6,12,0,15,13,0,14,0,2,3,0,0,35,13,0,14,0,15,0,0,20,0,0,22,17,0,0,26,25,28,24,4,0,2,0,0,36,0,0,9,7,0,8,34,0,33,30,31,29,7,0,8,0,9,6,13,14,12,0,16,0,21,17,20,19,22,0,34,0,0,31,0,30,36,4,0,0,35,2,28,0,27,0,25,23,0,29,32,0,0,30,0,0,36,3,4,0,9,0,8,7,0,0,0,17,0,0,21,18,0,28,0,25,23,0,16,0,15,12,0,11,1,0,2,4,0,36,7,8,6,0,0,5,0,0,14,13,16,0,28,23,26,25,27,24,0,34,0,31,29,32,0,20,0,0,19,17,34,0,35,1,36,33,4,5,3,6,0,2,12,0,11,0,0,9,25,0,0,22,0,0,27,31,30,0,26,0,19,0,0,15,16,14,28,26,0,31,30,0,0,35,33,36,1,0,6,0,5,0,0,3,19,0,17,16,18,0,21,25,24,0,0,23,0,11,0,0,10,8,16,0,17,19,18,0,22,23,21,0,25,20,30,0,0,0,31,27,7,0,5,4,0,0,9,13,12,0,8,11,1,35,0,0,34,0,0,0,0,0,0,0,28,29,27,0,0,26,36,0,35,34,0,0,0,8,0,10,12,0,0,0,0,16,0,17,0,5,6,0,0,0,0,2,0,7,0,0,10,11,9,0,13,0,18,0,17,0,19,15,0,26,29,0,30,27,33,1,36,34,0,35,0,0,0,21,22,20,10,8,11,13,12,9,0,0,0,18,19,0,24,0,0,0,0,0,1,32,35,34,0,0,0,7,0,4,0,5,31,29,30,27,28,0
0,9,12,10,0,0,34,0,35,1,33,2,0,0,0,26,22,23,20,19,0,15,18,17,0,0,30,32,31,0,7,5,3,0,4,0,1,0,36,34,2,35,22,24,23,25,0,26,13,0,12,0,0,0,8,7,4,0,0,5,17,16,18,20,19,0,31,0,0,30,28,32,19,15,0,16,0,17,4,6,5,7,3,8,31,0,30,32,0,29,26,25,0,21,24,23,0,34,36,0,1,0,0,0,9,12,10,14,0,3,6,4,8,5,28,0,29,0,27,32,19,0,18,0,0,17,0,13,0,9,12,0,23,0,24,26,25,21,1,35,0,36,0,2,25,0,0,0,26,23,10,12,11,13,9,0,1,33,36,0,34,35,32,31,0,27,30,29,0,0,6,8,0,3,19,17,15,0,16,20,0,27,0,28,32,29,16,18,17,19,15,20,0,3,0,8,4,5,2,1,0,33,36,35,0,10,12,0,0,9,25,0,21,0,22,26,0,19,22,20,24,21,8,10,9,0,7,12,35,31,0,36,0,0,30,0,26,25,28,0,0,0,4,6,0,1,17,15,13,16,0,0,29,25,28,26,0,0,0,16,15,17,0,18,5,1,4,0,2,3,0,35,32,31,34,33,9,0,10,0,0,7,23,0,19,22,20,0,0,7,10,8,12,9,32,34,0,35,31,0,23,19,22,24,20,21,18,0,14,13,16,0,27,26,28,30,0,0,5,3,0,0,2,6,0,13,16,0,18,15,2,4,3,5,1,0,29,25,28,30,26,0,24,23,0,19,22,21,0,32,34,36,0,0,11,0,7,0,0,12,0,31,0,0,0,0,20,0,21,0,0,0,11,7,10,12,8,9,0,5,2,1,4,0,0,14,16,18,17,13,29,0,0,28,0,30,5,1,0,2,0,3,0,28,27,29,0,30,0,0,16,18,0,0,0,11,8,0,10,0,21,20,22,24,0,0,0,0,0,34,32,36,34,30,33,31,35,32,19,21,20,22,18,23,0,6,9,11,7,8,5,0,1,36,0,0,0,0,15,17,16,12,0,26,24,27,0,29,22,0,21,0,0,20,0,0,0,0,6,11,34,0,33,35,31,0,0,28,0,24,0,26,0,1,3,0,0,36,16,0,0,15,13,0,28,24,27,0,29,26,13,15,0,16,12,17,0,36,3,5,0,2,35,0,31,0,33,32,0,0,9,11,10,6,22,0,18,0,19,0,16,12,15,0,17,0,1,3,2,4,36,5,28,24,27,29,0,26,23,0,0,0,21,0,32,31,0,35,34,30,10,8,0,0,7,11,0,0,3,1,0,0,0,27,26,28,24,29,16,0,15,17,13,14,0,10,7,6,9,8,0,0,21,23,22,0,34,0,0,33,31,35,10,0,9,7,0,0,31,33,32,0,30,0,22,0,21,0,0,0,0,0,0,12,15,14,26,25,0,29,28,24,4,0,0,3,1,5,0,26,29,27,0,0,15,17,0,18,0,19,6,2,0,7,3,0,1,36,0,32,35,0,10,9,11,0,0,8,24,22,20,23,21,25,0,0,0,0,0,34,21,23,0,24,20,0,12,8,11,13,0,0,0,6,3,2,0,4,16,15,17,0,18,14,0,28,0,29,0,31,6,2,0,3,7,4,27,0,0,30,26,31,18,14,0,19,0,16,0,0,9,8,0,0,22,21,0,25,24,0,36,0,32,35,0,1,24,0,23,0,0,0,9,0,10,12,0,13,0,32,35,1,0,0,0,30,27,26,0,0,0,0,0,7,6,2,18,16,0,17,15,19,18,14,17,15,19,16,3,5,4,6,0,7,30,26,0,31,27,28,25,0,21,20,23,22,0,0,35,1,36,0,12,0,0,11,0,13,0,8,0,0,13,10,0,35,34,36,32,0,24,0,0,25,0,22,19,18,0,14,17,16,0,27,29,31,30,0,6,4,2,5,0,0,0,0,32,30,0,0,0,0,0,0,17,22,9,5,8,0,6,7,0,0,0,35,2,1,13,12,14,0,15,11,0,25,23,26,0,0,3,35,2,36,0,1,24,26,25,0,23,28,15,11,14,16,0,0,10,9,0,0,8,7,0,0,0,22,21,0,0,0,29,32,0,34,21,17,20,18,0,19,6,0,7,0,5,0,0,29,0,0,0,31,0,0,0,0,26,0,1,36,2,4,3,35,15,13,11,14,12,16,27,23,26,24,28,25,12,14,13,15,11,16,3,35,0,0,36,0,34,33,0,0,32,0,7,6,8,10,0,5,0,19,0,0,0,22,15,0,0,12,16,13,36,2,0,0,35,4,27,0,26,0,0,25,22,21,18,17,0,19,0,30,32,34,0,29,9,7,5,0,6,10,9,0,0,0,0,0,0,32,31,33,29,0,21,17,0,22,18,19,16,0,0,0,14,0,25,24,0,0,27,23,3,1,35,2,0,4,20,0,19,17,0,18,5,7,0,0,4,9,0,28,0,33,29,30,27,0,23,22,25,24,36,35,1,0,2,0,0,12,10,13,0,15,14,10,13,11,0,12,35,1,36,0,0,0,26,0,25,27,0,24,21,20,17,0,19,0,0,29,0,33,32,28,8,0,4,7,5,0,0,0,0,0,3,0,0,25,24,26,22,27,0,0,13,15,11,12,9,0,5,0,0,6,18,0,19,0,0,16,0,30,28,31,29,33,32,28,0,29,33,0,17,0,0,20,0,0,8,4,7,0,0,0,3,0,0,34,1,0,12,11,13,15,14,0,26,24,22,0,0,27,26,22,25,23,0,24,0,13,0,14,10,0,2,34,0,0,0,36,33,0,0,0,0,0,6,5,0,9,0,4,0,0,0,19,17,21,8,4,0,0,9,6,29,0,30,32,0,33,20,0,19,21,17,18,0,14,11,0,13,12,24,0,25,0,0,22,2,36,0,0,35,0
6,3,4,5,2,1,0,34,32,0,0,36,28,29,26,0,25,0,11,8,0,0,0,10,15,0,14,0,17,16,20,24,21,19,22,23,0,0,0,29,26,25,0,0,0,0,23,0,16,17,0,0,0,0,35,32,33,0,36,0,0,1,0,0,5,4,8,0,0,7,10,11,0,21,22,0,20,19,0,16,14,13,17,18,10,11,0,0,7,12,29,26,27,25,30,28,0,31,0,36,35,0,0,6,0,0,0,5,0,9,10,0,0,7,0,0,2,1,5,0,0,35,32,0,31,36,17,14,0,0,18,16,21,19,0,0,23,0,0,30,0,25,28,29,18,0,16,17,0,0,0,10,8,7,0,12,4,5,2,3,1,6,23,20,0,0,24,0,27,25,0,0,29,28,32,0,0,31,0,35,36,33,34,35,32,31,27,28,26,25,0,0,22,23,20,21,19,24,5,2,3,0,6,4,9,7,8,0,0,10,0,18,0,0,0,17,0,0,3,4,0,36,32,33,31,0,34,0,0,28,25,26,24,29,10,7,8,6,11,9,14,12,13,17,0,0,0,23,20,18,21,0,11,8,9,0,7,6,2,3,1,36,0,5,33,34,0,32,30,0,0,0,0,12,17,0,0,18,19,23,0,0,25,29,26,24,0,28,0,20,0,22,19,18,0,15,13,0,16,0,9,10,7,0,6,11,28,0,26,24,29,0,0,30,31,35,34,33,1,5,0,36,3,0,29,0,0,28,25,0,0,21,0,18,0,0,15,16,13,14,12,17,34,31,0,30,0,33,2,36,1,0,4,3,7,11,8,6,9,10,35,0,33,34,0,30,0,27,25,24,28,29,21,22,19,0,0,0,4,1,0,36,5,3,8,6,7,11,0,9,13,17,0,0,15,16,17,14,15,16,13,12,0,0,7,0,0,0,3,0,0,2,36,0,0,19,20,18,23,0,0,0,0,0,28,27,0,0,0,30,0,34,0,10,0,0,9,0,0,5,3,0,0,0,0,0,33,34,32,0,0,15,16,0,0,17,22,20,21,25,24,0,27,31,28,0,29,30,0,22,23,24,21,20,16,17,0,0,0,19,11,12,9,10,8,13,30,27,28,0,0,0,0,0,33,1,36,35,3,7,4,0,5,6,0,34,35,0,33,32,28,29,0,26,0,0,23,24,21,22,20,25,0,3,0,0,7,0,10,8,0,0,0,11,0,19,0,14,17,0,19,0,17,18,0,0,0,11,9,8,0,0,5,0,0,0,2,7,24,0,22,0,25,23,28,0,27,0,0,29,0,0,34,32,0,36,0,0,0,0,27,0,22,23,0,0,24,0,0,18,15,16,14,19,0,33,34,32,1,35,4,0,0,7,6,5,0,13,0,0,0,12,0,4,0,0,3,0,34,0,0,0,0,0,29,0,27,28,26,31,12,9,0,8,13,0,0,14,0,19,0,17,0,25,0,20,0,24,32,29,30,31,28,0,23,24,22,21,25,26,0,19,0,17,15,20,0,0,35,33,2,36,5,0,0,0,7,0,10,14,0,0,0,13,20,0,18,19,0,15,0,12,10,0,13,0,6,0,4,5,3,8,25,0,23,0,26,0,29,0,28,0,0,30,0,2,35,33,36,0,8,0,6,0,4,3,0,36,0,33,1,2,30,31,28,29,0,32,0,0,11,0,14,0,0,0,0,20,19,0,0,0,23,21,24,25,0,0,0,0,0,0,0,0,16,0,0,0,12,0,10,0,9,0,31,28,29,0,32,30,35,0,34,0,1,36,0,8,0,0,6,7,0,0,12,0,0,9,0,6,4,3,0,8,0,1,34,0,0,0,19,16,17,15,20,18,0,0,22,0,25,0,28,32,0,0,0,31,2,35,36,1,0,33,29,0,28,0,31,0,24,25,22,23,21,26,7,0,0,0,8,6,11,9,0,14,0,12,16,20,0,0,18,19,0,31,0,0,30,0,25,26,0,0,27,28,20,0,0,19,17,22,3,36,1,0,0,2,0,5,0,10,9,8,12,16,0,11,14,15,0,1,2,0,36,35,31,32,0,0,0,0,0,0,0,0,23,0,0,0,7,5,10,0,13,0,0,16,0,14,0,22,0,0,20,0,10,7,8,0,0,5,1,2,0,0,3,0,0,33,30,0,29,0,15,12,0,11,16,0,19,0,18,22,21,0,0,28,25,0,26,0,22,19,0,21,0,17,0,14,0,0,15,16,8,9,6,7,0,0,0,24,0,0,28,26,31,29,0,34,33,32,0,4,1,35,2,0,0,13,14,15,12,11,7,0,6,5,9,0,2,3,36,1,0,4,21,18,19,17,22,0,25,0,24,28,0,26,0,34,31,29,0,33,28,0,0,27,0,0,0,20,0,0,21,22,0,0,12,13,0,0,33,30,31,0,0,32,1,0,36,4,3,2,0,10,7,0,8,0,3,36,0,0,35,0,30,31,29,28,0,33,0,0,0,24,22,0,0,0,6,0,9,0,0,10,11,15,14,13,0,0,18,16,19,0,0,0,25,26,23,22,18,19,17,16,20,21,0,0,0,0,10,0,32,29,30,28,0,31,36,0,35,3,0,0,5,0,6,0,0,8,33,0,0,32,29,0,24,25,23,22,0,27,0,20,17,0,16,21,2,35,36,34,3,1,6,4,0,9,0,0,0,0,12,10,0,14,21,0,0,20,0,0,12,0,11,0,14,15,0,8,5,6,4,9,0,23,0,0,27,25,30,28,29,33,32,0,35,3,36,34,1,0,0,6,0,8,5,0,0,1,35,34,2,3,31,0,29,0,0,33,0,0,12,10,0,13,18,0,17,0,20,19,23,0,0,22,0,26,0,0,13,14,11,0,0,0,5,4,0,0,1,2,35,0,34,3,0,17,18,16,21,19,24,22,23,27,0,25,29,0,30,28,31,0
20,21,0,17,18,16,36,3,0,0,34,0,0,0,0,0,0,6,0,30,32,29,0,0,0,26,0,23,0,0,15,0,13,0,10,12,14,0,0,11,0,10,30,33,0,0,28,29,35,1,3,2,0,36,22,24,0,23,27,0,16,0,0,0,0,0,9,8,7,5,0,0,0,9,0,5,0,0,24,27,0,25,22,0,29,0,0,32,0,0,16,18,20,17,21,0,0,14,12,0,15,0,3,2,0,35,34,36,26,27,25,0,24,22,6,0,8,0,4,5,11,13,15,14,10,12,34,36,0,0,3,1,28,0,0,29,33,31,21,0,19,0,0,0,2,3,1,35,36,0,0,0,20,0,16,17,0,25,27,0,22,24,10,12,14,11,0,0,4,8,0,5,9,0,33,32,0,0,28,0,0,33,31,29,0,28,12,15,0,13,0,11,17,19,21,20,16,0,0,6,8,5,0,0,34,0,0,0,3,1,27,26,25,0,0,24,0,25,0,21,22,0,4,0,6,5,2,3,9,11,0,12,8,0,32,34,0,0,1,35,0,30,28,27,0,29,0,18,17,0,14,16,6,0,5,3,0,2,0,25,0,23,0,21,27,29,0,30,26,28,14,16,18,15,19,0,0,12,10,9,0,11,1,36,0,0,0,0,0,0,29,27,28,0,10,13,12,11,8,9,15,17,19,0,14,16,2,0,6,3,7,5,0,36,34,0,0,35,0,24,0,0,0,22,0,0,17,15,0,14,0,1,36,0,32,33,3,5,7,0,0,0,0,0,0,0,0,29,20,24,0,21,25,23,13,0,11,9,0,0,36,1,35,33,34,32,0,19,0,0,14,15,21,23,25,24,20,22,0,10,12,9,13,11,0,6,4,3,7,0,31,30,0,27,26,28,12,0,0,9,10,8,28,0,0,0,0,27,0,0,0,36,32,0,20,22,24,0,25,0,14,18,16,15,0,17,7,6,0,0,2,4,27,0,0,0,0,0,7,10,0,8,0,0,12,0,0,15,11,13,0,0,3,36,0,2,0,33,0,0,34,32,22,21,0,18,17,19,9,0,0,0,7,5,0,0,0,26,23,24,30,32,0,33,29,0,17,19,0,0,0,0,11,0,13,0,16,14,0,3,2,36,35,0,15,0,14,12,0,11,31,34,33,32,29,30,36,2,4,3,35,0,0,0,0,24,28,0,0,21,0,18,0,20,10,9,8,6,5,0,0,22,0,0,19,17,1,0,3,2,0,36,0,8,10,9,5,7,29,0,33,30,0,0,0,27,25,24,28,26,16,0,0,12,11,0,0,0,2,36,0,0,19,0,21,0,0,18,0,0,28,0,23,25,0,13,0,0,16,14,5,9,0,6,10,0,34,33,32,30,29,31,33,0,0,30,31,29,0,16,15,14,11,12,18,20,0,21,0,19,5,0,9,0,10,0,35,0,1,36,4,0,28,27,0,0,23,25,1,2,36,34,35,0,17,0,0,18,15,16,0,24,26,0,0,23,9,11,0,10,0,12,3,7,5,4,0,6,0,31,0,28,0,29,31,0,30,28,29,27,0,14,13,0,9,0,0,18,20,19,15,17,0,0,7,4,0,6,0,0,0,34,2,36,0,0,24,22,21,23,7,0,6,4,5,3,0,26,25,0,0,22,0,30,0,0,0,0,15,17,19,16,0,18,0,0,11,10,14,0,2,0,0,34,0,35,0,26,24,0,23,21,0,0,0,0,3,4,10,12,0,13,0,0,33,35,0,0,0,36,27,31,29,28,32,0,0,19,18,0,0,17,13,14,12,0,0,9,0,32,0,30,0,28,34,0,2,0,33,35,21,23,25,22,26,24,0,19,17,16,20,18,8,7,6,0,3,0,0,20,18,16,17,0,0,2,1,36,0,0,4,6,8,0,3,5,0,29,31,28,32,0,21,25,23,22,26,24,14,0,0,10,9,11,17,0,16,14,0,13,0,36,35,0,0,0,2,0,6,5,1,0,25,27,0,26,30,0,19,0,0,20,24,22,0,11,10,0,0,9,11,0,10,0,0,7,27,30,29,0,0,26,0,0,36,35,31,33,19,0,0,20,24,0,13,17,15,14,18,16,0,5,4,2,1,3,0,30,28,0,0,25,9,12,0,0,7,0,14,16,0,0,0,15,1,0,5,0,0,4,0,35,33,32,0,34,0,23,0,20,0,21,35,36,34,0,0,0,15,18,17,0,13,0,20,22,0,0,0,21,7,9,11,8,12,10,1,5,3,2,0,4,30,0,28,26,0,27,0,0,4,0,0,1,21,24,23,22,0,20,0,0,30,29,25,27,0,15,0,14,18,16,7,0,9,8,0,10,36,35,34,32,31,33,23,24,0,0,21,19,3,6,5,4,0,2,8,10,12,11,7,9,31,33,35,32,36,34,25,29,27,26,30,0,0,17,16,14,0,15,10,11,0,0,8,0,26,0,28,27,24,0,0,0,0,0,30,0,18,20,0,19,0,0,12,0,0,13,17,15,5,4,3,1,0,2,4,5,3,0,0,36,20,23,0,0,18,0,0,27,0,28,24,26,12,0,16,13,0,0,0,10,8,7,0,0,35,34,33,0,0,32,28,29,27,25,26,0,0,11,10,9,6,7,13,0,0,0,12,14,36,2,0,1,5,3,0,34,0,31,35,0,23,22,21,19,18,0,0,17,15,13,0,12,0,0,34,33,0,31,1,0,0,4,36,2,24,26,28,25,29,27,18,22,0,19,23,0,0,0,9,7,0,8,22,23,21,19,0,0,2,0,0,3,0,1,7,0,0,0,6,0,0,0,34,0,35,33,0,28,26,25,29,27,17,0,15,13,12,0,34,35,33,31,32,0,14,17,0,15,0,13,19,21,0,22,0,20,6,8,10,7,0,9,0,4,2,1,0,3,29,28,0,0,0,0
0,16,19,17,14,15,27,30,0,0,29,0,6,4,3,2,0,0,0,0,0,9,0,10,21,22,0,0,0,24,33,35,34,0,0,32,0,0,31,29,26,27,0,0,0,4,5,7,18,16,15,14,0,17,25,20,24,21,23,22,33,34,1,0,32,0,9,0,10,12,13,0,24,0,0,23,20,0,0,0,0,34,0,1,12,0,9,0,13,0,0,14,18,15,17,16,0,0,31,0,26,0,0,0,4,6,7,0,0,10,0,11,8,9,21,24,20,0,23,25,36,34,0,32,1,0,7,2,0,3,0,4,0,16,0,0,14,18,0,29,0,30,31,0,6,4,7,0,2,3,15,0,14,16,17,19,0,28,27,0,0,0,1,0,36,33,35,34,0,10,13,11,8,0,21,23,0,0,0,0,0,34,1,35,0,0,0,12,8,10,11,13,24,22,0,0,25,23,0,0,0,0,29,28,3,4,0,5,2,6,15,17,16,18,19,14,31,29,32,30,27,28,0,7,3,5,6,8,19,17,16,15,20,18,26,0,25,0,0,23,34,0,0,36,0,1,0,12,11,13,14,9,7,0,8,0,3,4,0,19,15,0,18,20,31,29,28,27,32,30,0,33,1,34,0,35,10,0,0,12,0,13,0,0,0,25,26,21,19,0,20,18,15,16,0,31,27,0,30,0,7,5,4,3,8,6,0,9,13,0,0,0,22,23,26,0,21,25,34,0,0,1,2,33,13,11,0,12,9,0,0,25,21,23,24,0,0,0,34,33,2,36,8,3,7,4,6,5,16,17,0,18,15,19,28,0,29,0,0,27,1,0,0,36,0,34,0,13,9,11,12,14,25,23,0,21,26,0,32,27,0,28,30,29,4,5,8,6,0,7,0,18,0,19,20,0,25,0,0,24,0,0,34,1,33,35,0,2,0,11,0,9,14,12,0,0,0,16,18,17,28,29,32,0,27,31,4,6,0,0,8,0,0,0,0,13,10,0,23,26,0,24,0,0,0,36,35,0,3,1,9,0,8,5,7,0,17,0,21,0,16,0,29,31,30,32,0,0,8,6,9,7,0,5,17,0,16,0,19,21,0,30,29,28,0,0,3,34,0,0,0,36,11,0,15,0,10,14,0,0,0,0,0,0,0,18,0,0,16,17,29,32,28,30,31,0,0,6,5,4,9,7,15,10,0,0,13,0,0,24,27,25,22,26,0,1,0,2,0,34,0,30,33,0,28,0,0,8,4,0,7,9,0,18,0,16,0,19,27,22,26,23,25,24,0,36,3,1,0,2,0,0,0,14,0,0,0,24,27,25,22,23,35,0,0,36,0,3,0,0,11,10,0,13,0,0,0,0,19,0,29,0,0,31,28,0,5,0,6,8,9,4,0,36,3,0,0,35,11,14,10,0,0,0,26,24,0,22,0,25,33,0,32,0,0,0,5,6,0,7,0,8,17,19,0,20,0,16,17,15,18,16,13,14,26,0,0,0,28,30,5,0,2,0,6,0,0,0,11,8,10,9,20,21,24,0,19,23,32,34,33,35,0,31,5,0,6,4,1,0,14,17,0,15,16,0,29,27,26,25,0,0,0,31,35,0,34,0,8,0,0,10,7,11,0,22,21,23,24,0,11,9,12,10,7,8,20,0,0,21,22,24,35,33,0,31,0,0,6,1,0,2,4,3,14,15,18,16,0,17,0,28,27,0,30,25,29,27,30,28,0,0,2,5,0,3,4,0,0,0,0,13,0,16,24,0,23,20,0,21,32,33,36,34,31,0,8,10,9,0,12,0,35,33,36,34,0,32,0,0,7,9,10,0,23,21,20,19,24,22,0,0,29,0,28,27,2,3,0,0,0,0,14,0,15,0,18,0,0,21,24,0,19,20,32,0,31,33,34,36,11,9,8,7,12,10,0,13,0,14,16,0,26,27,0,28,0,29,2,4,0,5,6,1,9,7,0,0,5,6,0,21,0,0,20,0,0,31,30,0,34,32,4,0,3,36,2,0,12,13,16,14,0,15,0,26,25,27,0,0,21,19,22,20,0,18,0,0,0,0,0,0,0,7,6,5,10,0,16,11,15,0,14,13,0,25,28,26,0,0,0,2,1,3,0,35,33,31,34,0,29,30,6,0,5,0,8,10,21,19,18,17,22,0,28,23,27,24,26,25,36,0,0,2,35,0,12,14,13,15,16,11,15,13,16,0,0,0,24,27,0,25,26,28,3,0,36,35,0,2,0,5,9,0,8,7,18,0,22,0,17,0,0,32,31,33,34,29,0,0,28,0,23,24,0,3,35,1,0,4,15,13,12,11,0,0,0,0,0,18,20,19,30,31,34,32,0,33,0,8,0,9,10,0,3,0,0,2,35,36,12,15,11,0,14,0,0,0,0,23,28,26,0,29,33,30,0,0,6,7,0,8,0,0,18,20,19,21,22,17,28,26,29,27,0,25,1,4,36,2,0,5,16,14,13,12,17,15,0,18,22,0,21,20,31,32,35,33,30,0,0,9,8,10,11,6,0,0,17,15,0,13,25,0,0,26,0,0,0,0,1,36,5,0,11,6,10,0,9,0,19,0,0,21,18,0,0,33,32,34,0,30,22,20,0,0,0,19,31,34,30,32,33,0,10,0,7,6,0,9,17,0,0,0,15,0,0,0,29,27,0,0,0,3,0,4,5,36,34,0,0,33,30,31,0,10,6,8,9,11,0,0,19,18,23,21,0,0,28,25,27,26,1,2,0,3,0,4,13,15,14,0,17,0,10,0,11,9,0,7,19,22,18,0,21,0,0,0,31,30,0,0,0,36,4,1,3,2,0,14,17,0,0,0,25,27,0,0,0,24,4,2,5,3,0,1,13,16,0,14,0,17,28,26,0,0,29,27,35,0,0,31,33,32,7,0,11,9,0,10,19,21,20,22,23,0
0,0,0,22,20,21,0,31,0,0,34,0,26,27,29,25,28,30,13,18,16,17,15,0,9,12,10,11,0,7,1,3,2,4,5,6,31,36,0,34,32,33,0,0,0,9,10,11,2,3,5,1,0,6,0,0,0,0,0,26,21,24,22,23,20,0,13,15,14,0,17,18,0,6,5,4,0,0,0,0,0,0,16,17,8,9,0,7,10,0,31,0,0,35,33,0,27,30,0,29,26,25,0,21,0,22,23,24,0,0,0,28,26,27,6,0,2,3,4,5,0,33,35,0,34,0,19,0,0,0,21,20,0,18,16,17,0,0,7,0,8,10,0,12,13,18,0,0,14,15,30,25,26,27,28,29,20,0,23,19,22,24,7,0,10,0,9,0,3,0,4,0,0,0,0,33,0,34,0,36,7,0,11,10,8,0,24,19,0,0,22,0,14,0,17,0,16,18,0,6,4,0,3,2,33,36,34,35,32,0,25,0,26,0,0,30,16,0,0,0,17,18,33,28,29,30,0,32,0,24,26,0,25,0,10,15,13,14,0,11,6,9,7,0,5,0,0,0,35,1,2,3,34,0,0,1,35,0,0,0,11,12,13,0,0,6,8,4,7,9,28,33,0,32,30,29,0,27,25,26,23,22,16,0,0,0,0,21,0,0,14,13,0,12,27,0,23,0,25,26,17,0,20,0,19,21,0,0,0,0,6,0,0,0,0,2,35,0,0,30,29,0,0,33,0,9,8,7,0,0,21,16,17,18,0,0,11,12,14,10,0,15,0,3,1,2,0,35,30,33,31,0,29,28,22,24,23,0,0,27,0,0,26,0,23,24,0,34,35,0,1,0,29,0,32,28,0,33,16,21,0,20,18,17,12,15,13,14,11,10,4,6,0,0,8,9,28,33,32,0,29,30,9,0,5,6,7,0,35,36,2,34,1,3,0,0,25,26,0,0,18,0,0,20,0,16,10,0,11,13,14,15,14,19,18,17,15,16,0,26,27,0,29,30,0,22,0,20,0,0,8,13,0,0,10,9,4,0,5,6,3,0,32,34,0,0,0,1,20,25,24,0,21,22,1,32,33,34,0,36,0,28,30,26,0,0,0,19,17,0,16,15,10,13,11,0,0,8,0,0,0,5,6,7,32,1,36,0,33,34,13,0,0,10,11,0,3,4,0,0,5,7,26,31,29,30,0,27,0,0,0,24,0,0,0,16,15,0,18,19,0,0,12,11,9,10,0,20,0,22,23,0,0,16,18,14,17,19,2,7,5,0,4,0,34,1,35,36,0,0,26,28,27,0,30,31,2,7,6,5,0,4,19,14,15,0,0,18,0,10,12,0,0,13,32,1,0,36,34,0,28,0,29,30,27,26,20,22,21,0,24,25,26,0,30,29,27,28,7,2,0,4,0,0,33,34,0,0,0,1,20,0,23,0,22,21,16,0,17,0,15,14,0,10,9,11,0,13,15,0,19,18,16,17,0,27,0,29,0,0,0,23,25,21,24,26,9,0,12,13,11,0,5,0,6,7,4,3,33,35,34,36,0,0,27,0,0,30,28,0,8,0,4,5,6,7,34,0,1,33,36,2,21,26,24,0,23,22,0,0,0,0,16,0,0,11,10,0,0,0,0,2,1,36,34,35,14,0,10,11,12,0,4,5,0,3,6,0,27,32,30,31,0,28,23,26,24,0,22,0,0,0,0,0,19,20,9,14,0,12,10,11,26,21,22,0,24,25,16,17,19,0,18,20,3,8,0,7,5,0,0,2,36,1,34,33,27,29,28,30,0,32,21,26,25,24,0,23,2,0,34,35,36,0,28,0,31,0,0,32,0,0,18,19,0,0,0,14,12,13,0,0,3,0,4,6,0,0,0,0,7,6,4,0,0,0,16,17,0,19,10,0,0,9,12,0,33,0,0,0,35,34,29,0,0,0,0,27,21,0,0,24,25,26,0,5,0,0,1,0,0,12,0,14,15,0,0,0,10,6,9,11,30,0,33,34,32,31,0,29,27,28,0,24,0,0,19,0,0,23,30,35,34,0,0,32,0,0,0,8,9,0,0,2,4,36,3,0,24,29,27,28,0,25,0,23,21,22,19,0,12,14,0,15,0,17,0,17,0,15,0,14,29,24,25,0,0,28,0,0,22,0,21,23,6,11,9,10,8,7,2,5,3,4,0,36,30,32,0,0,0,35,6,11,10,9,7,8,0,18,0,20,21,0,0,14,16,12,15,0,36,0,0,0,2,1,32,35,0,0,31,30,24,26,0,27,28,0,24,29,28,27,25,0,5,0,1,2,0,0,31,32,34,30,33,35,18,0,21,22,20,0,0,17,0,16,13,12,6,0,7,9,0,11,0,23,0,21,0,20,35,30,31,0,0,34,25,26,0,24,27,0,12,17,15,0,14,13,0,11,9,0,7,6,36,2,1,3,4,0,0,0,0,0,18,19,34,29,30,0,0,0,0,25,0,23,26,0,11,0,14,0,13,12,0,10,8,9,6,0,0,1,0,2,3,4,0,10,9,8,6,7,22,0,0,19,20,21,12,13,15,11,14,0,35,4,0,3,1,0,31,34,0,0,30,29,0,25,24,26,27,28,11,16,0,14,12,0,0,23,24,0,26,0,18,19,0,17,0,22,0,10,8,0,7,0,1,0,2,0,36,0,0,31,0,32,33,34,0,0,0,2,36,1,16,11,12,13,14,0,6,7,9,0,0,10,29,0,32,0,31,30,0,28,0,0,24,23,0,0,18,20,0,22,29,0,33,32,30,31,0,5,6,7,8,0,36,1,0,0,2,0,23,0,0,0,25,24,19,22,0,0,18,0,11,13,12,0,15,16,23,0,0,26,0,25,4,35,36,0,2,0,30,0,33,29,32,34,17,0,0,21,0,0,0,16,14,0,12,11,5,7,6,8,9,10
0,22,19,24,0,0,16,14,0,18,0,0,0,36,33,31,0,0,2,0,6,0,3,4,28,26,0,30,0,25,0,8,9,0,0,0,5,4,1,0,3,0,34,0,35,36,0,33,14,18,15,0,17,0,20,19,24,23,0,0,0,8,9,12,11,7,0,0,0,0,28,0,29,0,25,30,27,26,22,20,0,24,19,0,0,6,3,1,5,0,8,7,12,0,9,0,34,0,33,36,35,0,18,14,0,0,0,0,11,10,7,12,9,8,0,2,0,6,0,0,20,0,0,0,23,0,26,0,30,0,0,28,16,0,15,18,17,13,36,0,33,31,0,35,0,0,13,18,0,14,0,0,11,0,0,9,0,0,0,25,29,28,0,31,36,35,0,0,22,0,21,0,23,19,6,2,3,1,4,5,35,0,31,36,33,32,0,26,29,0,0,0,8,0,0,0,11,10,0,0,18,17,15,16,0,2,0,6,5,1,24,20,21,19,22,23,16,15,12,17,0,0,9,7,0,0,6,8,25,0,26,24,0,27,0,30,35,0,32,0,21,19,20,23,0,18,5,0,0,0,0,0,0,33,30,0,32,0,0,25,0,0,24,26,7,0,8,6,10,0,0,12,17,16,14,0,0,0,0,5,4,36,23,0,0,0,21,22,0,0,0,29,26,0,0,0,22,0,18,20,1,5,2,36,4,0,7,6,11,0,8,9,0,0,32,35,0,0,17,0,14,12,15,16,0,9,6,11,8,7,3,0,4,5,36,2,19,23,20,18,0,21,25,0,29,28,26,0,15,13,14,17,16,0,35,0,0,30,0,0,0,3,0,5,0,1,33,0,34,35,30,32,13,17,14,12,16,15,19,0,0,0,20,21,0,0,0,11,10,0,29,0,26,0,27,28,22,0,0,0,0,19,15,13,16,17,0,14,31,35,32,30,34,33,0,0,0,4,0,3,27,25,26,0,28,24,11,7,8,6,9,0,0,31,28,33,30,29,0,0,0,27,0,0,0,9,6,4,0,7,11,0,0,0,12,13,0,35,36,3,2,0,21,0,18,16,19,0,0,0,22,27,24,0,0,17,0,21,16,18,0,0,36,34,2,1,5,4,9,8,6,0,31,0,30,33,32,28,0,0,12,10,13,0,0,19,16,21,0,17,0,11,14,0,0,0,0,0,30,28,32,0,0,34,3,2,36,0,0,23,0,27,0,0,9,5,0,4,0,0,0,13,10,15,12,0,0,5,8,0,0,6,0,27,24,22,0,25,29,28,33,0,30,0,0,0,18,21,20,16,0,35,36,34,1,2,0,7,0,0,0,5,0,0,2,3,34,36,0,21,18,16,20,19,0,22,27,26,24,25,13,0,12,0,0,10,0,0,0,28,31,32,2,1,34,3,36,35,31,29,32,33,28,30,0,0,12,10,0,13,17,16,21,20,18,0,7,5,0,0,0,4,27,23,0,22,25,26,0,29,26,0,28,0,0,21,0,25,20,22,0,7,4,2,6,5,0,8,13,0,10,0,0,33,0,1,0,0,19,15,16,14,17,0,0,17,0,19,0,0,11,9,12,0,8,10,0,31,28,26,30,29,33,32,0,36,0,35,23,21,0,25,24,0,7,3,4,2,5,0,0,0,8,13,0,9,5,3,0,7,2,4,21,0,22,20,24,23,0,26,31,0,28,29,0,0,16,0,18,14,1,33,0,32,35,36,36,35,32,1,34,33,29,27,30,31,26,28,9,0,10,0,12,11,15,14,19,18,16,17,5,0,4,7,6,2,25,21,0,0,0,0,0,0,0,25,22,21,0,15,0,0,0,16,0,1,0,0,36,35,3,2,0,0,0,5,29,27,0,0,30,26,13,0,0,0,0,12,6,0,0,7,4,0,35,0,36,0,32,34,0,19,16,0,18,17,21,0,25,0,22,23,0,9,0,13,0,8,31,27,28,0,29,30,15,14,11,16,0,0,8,0,0,10,5,7,0,0,25,0,27,0,30,29,0,0,31,0,0,18,0,22,21,17,0,36,0,35,2,3,9,0,5,10,0,6,2,36,3,0,0,1,18,0,19,17,21,20,24,23,28,0,25,26,14,12,13,16,15,11,0,0,0,29,0,0,27,26,0,0,25,24,20,0,21,22,17,19,36,4,0,0,3,2,0,5,10,0,7,0,32,30,0,34,0,29,16,0,13,11,0,15,33,32,29,34,0,30,26,24,27,28,23,25,6,0,7,5,9,0,12,11,0,0,0,0,2,0,0,4,3,0,22,18,19,17,0,0,3,2,0,0,1,36,32,30,33,34,0,31,0,16,13,0,15,14,0,17,0,21,19,0,8,0,0,10,9,0,28,0,25,0,26,0,21,0,17,22,19,18,14,12,15,16,11,13,0,34,31,29,0,32,36,0,4,0,1,2,26,24,25,28,0,23,10,6,0,5,8,0,31,30,27,32,29,0,0,22,0,26,21,0,0,0,5,0,0,0,10,9,14,13,11,12,36,34,35,0,1,0,20,0,17,15,18,19,0,12,9,14,11,10,6,0,0,0,0,5,22,26,0,21,25,0,28,27,32,31,0,30,18,16,17,20,19,15,0,34,35,33,0,1,0,18,15,0,17,16,0,10,13,0,9,0,0,0,0,27,31,30,34,33,2,1,35,36,0,22,23,26,25,21,0,4,0,3,0,7,25,24,21,26,23,22,18,16,0,20,0,0,34,2,35,33,1,0,4,3,0,7,0,6,30,0,29,32,31,27,14,10,11,9,12,0,0,0,0,0,5,4,0,34,1,0,33,35,16,20,0,0,19,18,22,21,26,25,23,24,12,10,11,14,13,9,0,28,0,27,30,0,1,36,33,2,35,34,30,28,0,0,27,0,0,0,11,9,13,0,0,15,20,0,17,18,0,0,5,8,0,3,26,22,0,21,24,0
7,0,0,0,3,5,0,1,35,33,0,2,23,25,22,24,21,26,13,12,11,14,10,0,30,27,32,31,0,29,17,20,0,19,15,18,0,0,0,16,15,17,12,13,11,0,10,14,35,1,34,0,33,0,0,24,23,0,22,0,6,0,8,0,4,5,29,0,0,0,27,30,0,30,0,0,27,29,24,25,0,0,22,26,11,13,10,12,9,14,1,0,0,0,34,33,0,15,20,19,16,17,0,8,4,0,0,6,25,0,26,0,21,23,18,0,17,0,16,20,5,7,0,6,0,8,0,30,29,32,0,27,12,9,0,0,0,11,35,0,34,1,33,36,1,0,0,0,0,0,30,31,0,27,0,0,17,19,16,18,0,0,7,6,5,0,0,0,0,21,0,0,22,23,11,0,10,13,9,12,0,12,14,10,9,0,6,7,5,3,4,8,29,0,28,30,27,0,19,18,17,0,16,15,36,33,0,0,34,35,0,26,22,0,21,24,0,0,13,9,8,10,0,6,4,2,3,0,28,0,0,0,26,31,0,17,0,19,15,0,35,0,1,36,33,34,22,0,21,0,20,0,0,5,0,0,2,4,35,0,0,32,33,1,0,0,21,23,0,0,0,0,10,13,0,8,29,0,31,30,27,28,16,0,15,18,0,0,0,17,0,15,0,0,11,0,0,8,0,13,34,36,33,0,32,1,0,0,22,0,21,20,5,0,7,6,3,0,0,31,0,30,26,0,0,35,1,33,0,34,0,0,28,26,27,31,16,18,15,17,14,19,0,5,4,0,0,0,23,20,25,0,21,22,10,13,9,12,0,11,24,23,25,0,20,0,0,18,16,14,15,19,4,6,3,5,2,7,30,29,28,31,0,0,0,0,0,12,9,0,34,1,33,0,32,0,0,0,31,27,26,28,0,24,22,0,21,25,10,0,9,0,0,0,36,35,34,0,0,32,0,0,19,18,0,16,4,7,3,0,2,0,10,9,11,0,6,8,3,4,2,36,1,0,0,28,25,27,0,0,16,15,14,17,13,0,33,0,35,0,31,32,20,0,19,22,0,21,0,0,35,0,0,0,27,28,26,0,0,29,14,0,0,15,12,17,0,3,2,5,0,36,21,18,23,22,19,20,8,11,0,10,6,9,0,21,0,19,18,0,0,0,14,12,13,17,2,0,0,3,36,0,28,27,26,0,0,24,9,6,0,10,7,0,0,35,31,0,30,33,16,15,17,13,0,0,9,10,0,0,7,11,32,34,31,33,30,35,22,21,20,0,19,18,3,36,5,4,1,0,0,0,25,28,24,27,28,27,0,25,0,0,21,0,20,18,0,0,8,10,0,9,6,11,34,0,0,0,0,30,0,12,0,16,13,0,0,0,0,4,36,0,4,0,0,1,36,0,33,0,0,30,31,0,0,22,0,21,0,23,10,9,8,11,7,6,27,0,29,0,0,26,14,0,0,16,12,15,0,1,3,35,34,36,31,32,30,28,29,0,0,0,17,0,0,0,8,0,6,9,5,0,0,22,27,0,0,24,0,0,11,14,0,0,8,7,0,0,4,0,1,0,36,34,35,3,0,26,23,25,22,27,0,13,12,0,11,10,0,28,33,32,0,30,0,21,17,0,0,19,32,31,0,0,28,30,0,0,24,0,23,27,0,14,11,13,10,15,2,0,36,3,35,34,19,16,21,0,17,18,6,0,0,8,4,0,0,19,0,17,16,18,13,14,0,10,11,0,0,0,0,1,34,3,26,25,24,0,0,22,7,0,9,8,5,6,0,33,0,0,28,0,0,0,15,0,0,0,7,8,6,0,5,9,30,0,29,0,28,33,20,0,18,21,0,16,1,34,3,2,0,0,24,0,0,26,0,25,26,0,0,0,22,24,0,0,0,16,0,0,6,8,5,7,4,9,32,0,0,33,29,0,13,0,0,0,11,12,36,0,35,0,34,1,0,22,24,20,19,0,16,17,15,13,14,18,3,0,2,4,1,0,29,28,27,30,26,0,10,7,12,11,8,9,0,36,32,0,31,34,0,16,18,0,0,0,0,11,0,0,8,12,0,0,32,34,31,36,0,22,21,24,20,0,0,1,0,0,2,3,27,30,26,0,25,0,35,0,36,0,0,33,28,29,0,25,0,30,15,17,0,0,0,0,5,4,3,6,0,1,22,0,24,0,20,21,0,0,8,11,7,10,29,28,30,26,25,0,0,23,0,0,20,24,9,0,8,10,0,12,0,0,33,36,32,31,0,0,18,0,14,0,3,6,0,0,1,4,0,0,0,2,1,3,34,35,33,31,32,36,21,0,0,22,19,24,11,0,9,12,8,0,28,25,30,29,0,0,15,18,14,17,0,16,0,10,12,0,7,0,0,5,0,0,0,0,0,0,0,0,0,0,17,16,15,18,0,13,34,31,0,35,32,0,0,0,20,23,0,22,27,0,28,0,23,25,20,21,19,0,0,22,0,9,0,8,5,10,33,32,0,34,0,29,14,11,16,0,0,13,1,0,0,3,35,0,3,0,4,36,35,0,0,33,31,0,0,34,19,21,0,0,17,22,0,0,0,10,0,5,26,23,0,27,24,0,13,0,12,0,11,14,15,14,16,12,0,13,8,9,0,0,0,10,31,0,0,32,29,34,0,20,19,22,0,17,0,35,4,3,0,0,0,28,24,27,23,0,21,20,22,0,17,19,14,15,13,0,0,16,1,3,36,0,35,4,27,0,0,0,0,23,0,0,0,9,6,7,31,34,0,0,29,32,0,0,10,6,5,7,2,3,1,35,36,4,0,0,24,26,0,28,15,14,13,16,0,0,0,29,34,33,30,31,19,22,18,21,17,0,33,32,34,30,0,0,0,27,0,0,24,0,0,15,12,14,0,16,3,2,0,4,36,35,0,17,22,0,0,0,7,10,0,0,5,0
15,13,14,11,0,12,0,30,28,0,32,0,4,8,0,0,7,6,22,0,27,26,23,0,0,19,21,0,0,16,36,3,0,0,2,35,27,25,0,0,0,24,5,0,0,7,0,0,16,20,0,21,0,18,0,1,3,0,35,0,29,31,0,30,0,28,0,15,13,10,14,11,0,7,0,5,4,6,0,0,0,0,26,27,0,0,0,0,0,36,16,0,21,0,17,18,0,13,15,0,14,0,30,33,31,0,0,29,0,1,2,0,0,0,17,18,0,0,0,21,28,32,0,33,0,30,0,13,0,14,11,12,5,7,0,6,0,4,24,27,25,22,0,23,0,0,0,17,16,18,35,0,34,1,0,0,0,14,11,0,13,12,0,31,33,0,29,30,23,0,27,24,0,22,6,0,7,0,8,0,33,31,32,29,28,0,0,0,10,13,14,15,22,0,23,0,25,0,4,0,9,8,5,0,35,0,3,36,2,34,18,21,19,0,20,0,0,32,33,30,29,31,12,13,11,14,0,16,23,27,24,28,0,0,5,8,0,9,0,7,36,0,0,1,3,35,19,0,20,17,21,18,0,8,9,6,0,7,0,25,0,26,27,28,0,0,36,4,2,0,0,20,0,21,0,19,0,14,16,0,15,11,0,0,32,0,33,0,0,0,3,0,35,1,18,0,17,20,21,22,0,33,30,34,32,0,11,0,0,15,12,13,6,8,10,7,9,5,25,0,26,0,0,0,0,26,27,24,23,0,0,0,5,8,0,0,17,21,0,22,20,19,0,0,0,3,0,0,30,32,0,31,0,29,0,16,14,11,15,12,16,14,15,12,0,13,0,0,29,32,0,34,5,0,6,10,8,0,23,0,0,27,0,0,0,0,22,19,0,0,1,4,2,35,3,36,22,20,0,18,0,0,36,0,35,2,3,0,11,15,12,16,0,0,29,32,34,0,30,31,0,26,28,25,0,23,0,10,8,0,9,6,7,5,6,0,2,0,21,22,0,23,24,0,0,36,33,0,35,34,14,17,0,18,0,16,0,11,13,10,12,8,28,31,29,26,30,27,13,0,0,9,8,0,0,28,26,29,0,31,0,6,3,7,5,4,0,23,25,24,21,22,15,0,0,16,18,0,34,0,35,32,36,33,1,0,36,0,32,34,15,16,0,17,18,19,0,30,27,31,29,28,8,11,13,12,9,10,3,0,7,4,6,2,0,0,23,0,24,21,31,29,30,27,26,28,0,10,8,0,12,13,0,24,21,25,0,0,2,0,7,0,3,0,0,35,0,34,36,32,0,19,0,14,0,15,0,23,0,21,20,22,3,0,0,0,6,7,0,18,15,0,17,0,32,35,1,0,0,34,27,0,31,28,0,26,0,13,0,0,12,9,0,17,18,15,14,16,33,0,32,0,0,1,0,12,0,13,0,10,0,29,0,0,27,28,21,0,25,22,0,0,4,0,5,0,6,3,0,34,0,0,31,0,14,15,13,16,0,18,25,29,26,30,28,27,0,10,12,0,8,9,2,4,0,3,5,0,21,24,0,0,23,0,24,0,23,20,19,21,2,3,1,0,0,6,13,17,14,18,0,0,31,34,0,35,0,33,26,28,30,27,0,0,9,0,10,7,11,8,12,10,11,8,7,9,26,0,25,28,0,0,1,5,0,6,0,3,19,0,24,0,20,21,14,16,18,15,0,13,33,0,34,0,35,32,0,0,0,14,13,15,32,33,31,34,35,36,7,11,8,0,0,9,0,28,0,29,26,0,0,0,0,21,23,0,3,6,4,0,5,0,30,0,29,0,25,27,0,9,7,10,11,0,19,23,0,24,22,0,1,4,0,5,2,3,0,0,0,0,35,0,15,0,16,13,17,14,6,4,5,0,1,0,0,0,19,0,23,24,31,0,32,0,34,0,13,16,18,0,14,15,8,0,0,9,0,0,0,30,28,0,0,26,0,0,0,0,21,0,0,0,0,0,0,8,15,0,0,0,18,17,0,36,0,1,34,0,28,0,32,0,31,27,11,0,0,9,0,0,0,6,7,4,0,0,0,0,21,0,25,26,33,0,34,0,0,35,15,18,20,0,16,17,0,12,14,0,13,0,0,32,30,27,31,28,0,30,31,0,27,0,10,0,9,12,13,0,21,25,0,26,0,23,3,0,8,7,0,5,0,36,0,0,1,33,17,20,18,15,0,0,0,36,1,34,33,0,0,17,0,0,19,20,27,31,28,32,30,29,9,12,14,13,10,0,4,6,0,5,7,3,23,26,0,21,25,0,14,12,13,10,9,0,28,0,27,30,31,0,0,0,4,8,6,5,0,24,0,0,22,23,0,18,20,17,0,0,35,0,36,0,0,34,0,18,19,16,0,17,0,0,33,0,0,2,9,0,0,14,12,0,27,0,0,0,28,29,22,24,26,0,25,0,0,8,0,0,0,4,0,0,22,19,18,0,1,2,0,3,0,5,12,0,13,0,15,14,30,0,0,34,0,0,0,0,29,0,0,0,8,11,0,6,10,7,5,3,4,1,0,2,19,20,0,21,22,23,30,0,31,35,0,0,0,15,0,0,13,14,7,0,11,0,0,6,26,29,27,0,0,25,17,15,16,13,12,0,0,32,30,33,34,0,6,0,0,0,9,8,0,27,29,0,25,26,0,0,23,0,22,18,0,0,3,36,0,0,35,33,34,31,0,32,13,0,0,0,16,17,24,0,0,29,27,26,6,0,0,10,0,8,0,0,5,2,4,36,0,0,21,0,0,0,0,9,0,7,6,8,0,26,0,0,28,29,36,0,1,0,3,2,18,21,23,0,19,20,13,0,17,0,16,12,32,35,33,0,34,31,0,27,0,25,24,26,7,8,6,0,10,11,18,22,19,0,21,0,36,0,5,0,0,2,31,33,35,0,34,30,14,17,0,12,16,13
0,0,19,16,20,18,0,0,0,9,5,0,29,32,28,0,0,0,24,0,23,25,0,0,0,14,10,15,12,0,34,2,0,0,0,0,5,0,0,0,8,6,30,28,31,33,0,32,0,20,0,18,21,0,0,15,11,0,14,10,35,0,0,0,36,1,22,26,0,27,25,24,0,33,31,0,32,0,0,16,0,0,0,0,0,0,4,6,9,0,0,0,0,1,2,34,23,26,0,27,24,0,10,14,11,0,13,0,0,15,0,10,0,12,36,0,0,3,35,0,0,26,0,24,27,25,0,21,0,19,20,16,5,8,0,9,6,0,28,32,29,33,31,0,23,27,0,0,0,24,12,10,13,15,11,14,35,2,0,36,3,1,30,33,29,0,32,28,17,20,16,21,0,0,0,0,5,9,0,6,35,3,0,34,0,36,24,22,0,0,0,0,0,0,10,12,0,13,0,9,5,7,8,4,0,32,0,33,30,31,0,20,0,21,19,0,0,4,2,35,3,1,25,0,0,0,0,27,12,15,0,0,16,0,7,0,6,0,9,0,30,33,29,34,0,32,17,21,0,22,20,19,24,28,0,23,27,25,0,11,0,0,12,15,36,3,35,1,0,0,31,0,30,32,33,29,0,21,17,0,19,20,5,9,0,0,0,7,12,16,14,0,15,13,0,35,2,0,0,3,24,0,23,25,28,26,19,22,18,0,21,0,0,9,5,0,7,8,0,0,30,0,0,31,6,10,0,0,9,0,0,29,0,0,30,33,18,21,17,19,22,0,13,0,12,14,0,11,36,3,0,4,1,0,23,0,0,28,26,25,30,34,0,29,33,0,19,17,20,22,0,0,0,0,0,0,0,8,1,4,0,0,3,0,24,27,0,0,0,26,11,15,12,16,14,13,18,22,20,17,21,0,7,5,8,0,0,0,0,33,0,31,34,32,25,28,24,26,0,0,12,15,0,0,0,14,35,3,36,4,0,0,19,23,0,0,22,0,8,6,9,11,7,0,31,34,30,32,0,0,26,0,25,0,0,0,13,16,12,0,14,15,36,0,0,0,3,2,0,0,27,0,0,26,14,12,15,17,0,0,0,4,36,2,5,0,32,0,0,0,34,30,0,0,18,23,20,21,0,0,7,0,0,0,13,17,15,0,16,0,0,36,0,5,1,4,25,28,0,26,0,27,0,23,19,21,22,0,7,10,0,11,0,9,30,34,0,35,33,32,0,35,33,0,34,32,20,18,21,0,0,22,7,10,6,0,11,0,2,5,0,3,0,0,25,0,0,29,0,0,12,16,0,0,0,0,0,11,9,6,10,8,32,0,33,35,31,34,0,0,0,0,23,0,14,0,13,15,0,12,1,4,36,0,2,3,0,28,25,29,27,0,1,0,3,0,4,2,26,24,0,29,0,28,0,0,12,14,0,15,8,11,7,9,10,6,0,34,30,0,32,33,18,0,19,0,0,20,28,0,30,0,31,0,0,15,0,20,0,19,0,0,3,0,0,6,0,2,0,36,0,33,22,25,0,26,23,24,0,0,0,14,0,0,0,2,36,33,1,35,23,0,0,26,22,25,10,13,0,0,0,0,5,8,4,0,0,3,28,31,27,32,29,30,0,19,16,0,18,17,0,8,6,0,0,0,29,0,0,0,28,31,0,19,15,0,0,18,11,14,10,0,13,9,0,1,33,2,35,36,0,25,22,26,24,23,10,14,12,9,13,11,35,33,36,2,34,0,22,25,0,23,26,24,0,20,16,18,19,0,4,0,0,0,5,6,27,0,0,32,30,0,0,20,18,15,19,17,5,3,0,8,0,7,0,0,0,0,32,30,23,0,22,24,25,21,10,0,0,0,11,0,33,1,34,2,36,35,0,0,24,21,25,23,11,0,0,14,10,13,34,1,33,35,2,0,0,32,28,30,31,27,16,19,0,20,17,0,3,7,0,8,6,5,14,18,16,0,17,0,3,1,4,6,2,5,0,29,25,0,30,0,0,0,0,22,23,0,8,11,0,12,9,0,31,35,0,36,34,33,8,0,10,0,0,9,0,31,34,0,0,0,20,23,19,0,24,22,15,18,0,16,17,13,2,5,1,0,0,4,25,29,26,30,0,27,20,0,22,19,0,0,0,7,0,12,0,11,32,0,31,33,36,0,27,30,26,28,0,0,0,17,0,18,15,16,1,0,2,6,0,3,26,30,0,25,0,27,0,13,16,18,14,17,2,0,1,0,6,4,0,36,32,0,0,0,20,0,19,24,0,22,0,11,0,12,10,9,32,36,34,0,35,0,0,19,22,24,20,0,0,11,0,0,0,10,3,0,0,0,5,1,0,29,25,30,0,28,13,17,14,18,0,15,0,0,4,0,0,3,27,25,28,0,26,29,14,17,0,15,18,0,9,12,0,10,0,0,32,35,0,36,0,34,0,23,20,0,22,21,21,25,23,20,24,0,0,0,11,0,9,12,33,36,0,34,1,0,28,31,27,29,30,26,15,18,0,0,16,0,2,0,3,7,5,4,0,31,0,26,30,28,0,0,17,0,15,18,0,6,2,4,0,5,0,1,33,0,0,32,21,0,20,0,0,23,8,12,9,0,11,0,3,7,0,2,6,4,0,26,0,0,0,30,15,18,14,16,19,17,10,13,0,11,0,0,33,36,32,0,34,35,20,0,21,25,0,22,9,0,11,8,12,10,34,32,0,1,33,36,0,24,0,0,0,23,0,0,15,17,18,14,3,0,2,7,4,5,26,0,27,31,0,0,15,19,17,14,0,16,4,2,5,7,0,0,0,0,26,28,0,29,22,0,21,23,24,0,9,12,0,13,10,11,32,36,0,1,0,34,33,1,0,0,36,34,22,20,0,0,21,0,0,0,0,0,0,11,4,0,0,0,6,2,27,0,26,31,28,29,0,0,15,19,17,16
0,0,6,0,0,4,17,16,20,0,0,18,22,0,25,26,23,0,15,12,0,10,0,13,1,36,34,3,2,35,29,30,0,33,31,0,0,27,0,26,25,0,35,34,2,1,3,36,4,6,7,8,5,9,0,0,0,0,29,0,19,18,16,21,0,0,11,0,10,0,13,14,29,33,30,32,31,28,5,4,8,7,9,0,10,0,13,14,0,15,0,0,2,0,35,0,25,0,22,27,0,0,17,0,16,21,19,20,0,3,36,2,0,34,0,10,0,13,15,12,0,0,0,20,17,21,9,0,8,4,5,0,0,0,28,0,0,29,0,24,22,0,25,26,11,0,12,14,0,0,23,0,26,25,27,0,0,30,31,32,29,0,0,18,20,16,0,19,7,0,0,0,8,0,35,36,34,3,0,2,17,21,18,20,19,16,29,28,0,0,33,30,34,36,1,2,35,0,27,0,26,0,0,25,13,0,0,15,0,11,5,6,4,9,0,0,0,0,0,17,0,13,26,0,29,28,0,0,31,0,34,0,32,0,24,0,23,19,20,22,0,0,7,12,0,8,2,0,1,6,4,5,0,12,9,0,0,7,0,19,23,22,24,21,0,27,0,0,26,30,18,0,17,0,0,16,4,0,0,0,5,2,32,33,31,36,0,0,26,0,27,29,28,25,2,1,5,4,6,3,7,0,0,11,0,12,0,33,35,31,0,34,0,21,0,24,23,0,0,15,0,18,16,0,0,0,33,35,34,31,8,0,11,0,12,0,0,0,16,0,14,18,0,3,0,0,0,4,28,0,0,30,29,0,20,0,0,24,22,23,2,0,0,5,4,1,14,13,17,16,0,15,0,21,22,23,20,0,12,9,11,7,8,10,34,33,0,0,35,0,0,27,0,30,28,29,20,24,0,23,22,19,32,0,35,34,0,0,1,3,4,0,2,6,0,0,0,25,0,0,0,15,0,18,17,0,8,0,7,0,10,0,16,20,17,19,18,0,28,0,31,30,32,29,33,35,36,1,0,2,0,23,0,0,0,0,0,11,0,14,0,0,4,0,0,8,0,0,28,32,0,0,0,27,4,3,7,6,8,5,9,0,0,13,10,0,0,35,1,33,0,0,0,23,21,26,25,22,0,17,0,20,18,19,0,0,35,1,0,33,10,0,0,0,0,0,0,0,18,19,16,20,0,5,7,3,4,6,30,29,0,0,31,28,0,0,21,26,24,25,4,0,5,0,6,0,0,15,19,0,20,17,21,0,24,0,22,26,14,0,13,9,10,12,36,35,0,0,1,34,28,29,27,0,30,31,22,0,23,25,24,21,0,33,1,0,0,0,0,5,0,7,0,8,32,29,0,27,28,30,18,0,15,20,19,16,0,11,9,14,0,13,10,0,11,0,0,9,22,21,25,0,26,23,27,0,30,31,28,32,20,17,19,15,16,0,6,5,3,0,0,4,34,35,33,0,0,1,21,25,0,24,23,0,33,32,36,0,1,0,2,0,5,6,3,0,0,28,30,26,0,29,17,16,0,0,0,0,9,10,8,0,0,0,27,31,0,30,0,26,3,2,6,5,7,4,8,10,11,12,9,13,1,34,0,32,33,0,23,22,0,0,24,0,0,16,14,19,0,18,15,0,0,0,0,14,27,0,0,29,0,28,0,0,0,0,0,1,25,22,0,0,0,0,0,10,8,13,12,0,0,0,0,7,0,0,3,0,4,6,0,2,0,0,18,17,19,16,0,22,23,24,21,25,13,10,12,0,9,0,35,34,32,0,0,0,27,28,26,0,0,0,9,13,10,12,11,8,21,0,0,0,0,0,26,28,0,30,0,0,19,0,18,14,15,17,0,0,2,7,6,3,33,34,0,0,0,0,33,1,34,36,0,32,9,0,12,11,13,10,0,16,0,18,15,19,0,4,6,0,3,5,0,28,26,0,0,0,0,22,20,0,23,24,0,17,0,16,0,0,25,24,28,27,0,26,30,32,0,34,0,35,0,20,22,18,19,21,0,8,6,11,10,7,1,2,0,0,3,0,0,0,0,0,33,30,7,0,0,9,0,8,0,14,15,16,13,17,5,2,4,0,0,0,0,0,0,0,28,25,0,0,18,23,21,22,7,0,0,10,0,0,19,18,0,21,0,20,24,0,0,28,25,0,0,0,16,12,0,15,3,2,36,0,4,1,0,0,30,0,0,34,25,29,26,0,27,24,0,0,4,3,5,2,6,0,9,10,7,11,35,0,0,0,31,33,21,0,0,0,0,19,13,14,0,17,15,16,0,5,2,4,3,0,13,12,16,0,17,14,0,0,21,0,19,23,11,8,0,0,0,9,0,0,30,35,34,31,25,26,0,0,27,0,0,0,20,0,0,18,0,30,34,33,35,0,0,0,3,0,1,5,0,0,28,24,25,0,0,0,12,17,16,13,7,8,0,11,9,0,36,0,1,3,2,0,12,0,0,14,0,13,17,0,0,21,0,22,10,7,9,0,6,0,32,31,0,0,0,0,24,0,23,28,26,27,12,16,0,15,0,11,24,23,27,26,28,25,29,0,32,33,30,34,0,0,21,17,18,20,8,0,5,0,9,0,36,1,35,0,0,3,6,10,7,9,0,0,0,17,21,20,0,0,0,25,26,0,0,28,0,13,0,11,0,14,2,1,35,4,3,36,30,0,0,34,32,33,18,0,0,0,0,0,0,29,33,0,34,31,35,1,2,0,36,4,0,0,27,23,24,26,14,13,0,16,15,0,6,7,5,10,8,9,30,34,0,33,32,0,6,0,9,0,10,7,0,13,14,0,12,16,4,1,3,0,36,0,26,25,0,0,27,0,18,19,17,0,20,21,24,28,25,27,0,23,36,35,3,2,4,1,0,7,8,9,0,10,34,0,33,29,0,0,20,19,17,22,21,0,0,0,11,16,14,15
0,1,2,0,33,36,13,12,0,11,14,0,7,8,4,3,5,6,15,0,0,17,0,0,22,24,25,0,23,26,29,0,31,28,30,0,28,31,32,29,27,0,7,6,0,0,0,0,1,0,34,33,0,0,9,10,12,0,0,13,0,18,0,15,17,20,23,0,25,0,0,21,4,7,8,0,0,6,0,18,0,17,20,15,13,0,0,9,11,12,0,22,24,23,26,25,28,30,31,0,0,0,35,0,1,0,36,0,0,13,14,11,9,12,25,24,22,23,26,0,19,0,0,0,17,18,0,28,30,0,0,31,0,0,1,33,0,0,5,8,7,0,6,0,0,25,0,23,0,24,1,36,0,0,2,0,31,0,0,27,29,0,0,4,6,5,0,0,10,12,0,9,11,0,17,20,0,0,18,15,0,0,20,0,15,18,0,30,28,29,32,0,25,0,0,0,23,24,33,34,0,0,2,0,0,0,7,3,5,0,0,0,13,0,0,9,0,0,0,30,28,31,8,7,5,0,0,4,2,3,0,34,36,1,0,11,13,0,15,14,17,0,20,16,18,21,24,0,26,0,25,22,0,0,0,0,10,13,26,0,23,24,27,22,20,21,17,16,18,0,0,0,31,30,33,32,35,1,0,0,36,3,6,0,8,5,7,4,0,0,0,6,4,0,20,0,17,18,0,0,0,0,11,0,0,0,22,23,0,0,27,0,0,0,32,28,0,0,36,0,2,35,1,34,23,26,0,0,22,25,2,1,35,0,3,34,32,0,29,28,0,31,4,5,7,0,0,0,0,13,14,10,12,15,0,21,20,0,19,16,17,20,21,0,16,19,32,31,0,30,33,28,26,27,23,0,24,25,34,0,1,0,3,2,5,7,0,0,6,9,12,15,14,0,13,10,0,2,0,0,0,1,14,13,11,12,15,10,8,0,0,0,6,7,0,17,19,0,0,0,0,0,26,22,0,27,30,33,0,29,0,28,36,0,4,0,35,2,0,14,0,13,16,11,0,10,0,0,7,8,17,18,0,19,0,21,24,26,27,23,25,28,31,0,0,30,0,29,24,0,0,25,23,0,3,2,36,0,4,0,0,0,0,29,0,0,0,6,0,7,0,9,12,14,0,0,0,16,0,22,21,18,20,17,18,0,22,0,17,20,33,32,30,31,34,29,27,28,0,23,25,26,35,36,0,0,4,0,6,8,9,5,7,10,13,16,15,12,0,11,12,15,16,13,0,14,27,26,24,25,28,23,0,22,18,0,19,20,29,0,32,31,0,0,36,2,3,0,1,4,7,0,9,6,8,0,30,0,0,0,0,0,0,8,6,7,10,5,3,4,36,0,1,2,11,12,14,0,16,0,0,0,0,17,19,22,25,28,27,0,26,23,6,9,0,7,5,0,21,20,18,0,22,0,0,0,12,11,13,0,0,24,26,25,28,27,30,0,0,29,31,34,0,0,3,0,0,0,27,0,0,28,26,0,0,0,0,0,7,2,0,1,33,0,0,35,0,9,11,10,0,12,0,17,18,14,16,19,22,0,0,0,23,20,3,0,7,0,2,5,0,17,0,16,19,14,0,13,0,0,0,11,20,21,23,22,0,24,0,0,30,26,28,31,34,1,36,0,35,32,21,24,25,22,0,23,36,35,33,0,1,0,30,0,0,26,28,29,2,0,5,0,0,0,9,11,12,8,10,13,0,0,18,0,17,14,33,36,0,34,0,0,12,11,9,10,13,8,0,7,3,2,0,5,14,15,17,16,0,18,0,23,0,20,0,25,0,31,30,27,29,26,15,18,0,16,0,17,30,29,27,28,0,26,24,25,21,20,0,23,32,33,0,0,0,36,0,5,6,2,4,0,0,13,12,0,11,0,0,12,13,10,8,0,24,0,21,22,25,20,18,19,15,14,0,0,26,27,29,0,31,30,0,35,36,0,34,1,4,0,6,3,0,2,2,0,0,0,0,0,17,16,0,15,18,13,0,12,8,7,9,0,19,20,22,0,24,0,26,28,0,0,0,0,0,0,35,0,34,0,0,0,0,15,13,0,29,28,0,27,30,25,23,0,20,19,21,22,31,0,34,33,0,35,2,0,5,0,3,0,0,12,0,0,10,0,8,0,0,9,7,10,23,0,0,21,24,0,17,18,0,0,15,16,0,26,28,27,30,0,32,34,35,0,0,0,3,0,5,2,4,1,20,0,0,0,19,0,0,0,32,33,36,31,0,0,26,0,27,28,1,2,4,0,0,5,0,10,0,7,9,12,0,18,0,14,0,13,26,0,30,0,25,28,5,0,2,0,6,1,35,0,0,0,33,34,7,0,10,9,12,0,0,16,0,13,15,18,21,24,23,20,22,19,0,0,36,33,31,0,11,10,0,9,0,7,5,6,2,0,0,4,0,0,16,15,0,17,0,0,23,0,21,24,27,30,0,26,28,0,0,34,0,32,30,0,10,9,0,0,11,6,4,0,0,36,0,3,0,0,0,0,17,0,19,21,22,18,0,23,26,29,28,0,0,24,1,0,5,2,36,3,16,15,0,14,0,0,10,11,0,0,0,9,18,19,0,20,23,22,0,27,28,0,26,29,32,0,34,31,0,0,0,10,11,8,0,9,22,21,19,20,0,18,16,17,13,12,14,15,24,25,27,0,29,28,0,0,34,30,0,35,0,5,4,1,3,0,25,0,0,26,24,0,0,3,1,0,5,36,34,35,31,0,32,0,6,7,0,0,11,0,13,15,0,12,0,17,0,23,22,19,21,18,13,0,17,14,12,0,0,0,0,26,29,24,22,23,0,18,20,21,30,0,33,32,0,34,0,3,0,0,2,0,0,0,10,0,9,6,19,0,23,0,0,21,0,0,31,32,35,30,28,0,0,24,26,27,0,1,3,2,0,0,0,9,10,6,0,0,14,17,16,13,15,12
1,0,2,0,5,3,0,9,11,0,10,7,12,17,0,15,13,14,32,35,30,33,34,31,0,0,0,27,0,24,21,19,0,22,18,20,19,18,0,0,0,21,0,0,0,26,0,25,0,35,0,33,0,32,0,0,0,15,16,0,10,7,11,9,8,0,3,1,5,4,36,2,13,12,14,16,0,0,18,21,23,20,22,0,24,29,0,27,25,0,8,11,6,0,0,7,4,1,5,0,2,36,33,31,35,0,30,32,25,0,26,0,0,27,0,33,35,0,34,31,36,0,4,0,1,2,20,0,18,21,0,19,16,13,17,15,0,12,9,7,0,10,0,0,7,6,0,0,0,9,0,15,17,14,0,0,0,0,0,21,19,20,2,5,0,3,4,1,34,0,35,33,32,30,27,25,0,28,24,26,0,30,0,34,0,0,36,0,0,0,4,1,0,11,10,9,0,0,26,29,24,27,0,25,22,19,23,21,20,0,15,13,17,0,0,14,4,0,0,0,0,6,9,0,14,0,0,10,0,0,0,18,0,17,35,2,33,36,1,34,31,28,32,0,29,27,24,22,26,25,0,23,0,0,35,0,0,36,3,0,0,0,7,4,9,14,0,12,10,0,0,32,27,30,0,28,25,0,0,0,0,21,18,16,20,19,0,17,0,9,11,13,14,12,0,18,20,0,0,0,0,0,25,0,0,23,5,8,3,0,7,4,1,0,2,36,35,0,0,28,32,31,0,29,16,15,0,19,0,0,21,24,26,23,25,22,0,32,31,30,0,0,11,14,0,0,13,10,7,4,8,6,5,3,36,34,2,0,0,35,0,0,23,0,26,0,0,30,0,29,31,0,0,0,1,36,34,35,17,20,15,0,0,0,13,10,14,12,11,9,0,0,0,7,3,5,28,27,29,31,32,30,0,36,2,0,1,0,0,8,0,0,0,0,23,0,21,24,25,22,0,0,0,0,17,0,12,0,14,13,9,11,0,5,0,9,10,0,0,14,16,13,15,0,17,22,0,0,18,19,0,4,35,0,3,0,0,30,34,0,31,29,26,24,0,27,23,0,30,0,31,33,0,32,0,2,4,0,0,36,0,0,0,8,6,7,0,28,0,26,0,24,21,0,0,20,0,17,14,0,16,0,11,13,36,0,1,3,4,2,5,8,10,7,9,6,11,16,15,0,0,13,0,0,29,0,33,30,27,0,28,0,25,23,0,18,0,21,0,19,24,23,25,0,0,0,29,0,0,31,0,30,0,0,0,0,0,1,19,22,0,20,21,18,0,12,16,14,13,11,0,6,0,9,0,0,18,17,19,0,0,0,0,0,28,25,27,0,29,34,33,32,30,0,13,0,11,0,15,0,9,6,10,0,7,0,2,0,4,3,0,0,12,11,13,15,16,14,17,0,22,0,21,18,23,28,27,26,0,25,0,10,0,0,9,6,3,36,4,0,1,0,0,30,0,33,29,31,23,22,24,26,0,25,0,31,0,30,32,29,34,0,2,1,35,0,18,21,16,19,20,17,0,0,15,0,0,10,7,5,0,0,4,6,5,4,6,0,9,0,10,13,15,0,14,11,16,21,20,0,17,0,36,3,34,1,2,0,32,0,33,0,30,0,0,23,0,26,22,24,0,28,30,32,0,31,0,0,0,36,2,35,0,9,8,7,0,6,0,0,22,25,0,0,0,17,21,19,18,16,0,11,15,14,10,0,17,16,18,20,21,19,0,25,0,0,26,0,0,33,0,31,29,30,12,0,0,13,14,11,8,0,9,7,0,0,1,0,3,2,34,36,11,10,12,14,15,0,16,19,0,18,20,17,22,27,26,0,0,0,6,9,0,0,8,5,0,0,3,1,0,0,31,29,0,32,0,30,35,0,36,2,0,0,0,0,0,6,8,0,10,15,14,13,0,0,0,0,28,31,32,0,0,0,27,25,0,22,0,0,21,20,16,0,33,0,34,36,0,0,0,5,0,4,0,3,8,13,12,11,9,10,0,0,26,0,30,27,0,21,25,23,22,20,0,0,19,0,14,16,3,2,4,6,7,5,8,11,13,10,12,9,0,0,18,17,15,0,0,1,32,35,36,33,0,27,0,29,28,26,0,0,0,24,20,0,0,14,0,18,0,17,0,23,25,22,24,21,26,31,0,29,0,0,10,13,8,0,12,9,6,3,7,5,4,0,0,0,0,36,32,34,9,8,0,0,0,11,14,17,0,0,0,0,20,25,0,23,21,22,4,7,0,5,0,3,36,33,1,0,0,32,29,27,31,30,26,28,0,20,22,24,25,0,26,0,31,28,0,0,32,1,36,35,33,34,0,19,0,0,0,15,0,9,13,11,0,0,0,3,7,0,0,4,0,26,28,30,31,0,0,0,0,0,36,0,2,7,6,5,0,0,22,25,0,23,24,21,18,15,19,17,16,0,11,9,13,12,8,10,2,0,3,0,0,0,7,10,0,9,0,8,13,18,17,0,14,15,0,0,31,34,0,0,29,26,0,28,27,25,22,20,24,23,0,0,0,13,15,17,18,16,19,22,24,0,23,0,25,30,29,28,26,27,9,0,0,10,0,8,0,0,6,4,3,0,34,0,0,0,31,0,20,19,0,23,24,22,25,28,0,27,0,0,31,0,0,0,32,33,15,0,13,16,0,14,11,8,0,0,9,7,4,0,0,0,1,0,0,0,9,0,12,10,0,16,18,0,17,14,19,0,23,22,20,21,3,6,1,0,5,2,35,32,36,34,0,0,28,26,30,0,25,27,26,25,27,29,0,0,31,34,36,0,35,32,0,6,0,0,0,3,0,0,0,22,23,0,17,0,18,16,0,13,10,8,0,11,7,9,0,31,0,35,36,34,1,4,6,3,5,0,0,12,0,0,8,9,27,30,0,28,29,26,0,20,24,22,0,0,16,0,18,17,13,15
2,36,1,3,0,34,0,0,10,13,15,11,18,16,19,17,21,20,30,0,31,29,0,0,0,0,6,0,0,8,0,0,24,27,0,22,14,0,13,0,0,0,24,0,22,0,27,23,30,0,31,29,33,32,6,4,7,5,9,8,0,0,18,0,0,20,0,2,36,3,1,34,20,0,19,0,17,16,0,32,28,31,33,29,36,34,1,0,3,0,12,0,13,11,15,0,25,0,0,23,27,26,0,8,6,0,0,0,26,0,25,27,23,22,36,2,0,1,3,35,6,4,7,0,9,8,0,16,0,17,21,20,31,0,30,0,0,32,11,14,12,15,13,10,0,6,7,9,5,0,0,20,0,19,0,17,24,0,0,23,27,26,0,0,0,35,3,2,13,0,12,0,15,14,0,32,30,33,31,0,32,30,0,33,0,0,6,8,4,7,9,0,12,10,13,0,0,14,0,0,25,0,27,26,0,34,36,0,3,0,0,20,18,21,0,16,22,0,21,23,0,18,32,0,30,33,35,31,0,36,3,1,0,0,14,12,15,13,0,16,0,24,26,0,29,0,7,10,8,11,0,6,0,8,0,11,7,6,20,22,18,0,23,0,26,0,27,0,29,28,2,0,0,1,5,0,15,12,0,13,17,16,31,0,32,35,33,0,0,2,3,5,0,0,0,16,0,15,17,0,20,18,21,19,23,22,32,30,33,31,0,34,0,0,0,0,11,0,0,28,0,29,27,24,28,26,27,0,25,24,0,0,36,0,0,1,8,6,9,0,11,0,0,0,0,19,23,22,0,30,32,0,0,0,13,16,14,17,0,12,0,32,33,35,0,30,8,10,0,9,0,7,14,0,15,0,0,16,26,0,0,25,29,28,3,36,2,0,0,4,19,0,0,0,21,0,0,14,0,0,13,0,0,28,0,27,29,25,0,0,33,0,0,0,8,0,9,0,11,0,21,18,20,19,0,22,1,4,2,0,0,36,35,33,34,0,32,31,9,11,7,0,12,8,15,13,0,14,18,17,27,25,28,0,30,0,0,1,3,0,6,5,0,23,21,24,22,0,0,0,28,0,0,0,3,5,1,0,6,2,9,7,0,8,0,11,0,19,0,20,0,23,34,31,33,32,36,35,14,17,15,18,16,13,23,0,22,24,20,19,0,0,31,34,0,0,3,1,4,2,0,0,0,0,16,14,18,0,0,25,27,0,0,29,8,11,0,12,10,7,17,0,16,18,14,13,0,29,25,28,0,26,33,0,0,0,0,35,9,7,0,8,0,11,22,0,0,20,0,23,2,0,3,6,0,1,11,9,0,12,0,7,0,0,19,22,24,0,0,25,28,26,30,29,0,1,4,2,0,5,16,0,15,0,0,17,32,35,0,36,34,31,5,0,4,6,2,1,15,0,0,0,0,0,21,0,22,0,24,23,33,31,0,0,36,35,0,0,9,8,12,11,0,29,27,30,28,0,6,4,5,7,0,2,16,0,14,17,0,15,22,0,23,21,25,24,0,0,0,0,1,0,11,8,10,0,13,12,0,0,0,0,0,26,0,22,23,0,21,0,34,0,32,35,0,0,4,2,5,3,7,6,16,14,0,0,19,0,29,0,28,0,31,30,0,12,10,0,0,8,12,10,0,0,9,8,0,24,20,0,25,21,28,26,29,0,31,0,0,2,5,3,7,0,0,14,0,0,19,0,33,36,34,1,0,0,36,0,0,1,0,32,0,0,8,0,13,9,0,0,0,15,19,18,0,26,0,27,31,30,0,2,4,3,7,6,21,24,0,25,0,20,30,0,29,0,27,26,4,6,0,5,7,0,10,8,0,9,13,12,22,0,23,21,0,24,35,32,34,0,0,0,0,18,16,19,17,0,18,0,0,19,15,14,28,30,26,0,31,0,34,0,35,0,0,0,10,8,11,0,0,12,23,20,22,21,0,0,0,0,4,0,5,0,9,0,8,0,0,0,19,21,17,20,0,0,25,0,0,24,28,27,1,0,2,0,4,3,14,0,13,0,0,15,0,33,31,34,32,29,33,31,32,34,30,29,7,9,5,0,10,6,0,0,0,12,16,15,0,0,26,24,0,27,0,0,1,36,0,0,0,21,19,22,20,17,0,0,0,22,18,0,0,33,29,0,34,0,1,35,2,36,4,3,0,0,14,12,16,0,0,0,0,0,28,27,0,9,0,10,8,0,27,25,0,0,0,0,0,0,0,0,4,36,7,0,8,0,10,9,0,17,20,0,0,21,0,29,31,0,34,0,0,0,0,16,14,11,3,0,0,4,36,0,13,15,11,0,16,12,19,0,20,0,22,21,0,29,32,30,0,0,8,5,7,0,10,9,0,27,25,28,0,0,0,13,14,0,12,0,25,27,0,26,28,0,31,0,32,30,0,0,7,5,8,6,0,9,20,0,19,18,22,21,36,0,0,4,2,35,0,0,0,26,0,21,35,1,33,36,2,34,5,0,6,4,0,7,17,15,0,16,20,19,30,0,0,28,32,31,0,0,11,14,0,9,0,5,6,8,4,3,17,19,15,18,0,16,23,0,24,0,0,25,35,0,0,34,0,1,0,9,0,10,0,13,28,31,29,32,30,27,0,17,18,0,16,0,29,0,27,0,32,28,0,0,36,34,0,1,0,0,0,10,14,13,0,21,23,0,26,25,4,0,5,8,0,3,1,35,36,2,0,0,11,13,0,12,0,10,0,15,0,16,20,19,29,27,0,0,32,31,6,3,0,4,0,7,0,25,23,26,0,21,13,11,12,0,0,9,0,25,21,24,26,22,29,27,0,28,0,31,5,3,6,0,0,7,0,0,0,16,20,0,34,1,0,2,0,33,31,0,0,0,28,27,5,0,3,6,0,0,11,0,12,10,0,13,23,21,24,22,26,0,0,0,0,34,2,0,0,19,0,20,18,15
32,0,0,0,0,35,23,24,21,20,19,0,0,0,3,0,2,5,0,8,11,12,0,0,15,0,18,14,17,16,25,0,27,0,26,29,0,21,24,19,22,0,11,12,0,8,7,0,0,25,0,30,0,0,31,32,35,36,34,33,3,0,6,2,0,4,0,16,0,18,0,17,0,0,6,1,4,5,29,0,27,0,25,0,0,0,9,12,8,11,13,0,0,18,0,15,21,0,24,0,23,22,0,0,33,0,0,35,8,0,12,0,10,11,35,0,33,0,31,34,16,13,15,18,14,17,19,20,23,24,22,0,0,25,30,0,29,28,1,0,0,6,2,5,26,27,30,0,28,29,0,18,15,14,13,16,0,31,0,0,32,35,1,2,0,0,4,3,9,7,0,8,11,10,0,22,0,24,20,0,14,15,0,13,0,17,5,0,0,2,1,4,22,19,21,24,0,23,0,26,29,30,28,0,33,0,36,32,0,0,0,0,0,0,8,11,18,19,0,0,20,21,0,10,7,6,5,0,26,0,25,28,24,0,29,0,33,34,0,31,0,35,0,36,0,2,11,14,13,16,12,0,24,25,28,0,26,27,15,16,0,12,0,0,0,0,31,34,30,0,0,0,3,0,0,1,7,0,10,0,9,8,0,20,19,22,18,21,12,13,16,11,14,0,3,4,0,0,0,2,20,17,19,22,18,21,23,0,0,0,0,0,0,29,34,0,0,32,5,0,7,0,0,9,0,1,0,0,2,3,27,0,25,24,0,26,8,5,0,10,0,9,0,0,15,16,0,0,19,17,0,18,21,0,29,32,31,34,0,33,0,0,0,5,0,9,33,34,0,30,29,32,14,0,13,0,0,15,17,18,21,22,20,19,25,23,28,0,27,0,35,0,0,4,0,3,30,31,34,29,32,33,0,22,0,0,17,20,2,35,1,4,36,3,5,0,9,10,8,0,13,0,16,12,15,14,23,26,25,28,24,27,0,0,31,26,0,30,0,0,0,0,14,17,0,32,0,0,33,36,2,0,6,0,5,4,10,0,13,0,12,11,20,23,22,0,0,0,33,34,0,0,35,0,24,0,22,21,20,23,5,0,0,7,3,0,0,9,12,13,0,10,0,0,0,0,18,17,26,29,28,0,27,0,21,22,25,20,23,0,0,13,10,0,0,0,0,26,28,31,27,0,0,33,36,1,0,34,4,2,7,3,6,5,14,17,16,19,15,0,9,10,13,8,11,0,36,1,0,33,32,35,0,14,0,19,15,0,20,0,24,25,23,22,28,0,0,0,30,29,2,0,4,0,0,0,15,16,0,0,17,18,0,0,0,0,2,0,0,0,22,25,21,0,26,27,30,31,0,0,0,32,0,33,36,0,8,11,0,13,9,12,3,4,0,2,5,6,0,31,0,27,0,29,11,0,10,13,9,12,0,15,0,0,0,0,0,20,25,0,24,0,0,35,34,1,0,36,28,29,32,0,0,0,19,20,17,16,15,18,36,0,35,2,34,1,3,4,7,0,6,0,11,9,14,10,13,0,21,24,0,0,22,0,0,11,14,0,0,0,0,2,0,34,0,0,0,15,0,20,16,19,21,22,0,26,0,23,0,27,0,28,31,30,0,6,0,8,4,7,0,23,26,21,0,25,0,0,11,10,0,12,30,0,0,0,28,31,33,0,0,0,36,35,0,3,8,0,7,0,15,18,17,20,0,19,0,0,0,3,6,7,31,32,0,28,0,30,12,9,0,14,0,0,15,16,19,20,18,17,0,21,26,22,25,0,33,36,35,2,34,1,16,0,0,15,18,0,7,0,0,0,3,0,24,21,0,26,22,0,27,0,31,32,0,0,35,33,2,34,0,36,0,12,0,14,10,0,0,35,0,0,36,1,0,26,23,22,21,0,0,3,5,8,4,7,9,0,13,14,0,11,17,0,0,16,19,18,0,0,29,32,28,0,11,12,15,0,0,14,0,0,0,35,34,1,0,0,18,21,0,0,22,23,26,27,25,24,0,0,33,29,32,31,0,0,6,9,0,8,0,30,0,0,0,32,20,21,18,0,16,19,1,34,36,3,35,2,0,5,8,0,0,0,12,10,0,0,14,0,22,25,0,27,23,26,35,36,3,34,1,2,0,0,0,23,22,25,0,4,0,9,5,8,10,11,14,15,13,12,18,16,21,0,20,0,28,0,0,0,29,32,0,0,9,4,7,8,0,33,30,29,28,0,13,0,0,15,0,14,16,17,20,0,19,18,24,22,27,0,26,0,0,1,0,0,35,2,0,24,27,22,0,26,0,0,12,11,10,13,31,28,0,0,0,0,0,35,2,3,0,0,6,4,9,0,8,7,16,0,18,0,0,0,0,18,0,0,0,20,8,0,6,5,4,7,0,22,24,27,0,0,28,0,32,33,31,30,36,34,0,35,2,0,10,13,12,15,11,14,0,0,17,0,15,16,0,0,2,1,0,0,21,0,20,23,19,0,0,25,0,0,27,26,32,30,0,31,34,0,0,0,8,11,7,10,1,2,5,0,0,4,28,29,26,25,24,27,9,6,8,0,0,0,0,0,0,17,15,14,20,18,23,0,22,21,0,0,0,0,31,34,0,0,0,0,9,10,34,35,32,0,30,33,15,12,0,0,13,0,0,19,0,23,21,20,26,24,0,25,28,27,0,3,0,0,1,4,31,0,35,0,0,34,22,0,20,0,18,21,3,0,0,0,1,0,6,7,10,0,0,8,14,12,17,0,16,15,24,27,26,0,0,28,0,26,0,24,27,28,16,17,0,0,12,15,0,30,32,35,0,34,0,0,0,5,3,2,0,6,11,7,10,9,0,0,20,23,19,22,19,20,23,0,21,0,0,0,0,0,6,0,0,0,26,0,25,0,0,31,34,35,33,32,2,36,0,1,0,0,0,0,14,17,13,16
0,0,0,0,12,0,30,35,32,0,34,33,20,19,22,21,0,23,0,6,0,7,0,9,36,3,5,2,4,0,0,27,0,26,28,25,35,32,33,31,30,0,12,0,14,0,0,15,2,1,4,3,36,5,26,24,29,0,0,0,0,21,23,20,0,19,11,9,0,8,0,7,5,2,0,1,36,4,0,23,0,0,0,21,0,7,10,0,6,11,32,0,0,31,34,33,24,0,29,26,28,0,17,15,12,14,16,0,11,0,9,7,0,0,0,29,26,25,0,27,14,0,16,0,12,17,2,36,5,0,4,3,30,0,0,32,34,31,0,0,0,20,0,19,29,26,0,0,0,0,0,11,0,0,0,0,32,0,34,33,30,35,0,18,0,19,22,0,0,0,17,0,16,13,0,3,36,0,4,0,0,20,21,0,0,22,36,0,0,0,4,3,0,25,0,27,24,29,0,12,17,13,16,0,6,0,0,8,10,7,35,33,0,0,34,0,0,25,26,0,23,0,5,0,7,6,9,8,31,30,33,0,0,34,19,0,22,18,0,0,0,14,0,13,0,0,0,0,0,1,0,36,16,13,0,12,11,0,0,0,31,0,0,0,19,18,0,20,0,22,7,0,10,6,0,8,35,2,0,1,0,36,28,26,23,0,27,24,22,0,20,18,17,0,0,4,1,36,0,0,0,0,27,0,23,28,13,11,0,12,0,14,0,8,10,7,0,0,0,32,29,31,0,30,0,1,0,36,35,3,17,22,19,0,21,0,7,6,0,0,5,0,31,29,0,30,0,32,23,26,28,0,27,24,16,0,11,0,15,0,34,31,32,30,29,33,0,0,13,12,15,14,0,0,0,2,35,0,0,23,0,24,27,26,0,20,0,0,0,18,10,8,0,7,9,0,10,7,8,0,5,9,0,28,25,0,0,26,13,12,15,14,11,0,1,0,4,36,3,2,0,32,34,31,33,30,22,20,17,19,21,0,0,10,11,9,0,0,0,0,28,27,0,29,0,15,18,0,14,19,0,0,7,3,0,5,32,0,1,34,0,0,25,23,20,22,0,21,7,0,0,0,2,6,20,0,22,21,24,23,10,9,12,0,0,13,34,0,0,33,36,35,26,29,31,28,0,27,19,17,14,16,0,15,0,0,0,0,26,0,8,13,10,0,0,11,0,33,0,35,0,1,22,20,0,21,0,0,0,17,0,0,18,15,0,0,2,4,6,0,25,22,23,21,0,0,2,7,4,3,0,5,28,27,0,29,0,31,16,0,19,15,18,17,0,11,13,10,12,9,1,35,32,0,0,33,19,0,17,0,14,18,32,1,34,0,0,35,0,21,24,23,0,25,0,0,0,9,12,0,2,5,7,4,6,0,31,29,0,28,30,0,1,34,0,0,32,0,14,0,16,15,18,17,4,3,6,0,2,7,28,0,31,27,30,29,0,23,25,22,24,0,0,11,8,10,12,0,0,0,36,0,0,1,15,20,17,16,19,18,5,0,7,6,0,0,0,27,32,28,31,30,0,24,26,23,25,22,14,0,0,0,0,0,0,17,18,0,15,19,33,2,35,34,0,0,0,0,0,24,0,26,0,9,14,10,13,12,3,0,8,5,7,4,32,0,27,29,0,28,0,0,24,22,0,25,3,0,5,0,7,6,0,0,0,30,27,0,0,15,20,16,19,0,9,12,14,11,0,10,2,36,33,35,0,34,14,11,12,10,0,13,27,32,0,0,31,0,0,0,19,0,15,20,5,3,0,4,0,6,33,36,2,35,1,34,26,24,21,23,25,22,0,5,6,4,3,7,0,0,23,22,25,0,11,0,0,0,9,14,35,0,2,34,1,36,27,0,32,29,31,0,0,18,15,17,0,16,0,0,30,28,0,0,9,0,11,10,0,12,0,0,1,0,33,2,23,0,0,0,25,0,15,18,0,17,19,16,0,0,0,5,7,4,12,9,10,8,0,11,25,0,0,26,0,0,0,0,17,16,13,18,0,0,6,0,0,4,31,34,36,33,0,32,24,0,19,0,23,0,0,15,16,14,0,17,31,0,0,32,0,0,21,0,0,22,0,0,0,7,0,8,11,0,1,4,0,0,5,2,30,28,25,0,0,26,24,0,22,20,0,23,0,0,3,0,5,4,27,0,29,28,25,0,0,0,18,14,17,16,7,10,0,0,11,0,36,34,31,33,0,0,30,27,28,26,25,29,7,0,9,8,0,10,0,0,35,0,31,36,0,19,24,0,23,0,0,16,18,0,0,14,6,0,1,0,5,2,6,0,0,2,1,5,0,24,0,20,0,22,9,8,11,0,7,0,33,31,0,32,35,34,25,28,30,27,0,26,0,16,13,15,0,14,36,33,34,0,31,0,0,18,15,14,17,16,3,2,5,4,1,6,27,0,30,26,29,28,0,22,0,21,23,20,0,10,0,9,0,0,0,0,7,5,4,0,22,27,0,23,26,25,12,11,14,0,0,15,0,34,3,35,0,1,28,31,0,0,32,0,21,19,16,18,20,0,0,12,13,11,10,0,28,33,0,29,32,0,0,17,0,0,0,0,6,0,0,5,8,0,34,1,3,36,0,35,27,25,22,24,0,0,33,0,31,0,0,32,10,0,0,11,14,13,36,35,2,1,34,0,24,0,27,23,26,0,0,19,0,0,20,17,9,7,4,0,8,0,3,36,0,35,0,0,0,21,0,17,0,19,0,5,8,0,0,9,30,28,0,0,32,0,22,0,27,24,26,23,0,0,10,0,14,11,0,18,19,0,16,20,34,3,0,35,2,0,24,0,26,25,0,27,0,10,15,11,14,0,4,7,9,6,0,5,33,0,28,30,32,0,27,0,0,0,0,26,4,9,6,0,0,0,30,29,0,0,0,33,18,0,21,0,20,19,10,13,15,12,14,11,3,1,0,36,0,35
0,25,26,0,27,22,20,16,21,19,17,18,0,2,36,34,35,3,12,11,14,0,0,0,30,32,0,31,28,0,9,8,0,0,7,6,17,19,20,0,0,0,0,10,0,13,0,0,31,0,30,28,29,33,0,0,0,4,0,0,0,26,0,25,22,0,0,2,0,34,1,0,5,7,8,6,0,4,0,34,3,1,0,36,19,0,0,16,0,21,0,29,0,28,0,0,0,14,0,13,0,0,27,0,23,22,0,24,11,13,0,0,0,0,8,4,9,7,5,6,25,0,24,22,23,0,36,35,0,34,1,3,18,20,21,0,16,17,33,32,0,0,31,0,35,0,0,36,3,0,0,28,33,31,29,30,13,14,0,0,11,15,24,23,26,22,0,0,6,8,9,7,0,0,21,20,0,16,19,18,0,0,0,30,33,28,0,0,0,25,0,24,0,8,6,4,0,9,18,0,20,16,19,0,0,0,3,1,34,35,15,14,11,0,0,12,24,26,27,25,0,23,21,17,0,0,0,19,2,3,0,0,36,4,0,0,15,11,14,0,0,33,34,32,29,0,0,9,6,0,8,0,6,8,0,0,10,5,0,0,0,2,36,1,20,21,19,17,18,22,31,30,0,0,0,34,13,15,0,14,11,0,28,27,0,23,0,0,18,20,0,19,22,17,15,11,0,0,0,0,0,0,31,0,0,0,7,0,9,5,8,10,25,27,0,26,23,24,0,3,36,35,0,1,30,32,0,0,34,29,27,23,28,0,24,25,0,9,0,5,6,0,0,0,21,17,0,22,1,3,4,2,35,36,0,15,0,0,0,0,36,2,3,0,4,35,33,29,0,0,0,0,14,0,13,0,0,16,0,24,27,0,0,28,0,0,10,8,5,0,22,21,18,0,0,0,12,14,15,0,0,0,9,5,0,0,6,0,26,27,25,0,24,28,1,36,0,35,2,0,0,0,22,20,0,18,34,33,0,29,32,0,0,9,10,8,11,6,4,36,5,3,0,0,21,22,0,18,19,23,32,0,34,30,33,35,14,16,17,15,12,13,29,0,25,24,0,26,0,0,0,26,0,24,0,0,23,21,19,20,3,0,2,36,1,0,14,0,0,12,15,17,0,0,35,0,30,0,11,0,7,0,9,0,0,15,16,14,0,12,10,6,11,9,0,8,27,28,26,0,25,29,2,0,0,36,3,0,20,0,0,0,0,19,35,34,31,0,33,32,19,0,0,0,23,0,16,12,17,15,0,14,0,34,32,30,0,0,8,7,10,0,9,11,26,0,29,0,24,0,5,0,0,36,3,2,1,0,0,2,5,0,34,0,35,33,31,32,15,16,14,0,13,17,0,25,28,0,0,29,0,10,0,0,0,0,0,0,0,0,21,0,0,33,34,32,35,0,28,0,0,0,0,26,0,10,8,6,7,11,0,0,0,18,21,23,2,0,0,3,0,1,0,16,0,0,0,0,28,30,31,0,32,27,25,0,26,24,22,23,0,0,0,0,0,8,0,16,19,15,18,0,35,1,2,36,0,34,0,0,10,9,0,11,34,36,0,0,2,0,31,27,32,30,28,0,12,0,11,9,0,14,23,22,25,0,24,0,5,7,8,6,3,4,20,19,16,15,0,17,4,6,7,5,0,3,0,0,2,36,34,35,18,19,0,0,0,20,29,28,0,0,0,32,11,0,0,12,0,0,0,25,22,21,24,23,22,0,25,23,26,21,0,15,0,18,0,17,0,1,35,33,0,2,11,0,13,9,0,0,29,31,0,30,0,28,0,7,0,3,6,0,10,12,0,0,0,0,0,0,0,6,0,5,24,25,23,0,0,0,35,34,1,33,36,0,17,19,0,18,15,0,32,0,0,27,0,29,0,18,0,17,20,15,13,9,14,12,10,0,0,0,0,27,28,32,0,4,7,3,6,8,0,25,26,0,21,22,2,0,34,33,0,0,0,16,0,15,0,13,0,7,12,10,8,9,28,29,0,0,0,30,0,2,0,0,4,0,21,23,24,22,19,20,36,0,32,0,0,33,0,10,0,9,12,7,5,0,0,4,2,3,22,23,21,19,0,0,33,32,35,31,34,0,15,0,0,16,0,0,0,0,26,0,28,27,0,22,23,21,0,19,17,13,18,16,14,0,0,35,33,31,0,36,9,0,11,7,0,12,27,0,0,28,25,26,6,0,0,0,4,0,32,0,35,33,0,31,0,0,30,0,26,27,10,11,0,0,8,12,0,20,23,19,0,24,3,5,6,4,0,2,18,0,14,13,16,0,26,0,29,0,30,25,23,19,24,22,20,21,4,5,3,1,0,0,0,0,17,13,0,18,33,0,0,0,31,32,12,0,8,7,10,9,0,4,0,0,6,1,35,0,36,34,32,33,16,17,15,0,0,18,0,0,0,0,28,30,0,11,12,0,7,8,24,23,0,0,0,21,27,29,30,28,0,0,24,20,0,23,0,22,0,0,4,0,3,0,0,15,18,0,17,19,0,36,0,0,0,33,13,12,9,8,11,10,21,23,24,22,25,20,0,0,0,17,0,16,0,36,34,0,0,1,10,0,12,8,11,13,0,30,31,29,26,0,7,6,3,0,5,0,15,0,18,16,19,0,12,8,0,11,9,10,29,0,28,0,27,0,4,0,6,0,5,0,22,24,25,0,20,0,0,36,0,32,35,0,33,0,0,0,0,32,30,0,0,29,27,0,11,12,10,8,9,0,22,21,24,0,23,0,4,0,7,5,2,3,19,18,0,14,0,0,9,11,12,10,0,8,6,0,7,5,0,0,23,24,0,20,21,25,34,33,36,32,35,0,16,18,0,0,14,15,31,0,0,26,29,28,3,5,0,4,7,2,36,0,0,35,0,0,17,18,16,14,0,19,28,27,30,0,29,0,10,12,0,11,0,0,25,0,21,0,23,22
0,0,19,0,20,22,30,31,0,29,33,0,0,9,5,10,0,6,0,0,0,35,3,4,23,26,28,25,24,27,13,0,0,15,14,12,11,0,0,15,0,16,24,0,0,23,27,26,2,0,0,4,1,36,31,0,0,29,33,0,17,20,0,19,0,21,0,10,5,0,8,0,29,30,31,33,32,34,6,7,10,5,9,8,0,0,17,22,0,0,0,0,14,11,15,16,35,2,4,1,36,0,0,28,23,0,26,24,35,36,1,0,2,4,0,13,16,11,15,0,26,27,0,0,25,0,19,18,20,0,0,0,5,8,10,0,6,9,31,0,0,0,32,0,5,0,0,9,0,10,18,19,0,17,21,0,32,33,0,34,0,0,25,0,26,0,27,0,11,14,16,13,0,0,1,4,35,3,2,36,23,0,0,27,0,28,0,0,0,0,3,2,0,0,11,16,13,0,0,0,8,5,0,0,0,0,34,31,30,33,0,0,17,21,20,18,0,21,22,24,23,25,0,34,1,0,36,35,0,12,8,0,0,9,0,3,0,2,0,0,26,29,31,28,0,0,16,0,14,18,0,15,26,27,28,0,0,0,3,4,7,0,0,5,0,18,14,0,0,15,0,9,11,8,12,0,0,35,1,34,0,36,22,25,20,0,23,21,14,15,16,0,0,0,27,0,0,26,0,0,5,6,2,7,4,0,0,33,0,0,36,1,20,0,25,22,0,24,10,13,8,0,11,0,0,9,10,12,11,13,0,22,25,0,24,0,0,0,0,0,34,33,28,0,0,26,0,31,14,17,19,16,0,18,4,7,2,6,5,0,2,3,0,0,5,7,15,0,19,0,0,0,0,30,0,31,28,0,0,0,0,20,24,0,0,11,13,10,9,12,34,0,0,0,0,0,32,33,34,0,35,1,9,10,13,0,12,11,23,0,0,25,22,21,16,15,0,14,18,19,2,5,7,4,0,0,0,31,26,30,29,0,16,17,18,20,19,21,29,0,0,28,32,31,7,8,0,9,6,5,36,35,1,34,0,0,0,0,0,24,23,0,12,15,10,14,0,11,0,0,36,2,1,0,11,0,0,10,14,13,25,26,22,27,24,23,0,0,19,16,0,21,0,7,0,6,0,8,0,33,0,0,0,29,10,0,0,0,13,0,23,0,27,22,0,25,0,2,0,3,36,0,0,29,0,28,0,0,16,0,21,0,17,0,0,9,4,0,0,5,0,0,0,0,31,33,0,6,0,4,8,0,0,0,0,21,18,0,0,11,13,10,14,15,34,0,0,36,0,2,24,0,0,26,0,0,22,23,24,26,0,27,0,36,3,34,2,1,0,0,10,15,12,11,6,5,7,0,0,9,28,31,33,30,29,32,0,0,16,0,0,17,0,5,0,0,7,0,0,18,21,0,0,0,0,0,0,0,30,29,24,23,0,0,0,27,10,13,0,0,0,0,36,0,0,2,0,35,19,20,21,23,22,24,32,33,36,31,0,0,10,11,7,12,0,8,0,0,4,0,0,0,25,28,30,27,0,29,0,18,0,17,16,14,31,32,33,35,0,36,0,9,12,7,11,0,0,23,19,24,21,0,15,0,0,0,17,18,0,4,6,3,2,0,0,30,25,29,0,26,0,14,15,17,16,18,26,0,30,25,0,28,4,0,1,0,3,2,33,32,34,31,35,36,19,22,0,21,0,23,9,12,7,0,10,0,7,8,9,0,10,0,20,21,24,19,0,22,0,0,31,36,33,0,27,0,28,0,0,0,0,16,18,15,0,17,3,0,0,5,4,2,25,0,0,0,28,30,2,3,6,1,5,4,16,17,0,0,0,0,9,8,10,7,11,12,0,34,36,0,0,0,21,24,19,23,22,20,1,2,0,5,4,6,0,15,0,0,17,16,28,29,25,30,0,0,0,20,22,19,23,24,7,10,12,0,8,11,33,36,31,35,34,32,30,31,0,0,33,35,7,8,0,6,10,9,21,22,18,23,20,0,14,13,15,12,0,0,36,3,0,2,0,4,26,29,24,28,0,25,0,0,0,28,27,29,0,2,5,36,0,3,15,16,0,0,14,13,0,7,9,0,0,0,30,33,0,32,31,0,20,0,18,0,0,19,36,1,2,4,3,5,0,0,17,0,0,0,27,0,0,29,0,25,0,19,21,0,0,23,6,9,0,8,0,10,32,0,30,34,0,31,6,0,8,10,9,0,19,20,23,0,22,21,0,34,30,35,32,31,0,0,0,24,0,29,12,15,17,14,13,0,2,5,0,4,0,0,12,0,14,16,0,17,25,0,29,24,28,0,3,4,36,0,2,1,32,31,33,30,0,35,0,0,23,0,19,22,0,0,0,0,9,7,0,0,0,0,21,0,31,0,35,0,34,33,0,0,6,11,8,0,2,1,0,0,0,5,0,27,0,26,0,0,0,17,12,16,15,13,9,0,0,13,0,14,0,23,26,0,0,0,36,1,33,0,35,34,29,28,0,27,0,32,15,0,0,0,0,19,0,0,0,7,0,4,21,22,23,0,0,0,34,0,2,33,1,36,0,13,9,0,0,0,5,0,6,3,0,8,0,0,32,0,0,31,17,0,0,0,18,16,3,4,5,7,0,8,16,17,20,15,19,0,30,31,27,0,29,0,0,22,0,21,0,26,9,0,14,0,10,0,0,2,0,0,0,34,27,28,29,31,0,32,4,5,0,0,0,6,18,0,0,20,0,0,11,10,12,0,13,14,0,0,2,0,0,1,23,26,21,0,24,0,15,16,0,19,0,20,28,29,0,0,0,0,6,7,3,8,0,0,35,0,36,0,1,2,21,0,26,0,0,25,0,0,0,13,12,10,33,34,35,0,0,0,0,11,14,9,13,0,24,25,21,26,0,0,17,16,18,0,19,20,0,6,8,0,0,7,29,0,27,31,30,0
0,30,32,34,35,33,1,4,0,36,0,5,0,0,0,0,0,16,0,0,10,7,0,6,22,20,23,19,0,0,24,26,25,29,0,27,0,6,0,10,11,9,13,16,14,0,15,0,27,0,29,24,25,28,23,0,0,0,0,18,0,0,35,0,33,30,36,2,1,0,0,0,0,0,26,28,29,27,0,34,0,30,33,35,9,8,0,0,0,10,5,3,0,1,2,36,0,14,17,13,15,12,18,0,19,0,22,0,1,36,2,0,5,3,7,10,0,6,0,11,21,20,0,18,0,22,0,0,0,13,14,0,28,0,29,25,27,0,30,32,31,0,34,0,13,0,14,0,17,15,0,22,0,18,21,23,0,32,35,30,0,34,0,27,0,25,0,0,4,2,5,0,0,0,0,8,0,11,10,9,19,0,20,0,23,21,25,28,26,0,27,0,0,2,5,36,0,4,35,33,0,31,32,0,10,8,11,7,9,0,12,14,13,17,16,0,35,34,36,0,0,1,5,8,0,0,7,9,19,18,21,0,17,20,0,13,14,0,12,0,26,24,27,23,0,0,28,0,29,33,0,31,23,22,24,26,27,0,0,32,30,28,31,0,0,0,0,4,0,8,0,1,0,0,0,34,14,12,15,11,13,10,16,0,0,21,20,0,29,28,0,32,33,0,35,0,36,0,1,3,13,0,15,10,11,14,9,0,8,0,6,4,0,18,0,0,19,16,22,24,0,0,0,0,0,4,6,0,0,7,11,14,0,10,13,15,0,24,0,0,23,0,21,0,20,17,18,0,32,30,33,29,31,28,34,36,35,3,2,1,0,10,12,14,0,13,0,20,0,0,19,21,0,30,33,28,29,32,0,25,0,0,0,22,2,36,3,0,0,34,0,6,5,9,8,7,17,0,18,0,0,19,0,26,24,22,25,0,1,0,0,34,35,0,33,31,32,0,0,28,8,6,9,5,7,4,0,12,0,15,14,13,0,7,0,0,12,10,0,17,0,0,16,0,0,27,30,0,0,0,24,22,23,20,21,19,0,0,36,0,0,31,1,3,2,6,5,4,0,19,0,23,0,22,0,0,0,0,0,30,0,3,0,0,0,5,36,34,35,32,0,31,11,9,12,0,10,7,13,15,0,18,17,0,26,25,0,0,30,0,32,35,33,31,0,0,10,9,12,7,8,11,6,0,5,2,3,0,17,15,18,0,0,13,0,0,0,0,23,0,0,0,0,0,36,34,2,5,3,1,0,6,16,15,18,13,0,0,0,0,0,0,0,0,23,21,24,20,22,0,25,27,26,30,29,28,14,13,15,17,18,16,20,23,21,0,0,0,0,33,36,31,32,0,30,0,29,26,0,25,5,0,6,0,4,1,0,9,8,12,11,0,2,0,3,5,0,4,0,11,0,0,10,12,22,21,24,19,20,23,0,0,17,0,15,0,29,0,30,26,28,25,31,33,32,0,35,34,24,0,25,0,28,26,0,33,31,0,0,34,0,7,0,0,6,9,4,2,3,36,1,35,15,13,0,0,14,0,17,19,0,0,21,0,0,29,31,33,34,32,36,0,1,35,2,0,14,13,16,0,12,0,10,0,9,6,0,5,21,0,22,18,20,17,0,25,0,0,0,26,12,11,0,0,16,14,18,21,19,17,20,0,0,31,34,29,30,0,0,26,27,0,25,0,0,1,0,36,2,0,5,7,6,10,9,0,0,5,0,9,0,8,0,15,0,11,0,0,26,25,0,0,24,27,22,20,0,0,0,0,0,31,34,30,0,0,35,0,36,4,0,2,18,0,19,21,22,0,24,27,25,23,26,28,2,0,4,0,0,3,34,32,33,30,31,29,0,0,0,6,8,5,0,13,0,0,0,0,36,0,1,0,0,2,6,0,7,5,8,10,20,19,22,17,0,21,16,14,15,0,13,11,27,25,0,0,26,23,0,0,30,34,0,32,0,0,5,7,0,0,0,13,11,9,0,0,24,23,26,0,22,0,20,18,19,16,0,15,31,0,0,0,30,27,33,0,34,0,1,36,0,15,17,19,0,18,22,0,23,0,24,0,36,35,2,33,0,0,32,30,31,0,29,27,7,5,8,0,6,3,9,0,0,0,13,12,0,9,11,0,0,12,16,19,17,0,18,20,30,0,32,27,28,0,26,24,25,22,23,21,0,35,0,34,0,33,0,5,4,0,7,6,0,21,23,0,0,24,28,31,29,27,30,32,0,5,8,3,4,7,2,0,1,34,0,0,0,11,14,0,0,0,0,17,16,20,19,18,28,27,0,0,32,30,0,1,35,33,0,2,0,0,14,9,10,0,8,0,7,4,5,0,19,17,0,16,18,15,21,23,22,26,25,24,34,33,35,0,2,36,0,0,5,3,6,8,18,0,0,15,16,0,14,0,13,10,11,9,0,23,26,0,24,0,27,0,28,0,31,30,27,26,28,30,31,29,0,36,34,0,35,1,11,0,13,8,9,12,7,0,6,3,4,0,18,0,19,0,17,0,20,22,0,25,0,23,3,2,4,6,7,5,9,0,10,8,11,13,23,0,0,20,21,0,0,17,18,0,16,14,30,0,31,27,0,0,0,0,0,0,36,35,15,14,16,18,19,0,21,0,22,0,0,25,0,34,0,0,0,0,31,29,30,27,0,26,6,0,7,0,0,2,0,0,9,0,12,0,33,0,0,36,0,0,3,6,0,2,5,7,0,16,19,14,15,0,13,0,0,0,0,8,24,22,25,0,23,20,26,0,27,31,30,29,0,20,0,24,0,0,27,30,28,26,0,0,0,4,7,0,3,6,0,0,36,0,34,32,12,0,13,9,11,8,14,16,15,0,0,17,0,8,10,0,13,11,15,18,0,14,17,19,29,28,31,26,27,0,0,23,24,21,22,0,36,34,0,33,35,32,0,4,0,0,6,5
7,8,10,6,9,11,3,1,4,2,36,5,29,27,26,28,0,0,0,21,19,22,20,23,34,0,30,0,32,0,12,14,13,0,15,16,19,20,0,0,21,0,0,13,0,0,0,17,5,0,2,4,36,1,30,33,31,0,32,0,10,7,6,0,8,0,24,0,25,29,27,28,25,0,28,0,27,0,21,19,0,20,18,23,11,9,8,10,0,7,36,0,1,0,0,5,0,13,12,15,14,17,30,32,31,35,33,34,31,32,34,30,33,0,27,25,28,26,24,29,17,0,14,16,12,13,0,9,7,0,8,11,22,19,18,21,20,23,36,2,0,5,3,0,0,2,4,0,0,0,33,0,0,32,30,35,0,21,20,0,18,19,0,15,13,0,14,17,28,25,24,27,0,0,6,0,7,0,0,10,13,14,0,12,15,17,0,7,10,8,6,11,35,33,32,34,0,0,0,27,0,28,0,29,0,1,36,0,0,0,18,0,19,23,21,0,15,16,18,14,17,19,11,9,12,0,8,0,1,35,0,36,32,33,0,29,27,0,28,31,6,3,2,5,0,7,20,0,21,0,23,24,0,0,36,32,0,0,29,27,30,28,0,31,0,0,0,18,14,15,0,11,0,12,10,0,24,21,0,0,22,0,0,4,3,0,5,6,0,10,0,8,0,13,5,3,0,0,0,0,31,0,28,30,26,27,20,0,21,0,0,25,0,0,0,35,0,1,14,16,0,19,17,0,27,28,0,26,0,31,23,0,24,0,0,25,0,11,0,12,8,0,2,5,0,0,4,7,18,15,14,17,16,0,32,34,0,1,35,0,21,22,24,0,23,0,17,0,0,16,0,19,7,0,4,6,0,3,0,35,33,0,34,1,0,9,8,11,0,13,26,0,27,31,0,30,3,0,0,2,5,0,35,0,36,34,32,1,25,23,22,0,20,21,14,17,15,18,16,19,30,0,26,0,28,31,8,10,9,13,11,12,4,0,7,0,0,0,36,34,1,35,33,2,26,24,23,0,0,0,15,18,0,0,17,20,31,28,0,30,29,32,9,0,0,0,12,0,22,0,25,21,24,26,18,16,0,0,0,20,0,6,5,7,0,4,33,36,34,0,35,0,13,0,9,12,11,14,27,0,0,32,0,0,10,0,13,0,0,14,6,0,7,5,3,8,0,30,29,0,0,0,21,24,22,25,0,0,0,34,0,36,0,2,15,0,0,20,18,19,34,35,0,33,0,0,30,28,0,0,0,0,20,0,0,19,15,0,0,12,10,13,0,14,25,0,21,0,23,26,0,5,4,8,6,0,0,17,0,15,0,20,0,10,0,11,9,14,2,36,0,0,0,34,27,0,28,31,29,32,0,0,0,6,0,8,21,0,0,26,24,0,28,29,31,27,30,32,24,0,25,23,21,26,14,12,11,13,9,10,3,6,0,7,0,8,0,16,15,18,0,20,0,0,34,0,0,1,32,0,35,31,34,36,28,26,0,0,0,0,0,0,15,17,13,14,7,10,0,0,9,12,0,20,0,22,0,0,0,3,2,6,4,0,2,3,0,1,4,0,34,0,35,0,31,36,24,22,21,23,0,20,13,16,14,17,15,18,0,0,0,28,0,30,7,9,8,12,10,0,0,0,17,13,16,18,10,8,11,9,7,0,36,34,33,35,0,32,0,0,0,29,27,0,5,0,1,0,3,0,19,21,20,24,22,0,26,27,29,0,28,0,22,20,0,21,0,24,12,0,9,0,7,8,1,4,0,5,0,6,17,0,0,16,15,0,31,33,32,36,34,35,8,0,11,7,10,0,0,0,5,3,1,6,0,28,27,0,0,26,19,22,0,0,21,0,0,0,31,0,33,36,13,15,0,0,16,17,20,0,23,19,22,0,0,14,0,0,13,18,6,4,3,5,1,0,31,34,32,35,33,0,0,8,7,10,0,12,25,27,26,0,28,29,0,18,20,0,19,0,0,0,14,12,10,15,0,0,0,2,34,35,28,0,29,32,30,33,8,5,4,7,6,0,22,24,0,27,25,26,23,24,26,22,25,27,0,0,0,18,16,21,9,0,6,8,0,5,34,1,0,0,0,3,14,11,0,13,0,0,28,30,29,33,31,0,29,0,0,28,0,0,25,23,0,0,22,27,0,13,12,14,10,11,4,7,0,0,6,9,0,0,0,19,0,21,34,36,35,0,0,0,0,0,8,0,0,9,1,35,0,36,34,3,0,0,24,26,0,23,16,0,17,0,0,21,32,29,0,0,30,33,10,12,11,15,13,14,11,12,14,10,13,15,0,5,8,6,4,9,33,31,30,32,0,0,22,0,0,26,0,0,2,0,0,1,36,3,16,18,17,0,19,20,35,36,0,34,1,3,31,29,32,30,0,33,0,19,0,0,0,17,0,13,0,14,0,15,26,23,0,25,24,27,4,6,5,0,0,8,0,19,21,0,0,0,14,12,15,0,11,16,4,2,1,0,0,36,29,32,30,0,31,0,0,6,5,8,7,10,23,25,0,28,26,0,0,13,0,11,0,16,0,0,9,0,5,10,0,32,31,33,29,0,23,26,0,0,0,28,0,36,35,2,0,4,17,0,0,22,0,21,24,25,27,0,0,28,20,18,0,0,17,22,0,8,7,9,5,0,35,2,0,3,1,4,0,12,11,14,13,0,0,31,0,0,32,33,0,31,0,29,32,0,26,0,0,25,23,28,16,0,0,15,11,12,0,0,6,9,0,10,21,18,17,0,0,22,0,0,0,4,2,3,36,1,3,35,2,0,32,30,33,31,0,0,0,0,0,0,17,18,0,0,0,0,13,16,0,24,23,26,25,28,5,0,6,10,8,9,6,7,0,5,8,10,0,36,3,1,0,4,0,0,0,0,23,24,17,20,18,21,19,22,0,0,0,32,0,0,11,0,12,0,14,0
0,5,0,8,7,0,11,13,10,0,14,9,0,36,34,35,2,0,0,19,18,17,20,16,0,0,0,28,0,32,0,0,23,0,26,0,36,35,33,2,1,0,5,7,4,6,0,3,31,30,0,29,32,27,9,0,0,0,14,10,21,23,24,0,25,26,0,18,17,15,20,0,0,23,21,0,0,22,29,31,28,0,0,27,19,18,16,17,20,0,0,0,36,35,2,0,9,11,12,10,13,0,0,0,5,0,0,0,18,17,15,20,19,16,23,25,22,0,0,21,13,0,0,0,14,0,27,31,30,29,32,28,3,0,6,0,7,0,34,0,35,33,2,1,0,0,0,14,13,0,17,0,0,18,20,0,0,0,4,5,8,3,0,0,0,23,26,0,0,0,0,34,1,2,28,30,29,27,32,31,0,0,0,32,0,0,35,0,34,36,2,33,25,24,22,23,26,0,0,0,6,5,8,4,15,17,18,16,19,0,10,12,11,9,14,13,0,0,0,1,36,0,4,6,3,0,7,0,30,29,0,28,31,26,8,12,11,10,0,0,20,22,0,21,24,25,0,17,16,14,19,0,0,16,14,19,0,0,0,24,21,23,25,0,12,0,0,10,0,8,26,30,29,28,0,27,2,4,5,3,6,7,0,0,0,32,1,36,5,4,2,7,0,0,10,12,9,0,13,8,0,35,0,34,0,32,0,18,0,16,0,0,26,28,29,27,0,31,0,0,22,20,25,0,0,10,8,13,12,9,16,0,15,17,19,14,6,0,0,4,7,2,0,24,23,0,25,21,32,34,0,33,0,0,27,29,0,0,31,30,23,22,20,0,24,21,28,0,27,0,31,26,18,17,0,16,19,0,0,0,0,34,1,0,8,0,11,0,12,0,3,0,4,0,7,0,29,28,0,0,0,0,34,36,33,0,1,0,0,0,0,22,25,20,0,6,5,0,0,3,14,16,17,15,0,0,9,11,0,8,13,12,34,33,0,36,35,32,3,5,2,0,0,1,29,28,26,0,30,25,0,11,10,9,12,8,0,0,22,20,23,24,0,16,0,0,18,0,28,27,0,0,0,26,33,0,0,34,36,0,23,22,20,21,24,0,1,0,0,0,0,0,0,15,0,0,17,18,0,0,9,7,12,0,4,3,0,0,5,2,0,11,8,10,12,7,0,34,32,33,36,0,0,17,16,15,0,14,25,27,28,0,0,30,20,22,21,19,0,23,10,0,7,0,11,8,15,17,14,16,18,13,5,0,2,0,0,0,0,0,22,21,0,20,0,33,34,0,35,36,0,28,27,25,30,29,16,0,13,18,0,0,0,23,20,0,24,19,0,0,8,9,12,0,0,29,28,27,30,26,0,0,4,0,0,0,0,0,0,0,0,35,22,21,19,24,23,0,0,29,26,28,30,0,0,0,14,15,18,13,0,0,34,33,0,32,0,9,0,0,0,12,0,0,0,1,0,5,21,20,18,23,0,19,26,28,0,0,29,24,0,0,13,14,0,12,30,34,0,32,0,0,6,8,0,0,10,11,1,0,2,36,0,4,0,2,36,0,4,1,0,10,7,9,11,6,34,33,31,32,0,30,12,16,0,14,0,13,24,26,27,0,28,0,19,0,0,18,0,22,27,26,0,29,28,0,32,34,31,33,35,30,22,0,19,20,0,18,36,4,3,0,5,0,0,0,0,13,16,0,0,0,8,6,11,10,33,32,30,35,34,31,0,4,0,3,5,36,28,0,0,26,0,24,6,10,9,0,11,0,0,20,0,19,22,0,0,15,14,12,0,0,9,8,6,11,10,7,14,16,13,0,17,12,4,3,1,2,0,36,0,22,21,20,23,19,0,0,33,31,34,35,25,0,26,24,29,0,15,0,0,17,16,13,20,22,19,21,0,0,0,0,7,0,11,0,24,28,27,0,29,25,36,0,0,0,4,5,0,0,32,0,35,0,0,19,0,22,21,0,25,27,0,26,28,23,15,14,0,0,0,11,0,33,32,31,34,0,5,0,8,0,9,0,36,2,1,0,0,0,14,13,11,0,15,12,19,21,18,0,22,17,9,8,6,7,10,5,23,0,26,25,0,24,0,0,0,36,3,4,30,0,31,0,34,33,32,31,29,0,0,30,0,3,0,2,4,35,27,26,0,0,28,23,5,9,0,7,10,6,0,19,20,0,21,0,12,14,0,11,16,15,26,0,0,28,27,24,31,33,30,32,34,29,0,20,0,19,22,17,35,0,2,1,4,0,0,13,14,0,15,0,6,8,7,5,10,0,0,7,0,10,9,0,13,0,12,14,16,11,0,2,0,1,4,35,17,21,0,19,22,0,0,0,0,0,33,0,24,26,0,23,28,27,2,1,35,4,0,36,7,9,6,0,0,0,0,32,0,31,34,29,11,15,14,0,16,12,23,0,26,24,27,0,0,20,19,0,22,21,0,0,22,0,26,23,0,32,29,0,0,28,20,19,17,18,21,0,34,0,1,0,3,0,10,12,13,11,0,0,5,7,6,0,9,0,19,0,16,21,0,17,24,26,23,0,27,22,14,13,11,12,0,10,28,32,0,30,0,29,4,0,0,0,8,9,35,0,0,34,0,0,7,6,4,0,8,5,12,14,0,13,15,10,2,1,35,0,0,0,0,20,0,18,21,17,0,0,31,29,0,0,23,25,0,22,0,26,0,30,28,33,0,0,0,2,35,0,3,34,26,0,23,24,0,0,4,0,0,6,9,5,16,18,0,17,20,21,11,13,12,10,0,14,13,0,10,15,0,11,0,20,17,19,21,16,8,7,0,0,9,4,22,0,0,24,27,23,34,36,0,0,2,3,29,0,0,28,0,32,0,36,34,3,2,0,6,0,5,7,0,4,0,31,29,30,33,0,10,14,13,0,0,11,0,0,0,0,26,27,17,19,18,16,21,20
0,16,0,17,14,0,4,6,5,0,0,7,0,0,29,31,27,26,12,8,0,9,0,13,0,1,0,33,32,34,24,25,22,20,0,0,0,34,1,35,0,36,22,0,23,21,20,25,10,0,11,0,9,8,30,26,28,27,29,0,0,19,17,0,0,16,6,7,4,0,0,3,0,0,31,29,0,30,16,0,0,15,0,19,0,6,0,0,0,2,24,20,0,0,23,0,12,13,11,0,0,10,36,1,34,0,0,33,0,0,7,5,2,6,28,30,29,27,0,0,16,18,0,0,15,14,0,32,34,33,35,0,0,0,23,0,0,22,0,13,0,8,11,9,21,22,0,0,20,0,10,0,11,9,8,0,34,36,0,1,33,0,0,14,0,15,17,19,0,7,0,3,2,4,0,31,0,26,29,0,9,0,13,0,0,0,0,36,0,0,32,0,22,24,0,25,21,20,6,2,4,3,5,7,30,31,0,0,0,28,18,0,16,14,17,0,30,0,34,32,29,0,19,21,20,18,0,22,7,9,0,10,0,0,0,23,25,24,0,0,0,16,0,12,0,13,0,4,0,0,0,36,24,0,28,26,23,0,13,0,14,12,0,0,1,0,2,4,0,0,21,17,19,18,0,22,0,10,8,6,5,7,33,0,31,0,0,0,0,1,4,2,0,0,25,0,0,24,0,28,13,15,0,0,12,0,33,0,0,0,0,34,21,0,0,0,0,19,9,10,7,5,0,6,12,13,0,0,0,0,1,0,2,0,35,0,25,0,26,28,0,0,9,5,7,6,0,10,33,0,0,30,29,31,21,0,0,17,20,18,0,7,10,8,5,9,31,33,0,30,0,34,19,21,20,22,0,17,3,35,0,0,0,4,27,28,26,24,23,0,15,0,0,0,14,12,18,0,22,0,17,0,7,9,8,6,5,10,31,33,32,34,30,0,15,0,13,12,14,0,3,4,0,36,35,0,27,28,25,23,0,24,13,0,0,15,12,0,0,0,0,1,36,0,26,28,27,29,0,24,10,6,0,7,9,11,0,35,33,31,30,0,22,23,0,18,0,19,0,2,0,3,0,0,26,28,0,25,24,29,14,16,15,17,0,0,34,0,32,0,0,35,0,23,21,0,0,20,10,11,8,0,9,7,0,8,0,0,6,10,32,0,33,31,30,0,20,0,21,23,0,0,4,0,2,1,3,5,28,29,27,25,24,26,16,17,0,12,15,13,19,20,23,21,18,22,8,0,9,7,6,11,32,34,33,35,31,30,16,0,0,13,15,17,0,5,3,0,0,2,0,29,0,24,27,25,0,0,29,0,24,28,14,16,15,13,12,0,0,4,0,5,1,36,0,18,20,0,0,0,10,0,0,7,6,0,34,35,32,0,33,31,31,32,35,0,0,0,0,0,21,0,0,0,8,10,0,0,7,0,0,24,26,0,0,0,16,17,15,0,12,14,0,5,0,36,3,1,23,24,27,25,22,26,12,0,0,11,10,0,0,0,0,3,35,0,0,0,18,17,19,21,8,0,7,5,4,6,32,0,30,28,0,29,5,6,9,7,4,8,30,32,0,29,0,33,18,20,0,0,17,16,0,34,0,0,1,0,26,0,0,0,22,24,0,15,0,10,0,0,0,12,0,0,10,14,0,2,1,0,34,3,24,26,25,0,23,22,0,0,0,5,7,9,32,33,31,29,0,0,20,21,0,16,19,0,29,0,33,0,0,32,0,20,0,17,16,0,6,8,0,9,5,4,26,22,24,0,0,27,14,15,0,11,10,12,0,3,36,34,1,35,17,0,0,19,0,20,6,0,7,5,0,9,0,32,31,33,0,0,14,10,0,11,0,15,0,3,1,0,34,36,26,27,0,0,25,0,0,36,3,0,0,2,24,26,0,23,22,27,12,0,0,15,0,10,32,0,30,0,31,0,0,21,0,17,16,0,0,9,0,0,7,5,34,35,0,0,33,0,23,25,24,0,21,0,0,0,0,14,10,9,31,27,29,0,30,32,19,20,0,16,15,17,7,0,5,3,6,4,4,0,8,0,0,0,29,0,30,28,27,32,17,19,18,20,0,15,1,0,35,34,0,2,25,26,24,22,21,23,13,14,11,0,0,10,0,0,0,0,9,0,35,1,0,0,33,2,0,25,24,0,22,21,7,3,5,4,6,0,0,32,0,28,27,29,19,20,0,0,18,16,28,29,32,0,0,31,0,0,0,16,15,20,5,0,6,0,4,3,0,21,0,22,24,26,0,0,12,10,9,0,1,0,35,33,36,0,16,17,20,18,0,19,0,0,0,4,0,0,29,31,30,32,0,27,13,0,11,10,0,14,0,2,0,34,33,35,25,26,0,0,0,0,22,0,0,0,0,0,0,13,12,10,0,14,0,0,0,2,0,0,19,15,0,16,0,0,0,8,6,0,3,0,31,0,0,0,30,0,2,0,6,4,0,5,27,0,28,0,25,30,15,17,16,18,14,13,35,31,33,32,0,36,0,24,22,0,19,21,11,12,9,7,10,8,14,15,0,0,13,17,3,0,4,0,1,6,27,29,0,30,26,25,0,0,9,8,0,0,0,0,0,0,31,0,23,24,21,0,22,0,0,0,12,10,7,0,33,0,34,32,0,36,0,23,22,24,20,19,0,1,3,2,4,6,29,30,0,26,0,0,17,18,0,13,16,0,0,21,0,22,0,23,9,0,0,0,7,0,33,0,34,36,32,0,17,13,0,14,0,18,5,0,4,0,0,3,29,0,0,25,28,0,0,33,0,0,31,35,21,23,0,20,19,24,9,11,10,0,8,7,0,25,0,0,28,30,0,18,16,14,0,15,0,6,3,1,4,0,26,0,0,0,0,0,0,0,16,14,0,0,0,5,4,6,0,0,23,0,0,20,0,24,11,12,10,8,0,9,0,36,33,31,0,32
17,15,0,14,12,16,31,35,34,0,0,30,25,26,24,29,27,28,0,9,11,0,6,0,20,0,21,22,18,19,36,0,2,1,5,3,35,33,31,32,30,0,13,17,0,14,15,12,7,8,0,0,0,10,25,27,0,26,24,0,0,0,0,0,0,0,18,22,0,19,23,21,0,9,0,8,6,10,25,0,0,0,27,0,19,20,0,23,21,0,0,3,5,2,36,0,14,0,15,0,0,13,30,34,32,31,0,33,23,21,19,20,18,22,1,5,0,2,0,0,0,0,0,0,33,0,0,15,0,14,0,0,0,0,27,28,24,0,6,0,0,0,11,9,29,0,0,26,24,0,7,11,0,0,0,0,1,0,0,5,3,0,19,21,23,0,18,22,0,0,33,34,0,31,0,16,14,13,0,15,0,0,1,2,0,4,0,23,22,20,0,18,13,0,12,17,15,16,0,33,35,32,0,0,8,11,9,10,6,0,24,28,0,25,0,27,28,26,0,0,23,27,6,10,9,7,8,0,0,1,35,4,0,3,18,20,22,19,17,21,0,34,32,33,29,30,11,15,0,12,16,14,0,0,6,0,5,9,0,0,27,0,26,0,0,19,0,0,20,21,36,2,4,0,35,3,13,16,14,15,11,0,29,0,31,0,34,0,34,0,0,0,0,0,0,0,0,13,14,11,6,7,5,10,8,9,24,0,0,0,23,0,1,0,0,3,35,36,17,0,19,18,22,20,22,20,18,0,17,21,36,0,3,0,2,0,30,31,29,0,32,0,0,0,0,13,11,0,25,0,26,27,0,0,0,9,7,6,0,8,4,0,36,1,35,0,18,0,0,19,0,0,12,13,11,16,14,0,30,32,0,31,29,33,0,10,0,9,5,0,23,27,25,0,0,26,0,14,12,13,0,15,0,34,33,31,32,29,24,25,0,28,0,0,0,8,10,7,0,0,0,22,20,21,17,0,35,0,1,0,4,2,14,12,10,0,0,0,28,0,31,29,0,27,22,23,21,0,24,25,4,0,8,5,0,7,17,20,18,19,15,0,0,1,35,34,2,36,0,0,0,17,0,19,0,2,0,35,36,0,0,0,0,32,30,31,10,12,0,11,9,13,0,0,24,25,21,0,0,7,5,0,0,6,8,6,4,5,0,0,22,0,0,23,24,21,16,17,0,20,18,19,34,0,0,35,0,0,0,14,0,13,0,0,0,31,29,28,0,30,32,30,28,29,0,31,10,14,0,11,0,9,4,5,0,8,0,0,0,24,26,23,21,25,0,2,36,1,33,0,15,19,0,16,20,18,26,24,0,23,21,25,0,8,7,0,0,3,0,35,0,2,36,0,16,18,20,17,0,0,29,32,30,0,0,0,9,0,11,10,14,0,2,36,34,35,33,1,16,20,19,17,0,15,10,11,0,14,12,0,28,30,32,0,27,0,5,8,6,0,3,0,21,0,23,0,26,0,30,28,26,27,25,29,0,0,11,0,10,7,0,0,0,6,0,0,20,22,0,21,0,23,33,0,34,35,31,32,13,0,0,14,18,0,36,34,0,33,31,35,14,18,17,15,16,0,8,9,7,12,0,11,26,28,30,0,25,0,3,6,0,0,0,2,19,0,21,20,24,22,18,16,14,15,13,0,0,36,35,33,34,31,0,0,25,30,0,29,8,0,12,9,7,0,0,24,0,23,0,0,0,5,0,2,0,4,24,0,20,21,19,23,0,6,0,0,4,0,32,33,0,36,0,0,14,16,18,15,13,0,27,30,28,29,25,0,7,0,0,8,0,10,12,10,0,0,7,11,26,30,29,27,28,25,20,21,0,24,0,23,2,0,6,0,0,0,15,0,16,17,0,14,0,35,0,32,36,0,6,0,0,0,1,5,20,24,23,21,22,0,14,15,0,18,0,0,32,34,36,0,31,35,9,12,10,11,0,8,25,29,27,0,0,0,3,1,35,36,34,2,0,21,20,18,19,16,0,12,10,15,13,0,0,31,33,0,28,32,6,0,0,0,4,5,22,26,0,0,27,0,0,7,5,6,4,8,23,27,26,0,25,22,17,18,0,21,19,20,35,1,0,36,34,2,12,15,13,14,0,11,28,0,30,0,0,31,33,31,29,30,28,32,0,0,0,12,13,10,0,0,4,9,7,8,23,25,27,24,0,0,36,0,0,0,34,35,16,20,18,17,21,19,0,0,17,18,0,20,35,3,0,36,1,0,0,30,28,0,31,32,11,13,0,12,10,0,24,27,0,0,0,23,4,8,6,5,9,7,15,0,11,0,0,14,29,0,32,30,0,28,23,24,22,27,25,26,0,7,9,0,4,0,18,0,0,20,16,17,34,0,36,0,3,1,27,25,23,24,22,26,0,0,0,6,7,0,35,36,34,3,1,2,0,19,21,0,16,0,0,33,31,32,28,0,0,14,0,0,15,0,19,0,15,16,14,0,0,1,0,34,35,0,27,0,0,31,0,0,9,0,13,0,8,0,22,25,0,24,0,21,2,6,0,3,7,5,13,11,0,10,8,12,27,31,0,28,0,0,21,22,0,25,0,0,3,0,7,4,2,6,16,0,17,18,14,15,0,0,34,33,1,35,31,29,27,28,26,30,9,0,12,10,0,0,3,4,2,7,0,0,0,23,0,22,20,0,0,1,35,0,32,0,14,18,0,0,0,17,7,0,3,4,0,0,0,25,24,0,0,0,15,16,0,0,17,18,33,0,1,34,32,36,0,13,11,12,8,9,26,30,28,0,31,29,1,0,33,0,0,0,15,19,18,16,17,14,0,10,0,13,11,12,27,29,31,0,26,30,0,7,5,6,2,3,20,0,22,21,0,23,0,23,21,0,0,24,3,7,6,4,0,0,0,0,32,1,35,0,15,17,0,0,0,18,28,0,29,0,0,0,0,0,0,0,13,11
0,0,0,5,8,6,14,0,0,0,11,13,0,21,18,19,16,20,3,35,1,2,36,34,32,28,0,0,0,0,26,22,25,0,27,24,0,0,28,0,0,30,0,3,34,36,35,0,5,9,6,7,4,8,27,23,0,26,24,0,20,16,0,18,17,21,0,0,13,0,15,0,19,21,0,0,0,18,26,0,22,0,23,0,29,33,0,31,28,32,15,11,13,0,12,0,0,4,7,6,5,0,2,34,0,35,0,0,25,0,22,0,0,0,32,33,28,30,29,31,35,0,36,0,34,0,21,17,0,0,0,16,0,0,0,12,11,15,0,4,7,5,0,6,13,15,10,0,0,12,20,21,0,18,0,0,23,27,0,0,0,26,0,5,7,8,0,4,0,0,0,36,0,3,0,0,0,29,0,30,0,3,0,0,2,0,8,9,4,6,0,7,11,0,12,0,0,14,33,0,31,0,30,28,0,22,0,24,23,27,20,0,0,0,0,18,0,0,27,28,31,0,1,2,33,35,34,0,4,8,0,6,3,7,26,0,24,0,0,0,0,15,0,17,16,0,13,9,12,10,14,11,6,0,3,4,0,5,0,14,9,11,0,12,0,0,17,0,15,19,2,34,36,1,35,33,31,0,30,29,0,32,25,21,24,22,26,0,24,26,0,22,0,23,31,32,0,29,28,0,34,2,0,36,33,1,20,16,0,19,17,15,13,0,12,11,0,14,0,3,0,4,8,0,18,20,15,16,19,17,0,26,0,0,0,0,28,32,0,30,27,31,14,10,12,0,11,9,0,3,6,5,4,8,0,0,36,0,2,0,36,2,0,34,1,35,7,8,0,0,4,0,10,0,0,0,9,13,32,28,0,31,0,27,25,21,24,23,22,0,19,0,0,0,20,17,0,14,9,0,13,11,19,0,15,0,16,0,22,26,23,24,0,25,8,4,0,7,5,3,0,0,36,0,34,2,0,27,30,28,0,29,0,0,0,2,5,3,11,12,7,9,8,10,0,0,15,16,13,0,0,32,34,35,33,0,0,0,28,27,26,30,23,19,22,20,0,0,0,24,0,20,23,21,29,30,25,0,26,28,32,36,33,34,31,0,0,14,0,17,0,0,11,0,10,0,8,0,5,1,4,0,0,3,28,30,25,26,29,27,0,36,0,33,32,0,0,0,0,0,0,0,24,20,22,0,0,0,0,13,0,15,14,0,11,7,10,8,0,9,16,18,0,14,17,15,23,24,0,0,0,0,26,0,27,28,25,29,12,8,10,0,9,0,5,0,4,3,2,6,35,31,34,32,0,33,34,0,31,0,35,0,5,0,0,3,0,4,8,0,0,10,7,11,30,26,0,29,27,25,0,19,22,21,20,24,17,13,16,14,18,15,10,12,7,0,0,9,0,0,13,15,0,0,20,24,21,22,0,0,6,2,4,5,3,1,0,31,34,0,32,0,0,25,0,26,0,27,35,1,32,33,0,34,0,0,2,0,0,0,0,13,0,11,0,12,31,27,0,30,28,26,0,20,23,22,0,0,18,14,17,0,0,0,5,7,2,3,6,4,0,13,8,10,9,11,15,19,16,0,14,18,1,33,35,0,34,0,0,26,29,28,27,0,24,20,0,0,25,22,29,31,0,0,30,28,36,1,32,0,0,35,3,7,0,5,2,6,25,0,0,24,22,20,18,0,17,16,0,0,0,0,0,0,0,10,11,13,8,0,0,10,18,19,14,16,0,17,21,25,0,0,20,24,7,3,5,6,4,2,36,32,35,34,0,1,30,0,0,0,31,28,0,0,20,21,24,22,0,31,26,28,0,29,0,1,34,35,0,36,19,15,0,18,0,14,0,8,11,10,9,0,6,2,5,3,0,4,17,19,14,15,18,0,24,0,0,0,0,23,0,31,28,0,0,30,13,9,0,12,0,8,6,2,5,4,0,0,0,32,35,33,0,34,20,22,17,18,21,19,27,28,23,0,24,0,30,0,0,32,0,0,0,12,14,0,13,11,0,5,0,7,6,0,3,0,0,36,0,1,8,10,0,0,9,0,15,0,11,0,12,0,0,22,19,20,17,0,0,36,2,3,1,35,0,29,0,31,30,34,0,23,0,24,0,25,0,28,23,24,0,25,33,0,29,31,30,32,36,0,0,0,35,3,22,18,20,0,19,17,15,0,14,13,0,16,9,5,0,6,10,7,0,34,29,0,33,0,0,0,0,0,36,2,0,10,7,8,5,9,0,24,26,27,25,23,0,0,20,19,0,0,0,11,14,0,16,0,14,16,11,12,15,13,0,22,17,19,18,0,24,28,0,26,23,27,0,6,0,0,0,5,3,0,2,1,0,4,0,0,0,30,34,31,2,4,35,36,0,1,9,10,5,0,6,8,12,16,13,14,0,15,0,30,32,0,0,29,27,23,0,25,24,28,0,17,0,18,0,0,0,0,36,1,4,0,10,11,6,8,7,9,0,0,14,15,12,0,0,31,33,0,32,0,28,24,27,26,25,29,22,18,0,19,23,20,33,0,0,0,0,32,4,5,36,2,0,3,0,11,0,0,6,0,29,25,27,28,26,0,22,18,21,20,0,23,0,0,15,13,17,0,0,23,0,0,22,20,28,0,24,26,0,27,31,0,0,0,30,34,17,13,0,16,14,12,10,6,9,8,7,11,4,0,0,0,5,2,0,0,0,0,16,14,0,23,18,20,0,0,0,29,26,27,0,0,0,7,0,10,0,0,0,36,3,0,1,0,0,30,33,31,0,32,0,0,24,25,28,26,34,35,30,32,0,33,1,5,2,0,36,4,23,0,0,22,20,0,16,12,15,14,13,17,10,0,9,7,0,0,9,0,6,0,0,0,0,17,12,14,13,15,19,0,0,21,0,22,5,0,3,4,2,0,34,30,33,0,31,35,0,0,27,25,0,26
8,5,7,9,4,6,30,0,31,0,32,28,0,11,0,13,0,14,0,21,0,20,17,18,35,34,3,0,36,0,26,22,0,25,27,0,0,17,0,21,0,18,6,5,7,9,0,0,22,23,0,25,27,26,28,0,0,32,29,30,0,10,0,13,0,14,2,34,0,0,3,36,26,0,25,27,22,24,12,0,13,15,14,10,28,29,0,31,33,32,34,3,1,2,35,36,17,16,0,19,0,20,8,4,0,7,0,6,2,35,0,3,34,36,24,23,0,0,26,22,4,5,6,7,9,8,10,15,13,14,11,12,29,28,0,31,30,0,0,16,17,0,21,0,14,0,13,15,0,0,0,35,1,3,0,0,16,0,18,0,0,20,22,27,25,26,0,0,5,0,9,7,6,0,0,28,29,0,33,30,32,29,0,0,0,30,18,17,19,0,0,16,34,0,0,1,0,0,4,0,7,0,0,6,23,22,27,25,0,0,14,10,11,13,15,12,0,3,5,7,2,4,28,27,29,31,0,0,0,9,0,0,13,12,14,19,17,18,15,16,33,32,1,0,34,36,24,20,21,23,25,22,0,27,0,31,0,0,16,15,17,19,18,0,32,33,34,35,0,36,2,0,0,6,0,0,21,0,25,23,22,0,12,0,0,0,13,10,12,9,11,0,8,0,0,0,35,1,0,32,14,0,0,17,19,18,20,25,23,24,21,0,0,2,0,5,4,6,0,26,27,29,31,0,36,0,0,1,0,0,0,21,0,25,24,20,0,3,0,0,0,0,8,0,0,12,0,10,0,26,31,29,28,0,0,14,0,0,19,0,18,0,0,0,14,16,4,3,5,7,6,0,20,21,22,23,25,24,26,31,0,30,27,28,0,0,13,0,10,0,0,32,33,0,0,34,24,21,0,25,20,0,10,9,11,13,0,8,26,27,0,29,0,30,32,1,35,0,0,0,0,14,19,17,16,18,6,2,3,0,7,0,0,30,0,0,29,31,19,18,20,22,0,0,35,36,1,0,4,3,5,0,0,9,6,7,24,23,28,26,0,27,0,11,0,0,16,13,27,24,26,0,23,0,0,12,0,0,15,11,0,30,0,32,0,0,35,0,2,0,36,1,18,0,22,0,19,0,9,0,6,8,0,7,9,0,8,10,5,7,31,0,32,34,33,29,11,0,13,14,0,15,0,0,0,0,0,19,0,0,0,2,0,0,27,0,0,26,0,25,0,12,14,0,0,13,0,0,2,4,0,0,17,18,19,20,22,21,23,28,0,27,24,25,6,0,10,8,7,9,33,29,30,32,0,31,3,36,0,4,35,0,25,0,26,0,27,23,5,6,7,0,0,0,0,0,0,15,12,0,0,29,0,0,0,33,21,17,18,20,22,0,0,18,0,22,17,0,0,6,0,10,0,0,23,0,25,26,0,27,29,34,32,0,0,31,12,11,16,14,0,15,3,0,36,2,4,1,19,16,0,20,0,0,5,4,0,8,7,3,21,0,23,0,26,25,27,0,30,31,28,29,10,9,0,0,11,0,0,33,34,0,0,0,31,28,30,0,27,29,17,16,0,20,19,0,33,34,0,36,2,0,0,0,6,7,4,0,0,0,0,24,0,25,0,9,10,0,14,11,1,34,36,2,33,0,0,0,24,26,25,21,3,0,0,6,0,7,9,14,0,13,0,0,28,0,0,0,0,31,19,0,0,18,20,17,7,4,6,0,3,5,0,28,30,32,0,27,0,10,11,12,14,13,0,0,0,19,16,17,34,33,2,36,35,1,25,21,0,0,26,0,25,22,24,26,0,23,11,0,12,14,13,9,27,28,29,30,32,31,33,0,0,1,34,35,16,0,0,18,17,19,7,0,0,6,8,5,0,10,12,14,9,11,35,34,36,2,1,33,0,0,17,18,0,19,0,26,0,25,22,23,4,3,8,0,5,7,31,0,0,0,32,0,4,0,0,5,0,0,0,25,27,0,0,24,0,7,0,9,11,10,0,17,15,16,0,0,0,30,0,0,32,34,22,18,19,21,23,20,0,25,27,29,0,26,14,13,15,17,16,12,30,31,0,33,35,34,0,0,3,4,1,0,19,18,23,0,20,0,0,0,7,0,0,0,16,13,15,17,0,0,2,1,0,5,4,36,18,19,20,0,23,22,24,0,27,0,25,0,7,0,11,0,8,10,0,30,0,33,35,32,22,19,21,23,18,20,0,0,9,0,10,6,0,25,26,27,0,28,30,35,33,0,31,32,13,12,17,15,14,0,4,36,0,3,0,2,0,31,33,35,0,32,20,19,0,23,0,18,36,1,2,3,0,4,6,11,0,10,7,0,25,24,29,27,26,28,16,12,13,15,17,14,10,0,9,0,0,8,32,0,0,0,34,0,0,0,14,0,17,16,18,23,21,0,0,20,1,36,5,0,2,4,0,0,25,0,29,26,0,0,0,6,1,3,27,0,28,0,0,25,7,8,0,10,12,11,0,0,0,0,0,15,0,31,36,34,33,0,0,19,20,0,0,0,0,20,22,24,19,0,0,0,0,12,0,7,0,0,27,28,30,0,0,36,34,35,32,0,14,13,0,16,0,17,5,0,2,4,0,0,0,0,34,0,31,0,21,20,22,24,23,19,1,2,3,4,6,0,7,0,10,0,8,9,26,25,0,28,0,29,17,13,14,16,18,15,11,0,10,12,0,0,0,0,0,0,0,31,13,14,0,16,18,17,19,24,22,23,20,0,0,0,0,4,0,5,0,25,26,0,0,0,0,0,28,0,25,0,15,0,16,18,0,13,31,0,0,34,0,35,1,6,4,5,0,3,0,19,24,22,0,23,0,7,0,0,0,9,17,0,16,0,0,0,0,2,0,6,0,1,19,20,21,22,24,23,25,30,0,29,0,0,8,0,0,10,9,0,35,31,0,0,36,0
27,29,0,26,28,25,24,19,23,21,0,0,2,1,5,4,0,6,12,0,0,7,0,11,0,13,15,17,18,14,33,36,0,32,34,0,21,23,0,20,22,19,0,13,0,0,14,0,32,31,35,34,33,36,6,0,2,1,0,5,0,0,9,11,0,8,27,30,0,0,28,25,15,17,0,0,0,0,12,7,0,9,8,10,26,0,0,28,0,0,36,0,0,31,33,0,0,1,3,5,6,0,21,24,23,20,22,19,0,0,6,0,4,1,36,31,35,0,32,0,14,0,17,0,15,18,24,0,20,19,0,0,0,25,27,0,30,26,9,0,11,8,10,7,33,0,36,0,0,31,30,25,29,0,0,0,0,0,11,0,9,0,0,0,0,0,0,17,22,0,0,0,0,20,3,6,5,2,0,1,9,11,0,0,10,7,6,1,5,3,2,4,20,0,0,22,21,0,30,28,0,0,27,0,34,31,0,35,36,32,0,0,17,0,16,13,0,0,0,18,0,0,16,11,0,13,12,14,30,29,0,32,31,0,4,0,36,0,0,0,8,5,7,0,0,0,25,0,27,0,26,23,7,9,10,6,8,0,4,35,0,1,36,0,18,0,0,0,19,22,0,0,24,23,25,0,0,29,0,0,0,0,0,16,15,12,0,11,0,33,34,30,0,29,28,23,27,0,24,26,0,5,9,8,0,10,0,14,12,11,13,15,20,0,0,21,22,18,0,4,3,36,0,35,1,0,4,36,2,35,0,29,0,31,30,0,12,0,15,0,0,0,22,0,18,0,0,21,0,23,25,27,28,0,0,10,0,0,8,5,25,0,28,24,26,23,22,17,0,19,0,20,36,0,0,0,0,4,10,0,6,5,7,0,0,11,13,15,16,12,31,0,0,30,32,29,13,15,0,12,0,11,10,5,0,7,6,8,24,23,0,26,0,28,0,32,30,29,31,33,0,35,1,3,0,36,0,22,21,18,0,17,32,0,0,31,33,0,29,24,28,26,25,27,7,0,10,9,0,11,17,15,0,12,0,16,0,0,20,22,23,19,0,5,4,1,0,36,8,10,0,0,9,0,5,0,0,2,1,3,19,0,22,0,0,0,29,27,0,24,0,28,0,30,0,34,35,0,0,17,16,0,15,0,0,0,5,1,0,36,0,30,34,0,31,33,13,12,16,15,14,17,0,21,19,0,20,22,27,24,26,0,0,25,8,0,10,0,9,6,0,0,29,0,0,0,0,18,22,20,19,0,1,0,4,3,2,0,11,9,7,6,0,10,0,0,14,0,17,13,32,35,34,31,33,30,20,22,0,0,21,18,0,12,0,0,0,15,0,30,34,0,32,35,0,3,1,36,2,0,9,6,0,10,11,7,0,29,28,25,27,24,14,0,0,13,15,0,0,0,0,8,7,0,25,0,0,27,0,29,35,0,31,30,0,34,0,0,0,4,5,0,20,0,0,19,21,0,12,0,15,11,13,10,9,4,8,0,5,7,23,22,26,25,0,27,33,0,29,0,0,0,1,0,36,0,3,35,18,21,20,0,19,16,0,8,9,0,7,0,3,34,2,36,35,0,0,16,0,0,18,0,0,0,0,22,0,0,0,0,0,0,33,29,0,15,0,0,0,10,0,26,27,23,25,22,0,16,20,0,17,19,35,34,0,1,0,3,9,7,0,4,6,8,13,10,12,14,15,0,0,33,32,0,31,28,0,32,33,29,31,28,0,22,0,24,0,25,5,4,0,7,0,9,0,13,11,0,0,0,0,0,18,20,0,17,0,3,2,35,0,0,0,0,21,17,19,0,0,10,14,12,11,13,0,28,32,31,30,33,3,0,0,34,36,2,7,0,0,8,9,5,24,27,26,0,25,22,36,0,3,0,1,34,33,28,32,30,0,31,11,10,0,0,0,0,21,0,0,16,0,20,0,22,24,26,27,23,6,9,8,5,7,0,34,36,0,33,35,0,31,26,30,28,27,29,9,8,12,11,10,13,19,0,15,14,0,18,23,20,22,24,0,21,0,7,6,3,0,2,4,6,7,3,0,2,0,32,36,0,0,35,15,14,18,17,16,19,0,0,21,20,22,24,0,26,0,30,31,0,10,13,0,0,11,8,0,18,0,0,0,14,13,8,12,10,9,11,27,0,0,29,28,31,0,0,33,0,0,0,5,0,4,6,0,0,0,25,24,21,0,20,0,24,25,0,23,20,0,14,0,16,0,17,33,0,0,35,34,1,7,5,3,0,0,6,11,0,10,12,13,9,28,31,0,27,0,0,10,0,0,9,11,8,0,0,6,4,0,5,21,20,0,0,22,0,31,29,27,26,0,0,0,0,0,36,0,33,16,0,18,15,17,14,28,30,31,0,0,26,25,0,24,22,21,0,3,2,0,5,0,0,13,11,9,0,10,12,0,0,0,0,19,15,0,1,36,33,35,0,0,31,32,0,30,27,0,0,25,0,0,0,4,0,0,0,0,8,0,0,10,9,0,0,18,0,17,19,20,0,35,2,0,34,36,33,0,19,20,0,0,15,0,9,0,11,10,0,28,27,0,30,29,32,2,0,34,33,0,0,0,0,0,0,8,4,23,0,25,22,0,21,0,1,2,34,36,33,32,27,31,29,0,30,0,9,13,12,11,14,20,18,16,15,17,19,0,21,0,0,26,0,5,8,7,4,6,3,0,0,8,4,6,3,0,33,1,35,34,0,16,0,19,18,0,20,26,0,22,0,23,0,30,27,29,31,32,0,11,14,0,10,12,9,0,25,26,22,24,21,0,0,19,17,0,18,0,33,0,36,35,0,0,0,4,0,0,0,12,9,11,13,0,10,29,32,31,0,30,27,11,13,14,0,0,9,8,3,7,0,0,6,22,0,0,24,23,26,0,30,28,27,29,31,36,33,35,1,2,34,17,20,19,16,18,15
26,0,25,27,23,0,0,0,36,0,35,0,22,18,21,20,17,19,10,8,5,0,7,9,0,13,0,11,12,0,0,34,32,33,30,29,14,0,13,15,11,0,0,0,24,25,23,28,0,6,0,8,0,7,0,0,29,0,0,33,3,1,2,35,0,0,19,22,0,0,18,0,20,0,19,0,0,22,0,0,30,0,29,34,16,12,15,0,11,0,4,2,35,36,1,0,9,7,8,5,6,10,0,28,0,0,0,23,8,0,7,9,0,10,20,21,18,19,17,22,4,36,3,2,35,1,28,26,0,24,0,0,33,0,0,0,30,0,13,16,14,0,12,0,32,0,31,0,29,34,8,9,6,7,5,0,28,24,27,0,23,0,16,14,0,0,13,0,0,19,0,17,18,22,0,4,0,0,36,35,0,36,1,3,0,0,14,0,12,0,11,0,0,0,33,32,0,31,0,20,17,0,0,21,27,25,26,23,24,0,7,10,8,9,6,5,13,11,12,0,10,15,25,26,0,24,22,0,9,0,8,7,4,6,0,31,28,29,30,0,2,0,1,34,35,3,0,21,19,20,17,16,1,0,36,0,34,3,0,14,0,0,10,15,0,0,0,31,28,30,21,0,0,17,18,0,26,24,0,22,0,27,0,0,7,8,0,0,7,5,6,8,4,0,19,20,17,18,16,0,0,35,0,1,0,36,0,25,0,0,0,26,0,30,31,0,29,33,12,0,0,0,11,10,19,0,18,20,16,0,0,0,29,0,28,0,15,11,14,13,10,12,3,0,0,0,36,0,8,0,0,4,5,9,24,27,25,0,23,0,0,0,0,0,28,0,7,0,5,0,4,9,27,23,26,25,22,0,0,13,10,0,0,0,0,18,19,0,17,21,36,0,1,2,35,34,25,23,0,26,22,27,1,2,0,36,34,0,21,17,20,0,16,18,0,0,4,5,6,8,0,12,0,10,11,0,0,33,31,32,29,28,0,27,0,30,26,31,5,6,3,4,2,7,25,21,24,23,0,22,13,11,8,0,10,12,18,0,17,0,15,19,0,1,35,36,33,32,0,21,22,0,20,0,35,36,0,34,0,1,0,15,18,17,14,16,7,5,0,3,4,0,0,0,11,8,0,13,0,31,29,30,0,26,5,0,0,6,2,7,17,18,0,16,14,19,0,33,0,0,32,34,25,23,20,21,22,24,0,0,29,26,27,31,10,0,0,0,9,0,35,33,34,36,32,1,11,0,0,10,0,13,0,0,0,0,0,0,19,0,14,0,16,18,0,22,0,0,0,0,0,7,5,6,3,2,17,0,16,18,14,19,29,30,27,0,26,0,13,0,0,11,0,10,0,35,0,33,0,36,0,0,0,0,0,7,0,25,23,0,21,0,0,9,10,12,8,0,0,0,21,22,20,25,0,0,0,5,2,4,31,29,0,27,28,30,36,34,0,0,0,0,0,0,0,0,15,14,0,28,0,31,27,0,6,7,4,0,3,0,0,22,25,24,21,23,14,12,9,10,11,13,19,17,18,15,0,20,35,2,36,0,34,0,12,10,0,13,9,14,0,25,0,0,0,26,0,0,0,0,3,0,32,30,27,0,0,0,1,0,0,33,34,2,0,20,18,19,16,0,6,4,5,0,0,8,18,0,16,17,15,20,2,0,0,36,0,35,0,0,21,0,23,25,31,29,0,27,0,32,11,14,12,13,0,0,24,0,0,25,21,0,36,1,0,0,0,2,20,16,0,18,0,0,0,0,3,4,5,7,13,0,12,9,0,0,0,0,0,0,28,27,0,16,17,0,0,0,30,0,0,29,0,32,14,0,13,0,0,11,2,36,33,0,35,1,7,5,6,3,0,0,0,0,0,0,22,21,0,34,35,1,33,2,12,13,0,11,0,0,32,28,31,30,27,0,20,0,15,0,17,19,25,0,24,0,0,0,0,0,0,7,0,0,27,0,26,28,24,29,3,0,1,0,0,5,23,0,0,21,18,0,11,0,6,7,8,10,0,14,0,0,13,17,0,35,33,0,31,30,15,0,0,16,0,17,0,28,0,0,24,0,0,7,10,9,6,0,0,33,30,31,32,34,4,2,3,36,1,5,0,0,0,22,19,18,3,0,2,0,36,0,15,16,13,14,0,0,0,0,34,33,0,32,23,0,0,19,0,22,0,26,27,0,0,0,8,0,9,0,7,6,33,31,32,34,0,35,9,0,0,0,0,11,29,25,0,0,0,0,17,15,12,13,0,16,22,20,0,18,19,0,2,5,3,4,1,36,0,19,20,0,18,23,0,0,31,32,30,0,17,13,0,15,12,0,5,0,36,0,2,0,10,0,0,0,7,0,0,0,27,28,0,0,9,7,8,10,0,11,21,0,19,20,0,23,5,1,0,3,36,2,29,27,24,0,26,28,0,32,33,30,0,35,14,0,15,16,0,12,4,2,0,0,0,6,16,17,0,15,13,0,0,32,35,0,31,33,24,22,19,20,21,23,29,0,0,0,26,0,9,12,0,11,8,7,0,0,15,0,0,18,0,29,26,0,25,30,12,8,0,0,7,9,0,0,0,32,0,35,5,3,0,0,2,6,0,0,22,23,20,0,0,32,33,35,31,36,10,11,8,0,0,12,30,26,29,28,25,27,18,0,13,0,0,0,0,21,22,19,0,0,3,6,4,5,0,0,10,8,0,11,0,12,0,0,20,0,0,0,6,2,5,4,1,3,0,28,0,26,27,29,35,33,0,31,32,36,15,0,16,0,0,0,22,20,0,0,0,24,34,0,32,33,0,36,0,14,17,0,0,0,6,4,1,0,3,5,11,0,10,7,0,0,27,0,28,0,26,0,0,26,27,0,0,0,4,0,0,0,1,6,24,20,23,0,19,0,12,0,7,8,0,11,17,15,16,0,0,0,33,0,34,0,32,31
11,0,0,12,16,0,1,3,2,0,0,35,21,20,0,0,19,0,24,26,23,0,28,25,10,5,0,9,0,0,0,0,0,30,0,34,17,19,20,0,22,0,7,0,8,6,10,5,0,0,24,23,25,28,30,32,0,33,34,31,16,11,12,15,13,14,35,3,1,36,2,4,0,1,0,36,4,3,25,0,0,24,0,0,9,8,0,0,0,0,12,14,11,15,16,13,34,0,30,33,31,32,17,21,19,18,20,0,5,7,0,0,10,9,31,0,32,30,0,0,15,0,12,0,0,0,0,0,0,21,0,19,0,35,0,0,1,2,0,0,25,24,26,28,0,25,26,24,0,0,0,15,14,0,16,11,33,0,30,0,0,34,0,0,0,0,4,1,22,0,18,21,0,20,5,9,7,0,8,10,29,0,0,30,0,33,0,21,20,18,22,0,3,2,36,0,1,4,6,0,0,9,10,7,28,0,24,27,25,26,0,0,13,0,0,16,15,0,0,16,0,19,5,7,6,4,0,3,0,24,0,21,23,0,0,30,0,31,32,29,0,0,0,0,0,12,33,0,0,34,0,2,0,0,0,10,14,0,0,0,0,34,2,33,0,18,0,0,0,20,22,24,21,0,0,23,0,3,0,0,0,6,0,31,29,0,30,32,33,35,0,34,2,1,23,25,0,22,26,0,0,6,4,3,5,8,0,12,0,13,14,0,32,27,28,31,0,30,15,19,0,0,18,20,3,5,0,4,8,7,29,31,30,0,32,27,13,0,10,9,11,14,0,18,15,19,20,17,2,33,0,1,0,36,0,0,0,0,24,26,21,23,24,22,26,25,11,13,12,0,14,9,31,0,28,27,0,32,0,36,0,0,2,35,20,15,16,19,17,18,3,7,5,4,0,8,0,29,30,28,0,31,0,0,18,0,20,0,1,36,34,33,0,2,0,6,3,0,8,5,26,21,0,25,23,24,0,0,11,10,12,14,13,0,16,14,18,17,0,5,0,2,6,0,0,22,0,0,21,0,0,28,25,0,30,27,0,7,8,0,9,0,31,0,33,32,34,36,0,3,4,2,6,0,27,29,28,0,0,25,0,0,8,7,0,0,14,16,0,17,0,15,36,0,32,0,0,0,19,23,21,20,22,24,0,33,0,0,0,35,21,23,22,0,24,0,5,0,0,1,3,6,0,10,0,0,12,9,0,25,26,0,27,0,13,0,15,0,16,18,0,21,0,0,0,23,9,11,10,8,0,7,0,28,26,25,0,30,32,34,31,35,36,0,18,0,0,17,0,0,1,5,3,2,0,0,7,9,0,8,0,11,0,0,0,32,0,0,17,16,14,0,0,18,0,0,19,0,0,21,6,1,2,0,0,4,0,0,27,26,28,30,25,0,0,26,30,29,15,17,16,0,0,13,0,34,32,0,33,0,2,0,1,0,0,3,0,19,20,0,21,22,7,11,9,0,10,0,0,8,9,0,11,0,32,34,0,0,0,0,0,15,13,0,14,17,19,0,18,22,23,0,0,36,1,4,0,3,0,28,0,25,27,0,30,32,33,31,35,34,20,22,0,19,0,0,4,3,1,36,0,5,7,9,6,10,11,8,0,0,0,0,26,27,12,16,14,0,15,17,36,2,0,1,5,4,26,28,0,25,29,0,10,0,0,0,0,0,13,0,0,0,17,0,35,0,31,0,32,0,18,22,20,19,0,0,0,20,21,0,23,22,0,10,9,7,11,6,28,0,25,24,0,29,31,33,0,34,35,32,17,12,0,0,14,15,0,4,0,0,3,5,0,14,15,13,0,16,2,0,3,1,5,0,22,21,19,18,20,23,25,0,0,0,29,26,11,0,7,10,0,9,30,0,32,0,0,35,0,0,27,25,29,0,14,0,15,13,17,12,34,33,0,30,32,35,0,3,36,0,5,2,23,0,0,22,20,21,0,0,0,0,9,11,26,0,0,27,31,0,16,0,0,15,0,14,36,0,0,32,34,1,3,5,2,0,7,0,25,20,0,0,0,0,8,12,0,9,11,0,14,0,0,15,19,18,4,6,5,3,7,0,0,23,21,20,22,0,27,29,26,30,31,28,0,0,0,0,10,11,32,0,0,0,35,0,0,0,35,0,1,36,22,0,23,0,25,20,6,0,3,2,4,0,9,0,0,12,13,10,0,26,27,0,28,29,14,18,16,15,17,19,8,0,11,9,13,0,34,36,0,0,1,32,18,0,15,14,0,19,21,23,0,24,25,22,7,2,0,6,4,0,26,30,28,27,29,0,20,0,23,0,25,24,10,12,11,9,13,8,30,0,0,0,28,0,0,35,0,0,1,0,0,0,0,18,0,17,0,6,0,3,5,7,2,4,5,0,7,6,28,0,0,27,0,26,12,11,9,0,10,13,0,17,14,18,19,0,1,32,0,36,0,35,0,0,22,21,23,25,0,0,0,17,21,20,6,0,7,5,9,4,26,25,0,22,24,0,29,31,0,32,0,30,15,0,11,0,0,0,34,0,36,35,0,0,28,0,31,0,0,0,0,20,19,17,0,16,2,0,35,0,36,0,5,7,0,8,0,6,27,22,23,0,24,25,10,14,12,0,0,15,34,36,0,35,3,2,24,0,25,23,27,22,0,7,5,0,0,9,0,0,10,0,15,0,33,28,0,32,30,31,16,20,18,0,0,21,22,24,25,23,0,26,12,0,0,0,15,10,32,0,29,28,30,33,35,0,34,2,0,36,21,16,0,20,0,19,0,0,6,5,7,0,4,6,7,5,0,8,0,0,31,29,0,28,14,13,11,10,12,0,0,0,16,20,0,18,0,34,0,2,0,0,22,26,24,0,0,27,0,0,13,0,0,14,0,2,1,35,3,34,20,0,17,0,18,21,23,25,22,0,27,24,0,4,5,0,0,0,28,0,0,29,0,33
0,10,0,0,11,0,0,0,29,30,0,0,5,0,3,0,0,4,0,19,15,17,16,20,0,0,33,0,2,0,24,25,0,22,21,23,19,16,0,20,17,0,0,0,35,36,2,0,11,13,9,14,0,0,24,0,21,0,0,26,4,0,0,7,8,0,30,0,0,28,0,29,1,34,36,0,35,33,16,15,0,18,20,19,29,31,27,32,0,28,6,7,0,0,4,8,0,0,0,25,26,0,12,13,14,10,0,11,31,0,30,32,29,27,0,9,0,12,14,13,23,25,21,26,0,0,36,1,0,35,0,2,0,0,15,0,20,18,6,7,0,4,0,0,7,0,0,8,5,3,22,21,23,24,26,25,35,1,0,0,0,0,0,0,9,11,10,0,0,0,27,0,32,30,0,0,0,16,0,17,25,0,24,0,0,0,4,3,0,0,8,0,17,19,15,20,18,16,0,31,27,29,28,32,0,11,0,13,14,12,36,1,2,34,0,0,0,32,34,36,33,31,14,13,15,16,18,17,0,29,0,0,28,0,0,0,1,3,2,6,0,21,0,0,0,22,0,0,12,0,7,9,0,20,22,24,21,19,2,0,0,4,6,5,0,17,13,18,16,14,28,29,25,0,0,30,8,9,7,0,12,10,34,0,36,32,31,33,29,0,28,30,27,0,0,7,9,10,12,11,21,0,19,24,0,0,34,0,31,0,32,36,0,0,0,0,0,16,4,5,0,2,1,0,0,2,4,6,3,0,0,19,0,22,0,23,33,35,31,36,34,32,10,11,0,9,8,0,0,0,0,29,0,28,16,0,0,0,13,15,17,0,16,18,0,13,32,31,0,34,36,35,9,11,0,0,0,8,0,23,19,0,0,24,0,3,1,5,6,4,28,29,30,0,25,27,0,8,10,12,0,7,26,25,0,28,30,0,0,0,0,0,4,2,0,17,0,0,14,18,0,0,0,35,36,0,0,23,24,0,19,0,0,23,25,27,0,22,0,0,0,0,9,0,18,20,16,0,19,17,31,32,0,0,29,33,0,12,0,14,15,0,1,2,0,35,34,36,0,29,0,33,30,0,11,10,0,13,15,0,0,26,0,0,0,0,1,2,34,0,35,0,17,0,16,20,21,19,0,0,9,5,0,6,8,0,0,0,6,0,23,22,24,25,0,26,36,0,34,0,1,35,0,14,10,12,0,0,29,0,0,32,0,31,0,0,0,17,0,18,2,0,1,0,0,0,0,0,0,19,21,0,30,32,0,33,31,29,7,8,4,6,5,9,23,0,0,0,27,25,13,14,0,0,10,0,14,0,0,15,0,10,29,0,0,31,33,32,6,8,4,9,0,0,19,20,0,0,17,21,35,0,34,0,0,1,0,26,27,23,22,24,0,17,0,21,18,0,35,34,36,0,3,2,12,14,0,15,13,11,0,26,0,24,0,27,0,6,0,8,0,7,0,32,33,29,0,30,21,18,20,0,0,17,36,35,0,2,0,3,13,0,11,16,14,12,26,27,0,0,24,28,0,7,0,9,10,0,0,33,34,30,0,0,0,24,26,0,25,0,6,0,7,0,10,9,19,21,17,22,20,0,0,33,29,31,30,0,0,13,11,0,16,14,0,3,4,36,35,1,15,0,14,0,0,11,30,0,31,32,34,0,7,0,0,10,8,0,20,21,17,19,0,0,0,1,35,3,4,2,26,27,28,0,23,25,3,36,2,4,0,35,18,17,19,20,22,0,31,0,29,34,0,0,8,9,5,7,0,10,0,25,0,27,28,0,14,15,16,0,11,13,0,6,8,10,7,0,24,23,0,26,0,27,1,3,35,0,2,36,14,15,11,0,0,0,30,0,29,33,34,32,20,21,22,0,0,19,33,30,0,34,31,29,12,11,13,14,16,15,0,0,0,28,26,24,2,3,35,1,0,4,18,19,17,21,22,0,8,9,10,6,0,0,0,0,23,25,22,20,3,2,4,0,0,6,16,0,14,0,0,15,29,30,26,0,27,31,9,10,0,0,13,11,35,0,0,0,0,0,0,15,0,19,16,0,0,32,34,35,0,36,0,0,0,13,11,9,23,24,0,22,21,25,3,0,2,6,0,5,29,0,0,0,0,28,30,27,29,31,28,26,9,8,10,11,0,0,22,0,0,25,0,21,0,36,0,0,0,1,15,16,14,0,0,0,0,6,0,0,2,4,12,9,0,13,10,8,0,26,0,29,31,30,0,0,2,0,5,0,17,0,14,16,15,0,0,34,32,0,0,0,0,0,0,0,20,0,0,0,35,1,34,32,15,14,0,0,19,18,0,0,26,31,29,27,5,6,2,4,0,0,21,22,0,24,25,0,11,0,13,9,8,0,6,0,0,7,4,0,0,0,22,0,25,24,34,36,0,1,35,33,11,12,8,10,9,13,0,28,0,30,0,0,17,0,0,15,14,0,0,25,0,29,0,0,0,0,8,9,0,10,20,0,0,23,0,19,33,0,30,32,31,0,0,14,0,16,0,15,0,0,5,1,36,2,10,7,9,11,8,6,0,24,0,0,0,0,2,4,36,0,3,0,15,16,0,14,13,17,0,0,30,0,35,0,21,0,23,0,0,0,4,1,3,5,2,36,19,18,20,0,23,22,0,0,30,0,33,31,9,10,6,0,0,11,25,26,24,28,29,27,15,16,0,13,12,14,0,31,33,35,32,30,13,12,0,15,17,16,26,0,0,29,27,25,0,0,36,2,1,5,19,0,18,22,23,21,9,10,11,7,6,8,0,13,15,17,0,12,31,30,0,33,35,34,8,10,6,0,0,7,21,22,0,20,0,0,1,2,36,4,5,0,27,28,29,0,24,26,22,19,21,23,0,18,0,36,0,3,5,4,0,16,12,17,0,13,27,28,24,26,25,29,0,0,6,10,11,9,0,34,0,31,0,0
0,20,0,0,0,16,13,0,0,0,0,12,0,24,0,22,21,25,3,4,7,0,0,6,0,32,28,0,29,0,0,35,2,33,0,36,0,8,5,3,6,0,0,2,33,0,0,36,0,0,0,0,9,13,27,0,0,0,32,30,0,20,16,19,0,0,25,0,0,21,0,0,25,26,0,21,24,22,19,0,15,16,0,18,0,30,29,0,27,31,9,0,13,11,0,12,33,2,0,1,35,36,7,5,8,0,4,0,13,14,11,9,0,0,0,0,0,0,5,6,20,0,17,0,0,19,33,34,1,35,0,36,21,0,0,25,23,24,0,0,32,27,0,0,1,0,0,33,0,34,0,32,0,28,29,30,8,6,5,4,3,7,0,22,25,0,26,24,0,0,0,13,11,12,19,17,20,15,0,18,31,32,29,27,30,0,0,26,21,22,23,24,0,0,35,34,33,1,0,16,19,17,0,18,3,0,0,7,5,6,0,0,14,0,10,12,0,0,0,18,21,19,0,17,0,13,0,0,0,0,0,0,0,28,6,7,10,8,11,0,0,35,31,34,32,0,0,2,5,36,1,3,0,17,14,0,15,13,10,0,6,7,8,9,0,0,20,19,18,22,36,1,4,0,5,3,0,0,25,28,26,27,34,0,35,30,0,33,4,0,2,36,0,0,34,35,30,31,32,33,11,9,8,7,0,10,24,0,0,26,29,0,12,17,13,0,14,15,22,20,23,0,19,21,34,35,32,30,0,31,0,29,24,25,26,0,5,0,2,1,36,4,18,0,22,20,0,21,0,0,0,0,0,9,16,14,17,12,0,15,28,29,26,24,27,25,22,0,18,19,20,21,35,0,0,0,30,34,12,0,0,0,17,0,0,0,0,0,2,0,0,8,11,0,0,0,0,0,8,6,0,7,0,5,36,1,2,0,0,15,0,13,12,16,0,31,34,32,35,33,18,0,0,0,0,0,28,26,29,24,25,27,15,0,13,11,14,12,0,10,0,6,7,8,22,20,0,0,17,0,35,36,3,1,4,2,0,0,24,27,25,0,33,31,34,0,30,0,27,0,25,23,0,24,21,0,0,18,0,20,34,32,31,30,29,33,0,12,15,13,16,14,35,4,36,0,0,2,0,7,10,5,6,8,33,0,0,29,0,30,27,0,0,24,0,26,4,2,0,0,0,0,17,18,21,0,0,20,0,10,6,0,7,0,15,13,16,11,12,0,3,4,1,0,2,36,0,34,29,30,31,0,0,0,7,6,5,9,23,24,27,25,0,26,0,0,0,15,13,0,0,0,22,17,18,0,9,10,7,5,8,6,0,4,35,0,0,2,16,0,0,12,0,15,0,30,33,31,34,32,17,22,18,21,19,20,27,0,0,23,0,26,0,0,0,17,20,0,15,16,11,12,13,14,28,26,0,24,23,27,0,0,0,0,0,0,29,34,30,33,31,32,0,1,4,35,36,2,0,0,0,0,22,20,0,18,0,0,15,16,0,28,27,26,25,29,0,0,0,9,12,0,0,0,32,35,33,34,5,3,0,1,2,0,17,18,15,0,16,0,11,0,7,8,0,0,24,0,0,0,0,23,1,2,0,3,6,0,25,30,0,0,0,28,35,33,36,0,0,34,0,36,33,31,34,32,0,0,0,0,0,0,6,0,3,2,1,5,19,20,23,21,24,22,7,12,8,0,0,10,17,0,18,13,14,16,29,0,0,25,28,26,23,24,0,20,0,22,0,0,0,32,0,0,0,14,17,0,18,0,0,0,0,0,3,4,11,0,12,7,8,10,11,12,0,7,10,8,5,6,0,0,0,0,0,16,15,14,0,0,31,32,35,33,0,34,0,0,20,23,21,22,29,0,30,25,26,28,5,6,3,0,4,0,35,36,0,32,33,34,0,10,9,8,7,11,0,0,29,0,30,28,13,18,0,17,0,16,23,21,24,19,20,22,12,13,10,8,0,9,0,7,0,3,0,0,19,17,16,15,0,0,0,33,36,34,1,35,20,25,21,24,0,0,30,28,31,0,27,29,0,25,22,0,23,0,18,0,0,15,0,0,31,29,0,27,26,0,8,0,12,10,0,11,0,1,33,36,34,35,0,0,7,0,3,5,18,0,0,14,17,0,12,0,8,9,0,11,25,23,0,21,20,24,2,3,6,4,7,0,26,31,27,0,0,29,36,0,0,32,33,35,30,0,28,26,29,0,24,25,20,21,0,23,1,35,34,33,0,36,14,15,18,16,19,0,2,7,3,6,4,5,0,10,0,0,0,11,0,7,4,0,0,0,0,0,0,0,0,0,0,0,10,9,0,12,26,27,30,0,31,29,14,19,15,0,16,17,24,22,25,0,21,23,0,1,34,32,35,0,0,0,26,27,0,0,0,5,4,3,2,6,20,21,24,22,25,23,8,13,9,0,10,11,0,16,19,14,15,0,0,33,0,28,31,29,26,0,22,23,0,0,3,1,36,35,0,2,16,17,20,18,21,19,4,9,5,8,0,7,14,12,0,10,11,0,20,21,18,16,19,0,0,15,10,11,12,13,27,25,24,0,22,26,4,5,0,6,9,0,0,33,29,32,0,31,0,36,3,0,35,0,0,0,0,0,13,11,0,9,0,0,0,7,0,19,18,0,16,20,34,0,2,36,3,1,22,27,23,26,0,0,32,0,33,28,29,0,0,0,0,34,1,0,32,33,28,29,0,31,9,7,0,5,4,8,22,23,26,24,0,0,10,0,11,14,0,13,20,18,21,16,17,19,8,9,6,4,0,0,0,3,34,35,36,0,0,13,12,11,0,14,28,29,32,30,0,0,16,21,17,20,0,19,26,24,0,22,0,25,26,0,0,22,25,23,0,21,16,17,18,19,0,0,30,29,28,32,10,11,0,12,0,13,0,0,35,0,36,0,8,6,0,4,0,7
