0,0,0,2,0,0,0,0,0,22,21,11,14,0,25,0,12,0,0,19,0,16,7,0,0,25,0,9,20,19,7,16,0,11,6,8,17,0,22,24,0,0,1,5,0,10,13,14,21,23,0,6,0,0,0,2,5,3,15,1,10,19,0,18,16,13,14,17,25,0,20,9,12,0,0,0,0,0,14,24,0,25,0,21,23,5,0,2,3,0,4,0,6,0,9,18,19,17,15,22,0,0,0,0,0,0,20,0,0,19,15,6,7,0,0,23,22,10,16,21,0,0,2,25,0,1,25,2,3,14,13,0,0,22,17,11,0,0,0,9,0,10,21,18,12,7,6,4,5,24,10,11,0,8,0,0,15,12,7,0,0,16,0,0,0,5,0,9,0,6,21,23,18,0,14,15,0,0,0,0,0,8,0,6,10,12,25,13,0,22,1,0,23,24,2,0,0,0,16,0,0,13,0,4,0,0,1,14,0,5,24,21,18,0,0,0,19,0,0,0,0,12,0,0,25,0,12,23,0,0,9,19,0,20,11,7,10,4,0,0,22,8,25,0,0,0,0,3,0,15,3,0,1,25,4,21,0,23,10,14,18,15,0,0,8,11,0,12,0,17,6,0,20,0,5,0,0,17,0,5,0,4,0,13,7,0,14,0,0,0,0,9,0,2,0,0,0,0,22,0,19,7,0,0,0,0,0,0,5,0,0,0,17,24,10,20,0,0,0,25,16,14,0,11,0,0,20,12,0,15,8,9,0,17,16,6,0,25,0,0,19,21,24,0,18,2,0,0,3,4,16,22,8,0,10,20,11,0,0,15,2,4,0,0,0,14,0,5,6,0,25,0,24,9,0,20,23,24,17,0,22,14,11,0,12,3,7,5,0,0,10,18,19,15,13,1,4,0,0,2,21,8,11,22,0,15,18,0,23,20,1,2,0,0,0,0,5,0,0,16,12,0,19,13,9,18,0,0,0,2,10,21,0,8,0,16,0,15,17,13,0,0,14,23,22,3,11,0,6,0,5,3,0,10,7,0,6,2,1,4,23,9,20,8,18,21,25,0,12,24,0,22,15,0,16,6,0,14,15,12,5,13,7,3,9,0,24,22,11,19,8,0,2,0,4,0,21,0,18,0,7,0,10,6,0,11,0,15,14,0,0,0,16,0,0,2,0,0,4,5,24,25,0,23,0,22,24,0,0,0,0,2,5,0,3,14,13,0,15,0,7,0,0,9,10,19,20,0,0,18,17,19,0,16,18,0,7,10,9,8,4,3,0,5,2,25,24,22,21,23,14,0,0,0,13,2,4,5,0,0,0,17,20,19,18,22,0,0,25,0,12,0,13,14,0,9,10,0,0,0,12,14,15,0,0,23,22,24,25,0,0,0,0,10,7,0,0,18,19,20,4,0,1,2,3
7,0,25,24,0,22,0,11,0,10,16,1,17,0,3,5,0,13,6,4,0,20,23,18,0,22,0,17,0,16,14,0,0,2,0,20,9,0,19,0,15,21,18,12,10,24,5,6,4,7,2,1,0,0,14,17,4,0,0,9,21,15,0,23,0,16,20,7,11,0,0,0,12,0,22,20,0,0,9,21,0,18,0,23,24,0,5,7,6,4,22,25,17,0,8,0,1,0,3,0,6,8,0,0,18,20,5,0,7,15,25,0,0,14,13,1,0,24,2,0,19,16,17,9,11,13,0,7,25,6,0,24,0,0,0,14,23,20,12,19,0,0,2,0,0,0,22,0,0,0,0,9,16,0,22,15,0,20,12,14,0,11,0,0,0,19,24,0,0,21,4,3,0,13,2,5,0,0,18,1,6,9,0,21,19,0,0,0,24,17,20,4,0,25,0,12,11,14,23,0,10,0,14,21,23,4,0,2,1,3,15,0,0,0,9,0,12,0,17,13,0,19,0,20,6,12,11,15,20,0,0,13,22,8,16,0,3,0,1,21,14,0,6,7,23,17,0,0,0,25,4,2,0,0,0,23,0,0,25,0,13,0,14,0,11,7,8,9,10,6,18,17,0,16,19,25,22,21,23,24,13,0,14,0,12,8,0,9,0,0,17,0,0,20,0,3,0,0,1,0,0,0,13,0,0,8,6,9,10,0,18,0,0,0,0,2,3,0,5,0,21,23,0,22,24,19,17,0,0,0,0,0,4,0,2,0,21,22,0,24,12,13,0,0,11,8,7,10,6,0,9,0,0,6,0,18,0,19,0,0,0,0,4,5,1,0,0,21,23,0,13,0,15,11,0,3,13,0,5,7,12,15,0,14,0,24,0,25,11,22,8,2,1,4,0,0,18,21,10,23,23,0,20,15,17,0,22,8,11,21,2,14,1,0,0,6,7,0,16,0,0,13,24,0,12,8,21,0,10,25,2,19,0,0,0,12,0,16,0,15,9,14,23,0,20,0,0,0,5,3,1,6,0,0,0,0,10,0,0,5,9,0,23,8,0,21,11,12,24,0,16,14,22,15,0,16,14,12,0,11,9,17,0,24,20,7,0,3,0,5,10,19,15,0,18,0,0,4,25,0,21,25,0,12,8,0,14,10,0,13,0,20,5,3,2,4,6,11,9,7,0,15,0,17,0,0,5,1,2,3,0,7,6,22,0,0,16,0,0,0,13,0,25,8,0,0,24,9,12,20,0,0,22,17,0,1,2,0,0,0,11,0,0,0,0,24,15,20,19,0,6,4,16,7,8,11,16,6,0,4,0,20,15,9,25,17,24,8,0,12,18,1,5,3,2,0,0,0,14,10,24,0,0,0,9,0,0,17,18,8,6,4,0,13,0,0,0,0,21,0,1,25,3,0,0
13,25,12,22,14,0,0,0,0,5,0,18,0,0,4,0,11,9,0,0,24,2,23,3,1,18,0,24,0,23,0,0,0,13,4,5,14,0,1,3,12,22,0,0,10,0,11,20,0,16,0,0,11,9,0,1,14,0,25,3,17,16,22,23,0,6,7,4,0,5,18,12,21,10,0,3,16,17,0,2,10,22,19,11,0,0,0,7,0,0,23,21,18,14,20,13,6,0,0,0,0,10,0,0,6,24,16,0,12,0,11,0,20,19,9,0,0,0,15,1,17,0,25,0,0,0,0,8,24,22,25,0,9,15,0,6,4,11,0,7,0,0,14,23,21,5,3,1,2,18,7,0,15,0,0,0,11,18,17,12,0,9,0,20,0,3,5,0,1,25,16,21,10,22,0,23,19,10,16,18,4,21,22,0,0,1,0,15,0,2,9,20,0,11,24,25,8,17,0,13,0,0,5,20,3,0,0,0,10,0,23,8,0,0,12,0,18,0,0,0,11,0,6,7,0,14,11,21,0,0,23,1,3,0,2,22,13,18,0,17,0,8,7,6,0,0,19,0,12,24,21,4,0,0,0,16,0,0,22,0,15,19,0,11,20,18,0,24,17,9,0,7,5,23,0,17,22,13,10,24,19,0,21,7,9,2,1,0,3,18,14,0,23,12,0,8,25,4,0,20,9,15,0,8,0,3,4,0,2,0,0,23,10,0,21,7,6,20,5,0,22,0,12,13,11,0,14,0,0,12,0,5,0,0,0,7,6,0,0,25,0,15,21,10,22,2,1,16,0,0,25,5,0,11,7,14,15,12,20,23,16,22,0,9,8,1,0,13,4,3,0,18,0,0,19,11,13,14,12,15,22,0,25,0,0,0,5,4,0,1,20,0,0,0,0,0,10,8,6,0,0,23,0,21,0,2,0,5,4,1,18,20,19,0,0,0,0,6,8,0,0,15,0,0,12,0,0,9,7,0,12,13,0,14,11,0,0,25,22,0,5,4,1,0,0,19,20,18,16,17,1,0,4,0,5,17,18,20,19,0,8,10,0,0,0,0,14,11,0,12,0,0,0,24,25,0,18,19,0,20,7,8,10,9,6,13,0,14,0,11,25,0,22,0,23,4,5,0,1,0,22,0,0,19,11,6,0,14,16,15,9,0,3,13,0,21,23,10,20,18,0,4,2,17,0,20,9,23,18,8,5,7,0,0,10,4,0,0,0,19,0,17,0,16,0,0,24,11,25,0,0,2,0,14,4,0,25,0,8,22,0,17,23,0,0,24,0,19,9,13,3,16,7,5,0,0,7,3,6,0,20,9,0,0,17,0,11,16,0,0,0,1,25,2,0,15,13,19,18,0,15,12,16,13,0,0,2,4,0,19,0,25,8,21,0,0,3,5,7,0,23,0,14,20,0
5,3,2,1,4,0,19,0,20,16,0,0,13,12,14,10,9,6,0,0,24,21,25,23,0,10,8,7,0,0,13,14,0,15,11,0,1,3,0,4,25,0,21,23,22,0,18,20,17,16,23,22,0,0,0,0,0,2,0,0,0,0,0,7,9,0,19,0,18,17,0,0,15,0,11,0,18,17,0,0,8,0,0,10,0,24,23,0,22,0,15,14,0,13,0,0,3,0,0,0,15,0,12,11,14,23,22,21,0,24,0,0,18,17,0,0,4,1,3,0,0,8,10,7,6,0,0,6,5,3,0,1,0,0,0,0,15,20,0,23,0,8,0,0,0,12,9,0,13,19,0,0,8,0,1,0,25,19,11,0,0,0,9,13,0,14,16,0,12,6,0,0,0,0,10,0,0,21,0,12,9,0,18,8,20,2,0,0,6,1,0,3,0,7,5,17,16,0,14,15,13,0,0,18,15,0,3,0,21,5,0,22,12,0,16,24,0,0,9,20,0,0,0,0,25,22,0,9,20,23,12,0,13,17,15,0,0,24,0,8,4,1,0,2,0,3,0,11,0,0,0,5,0,23,0,0,2,0,0,0,0,0,0,0,0,8,0,13,0,16,25,0,18,0,24,0,0,3,9,2,0,0,0,0,19,6,25,0,4,13,17,18,24,0,0,15,0,8,0,21,0,0,20,15,8,22,0,10,24,17,1,0,2,3,5,21,7,9,6,0,0,12,14,11,23,0,24,0,0,10,5,6,0,7,25,0,8,16,0,0,12,0,23,0,14,0,0,0,0,0,17,0,11,13,22,0,0,0,0,9,23,21,14,0,0,0,0,25,4,3,0,0,0,19,0,2,23,0,3,24,0,12,0,14,0,18,0,0,8,6,7,0,0,0,15,11,0,17,16,9,0,20,16,19,0,21,24,15,23,18,0,0,5,1,2,6,13,4,0,0,0,25,0,10,8,14,0,22,8,17,10,7,0,0,0,21,9,0,19,20,23,12,18,16,24,0,15,2,0,3,0,0,5,4,0,0,0,1,2,0,12,0,25,15,7,19,0,8,0,10,21,14,0,0,18,12,21,15,10,0,0,11,9,19,0,16,13,17,23,0,0,0,0,14,0,7,24,0,0,4,21,10,23,0,0,6,0,4,0,0,9,14,19,0,24,0,17,12,11,0,0,1,0,25,0,8,0,0,0,25,0,0,0,0,23,3,2,1,5,0,0,6,7,21,4,20,0,0,0,12,0,15,0,0,20,11,0,25,9,0,13,0,22,10,0,3,5,2,1,0,0,0,0,0,7,0,6,4,0,0,1,5,20,3,2,8,12,23,25,0,0,0,14,0,0,18,0,19,15,17,3,0,0,2,5,0,8,24,22,0,4,7,6,16,0,0,0,20,19,0,0,23,0,21,14
0,6,4,2,1,0,0,0,18,8,7,13,3,0,10,0,17,14,0,22,11,0,0,24,12,22,14,0,0,16,7,5,3,6,21,0,24,0,20,0,0,1,8,25,4,0,0,18,0,15,0,13,9,7,3,24,0,25,0,0,0,0,0,6,0,20,23,18,0,0,2,0,0,4,0,0,0,20,17,23,0,10,0,0,4,25,11,0,21,0,0,12,0,19,24,7,6,0,16,0,10,0,0,25,0,12,15,16,0,17,2,4,1,18,19,7,3,0,0,11,0,9,0,22,0,0,12,0,15,14,18,0,0,0,20,8,10,0,7,6,0,24,23,0,25,0,0,1,0,4,23,0,0,24,0,8,6,0,7,10,13,0,14,12,11,0,4,0,1,0,18,17,16,20,19,0,7,0,10,0,3,1,4,0,5,0,0,19,0,16,13,14,0,0,15,22,0,24,0,21,0,17,18,20,19,23,0,22,0,25,0,0,4,0,0,8,9,7,0,10,13,12,11,15,0,0,0,0,0,4,0,11,0,12,15,23,0,24,0,0,18,19,0,0,0,0,0,0,0,9,13,0,0,0,22,20,8,11,9,0,0,2,0,1,3,24,7,0,4,0,21,15,0,12,18,24,0,0,0,7,16,3,0,1,2,22,19,11,10,0,14,0,20,18,0,0,5,0,0,0,0,0,10,0,0,0,13,12,22,0,20,0,0,15,5,0,11,0,9,0,0,1,0,2,24,0,0,11,0,0,10,4,0,0,6,0,0,12,0,18,0,13,1,0,2,25,22,0,0,0,0,1,0,14,0,0,0,24,15,23,0,6,0,0,0,25,22,10,0,12,0,0,0,11,0,2,5,0,3,15,19,0,0,0,0,0,0,6,4,0,11,0,24,12,0,17,0,0,0,25,0,25,23,8,21,1,2,0,20,3,24,0,0,0,0,22,0,15,17,0,6,4,0,9,0,0,10,0,0,18,11,0,21,0,9,0,3,5,0,2,6,8,4,0,0,15,24,0,0,20,14,0,0,9,24,6,7,0,4,0,0,18,0,8,0,0,5,0,2,0,10,0,22,0,16,7,16,6,4,0,17,12,0,24,22,19,0,15,25,20,0,10,21,14,13,0,0,2,0,0,8,0,16,22,17,0,25,6,11,0,15,12,20,14,0,4,0,3,13,0,24,0,0,18,10,20,0,15,0,0,4,0,2,3,0,0,8,22,16,13,0,0,0,0,18,5,14,23,7,6,18,0,2,0,5,22,17,13,0,24,6,21,0,19,9,12,0,0,23,14,0,0,0,0,8,25,4,7,6,0,0,19,0,0,12,5,17,18,11,0,10,0,22,0,8,16,3,0,0,2,0,0,0,0,0,15,0,0,8,16,0,0,2,0,25,5,6,19,20,7,12,11,0,0,22
4,0,0,7,13,20,0,14,19,9,1,3,25,0,0,23,0,0,16,10,0,8,12,17,18,24,0,8,12,22,16,11,7,6,0,23,13,21,0,0,0,0,0,0,0,19,0,0,0,0,20,1,0,2,3,0,21,12,23,0,0,19,0,18,17,4,9,7,11,6,0,0,0,0,0,0,0,0,14,0,10,18,0,22,13,6,0,4,8,0,24,19,12,20,0,0,0,2,5,0,16,0,10,0,0,5,15,0,0,3,11,0,0,20,12,0,8,0,25,0,21,4,0,6,0,3,0,2,0,0,11,0,20,0,19,0,0,0,0,0,0,0,23,0,0,0,16,13,22,0,10,22,0,0,0,3,0,0,0,0,12,14,0,0,23,20,25,15,8,0,6,19,9,0,21,23,0,0,19,0,4,0,0,7,6,10,0,22,0,21,3,0,9,0,16,0,11,24,18,17,8,0,18,0,16,24,0,21,14,23,5,7,0,0,20,0,17,13,0,12,4,3,0,0,1,11,0,6,0,0,0,0,8,16,0,4,1,0,2,13,19,0,0,10,0,0,0,0,0,12,21,23,0,24,0,17,19,16,18,0,0,0,7,9,6,0,15,0,14,13,3,2,1,0,5,0,8,9,0,10,0,25,23,0,24,0,5,2,4,0,17,20,0,0,18,13,0,0,14,15,17,18,0,16,20,12,14,11,0,0,0,0,23,24,0,0,5,0,0,0,8,0,6,9,10,0,3,4,0,0,0,0,6,8,10,13,15,12,14,11,25,0,0,0,22,18,17,0,19,20,0,0,0,0,15,0,0,1,3,5,18,20,0,0,0,0,0,6,0,8,23,0,21,0,25,13,12,16,15,0,21,0,0,0,0,7,11,6,3,0,9,22,20,23,0,2,18,0,1,0,14,2,0,0,0,18,23,0,0,0,0,0,13,12,0,0,0,5,0,7,25,0,22,8,11,0,24,25,22,11,13,3,0,9,7,20,0,18,0,0,0,0,0,0,2,0,0,15,16,14,0,0,0,0,0,0,16,0,12,11,2,4,8,1,0,0,0,18,15,19,9,20,17,0,24,0,0,0,20,8,6,1,0,0,2,0,22,14,0,15,0,24,25,0,11,0,5,0,3,0,9,0,11,8,0,23,0,0,17,16,24,6,5,7,0,0,12,10,18,0,14,1,3,0,2,15,21,0,0,0,1,2,0,5,14,25,12,0,22,8,16,11,19,7,20,17,9,4,0,6,0,25,12,0,14,8,6,0,10,0,0,17,0,0,9,0,2,0,0,0,0,0,5,0,7,0,16,17,3,2,15,7,24,25,12,14,23,20,0,18,5,0,4,0,9,0,0,8,0,19,0,10,7,0,0,19,0,9,11,21,0,2,1,0,0,0,14,8,0,25,16,24,0,12,0
11,14,15,0,12,9,7,0,0,0,1,5,0,2,4,17,18,20,19,16,25,21,0,24,0,1,0,5,0,0,24,0,0,25,0,0,10,8,0,0,12,13,15,14,11,20,17,0,16,0,0,21,0,22,0,14,12,13,15,11,16,20,18,17,19,7,0,0,9,6,0,2,3,0,0,0,9,10,0,7,19,0,0,0,16,21,25,0,22,0,2,3,5,4,0,15,0,0,11,14,16,19,20,18,17,0,0,3,0,1,0,15,13,0,14,0,0,0,0,23,0,0,8,6,9,2,5,0,1,18,10,21,23,0,14,20,9,19,0,0,16,6,4,0,0,0,24,17,0,0,22,16,21,0,0,5,25,0,3,2,12,18,11,0,17,0,0,9,24,14,13,4,6,0,0,7,11,0,6,0,0,0,22,0,17,14,16,24,13,0,25,23,8,21,12,3,0,0,0,5,0,20,19,15,24,8,4,0,16,7,2,3,0,0,5,10,22,13,18,17,0,25,11,14,21,0,0,8,0,13,20,24,11,9,0,0,22,21,4,6,5,0,3,15,2,18,16,0,0,0,23,6,0,5,0,25,0,0,18,0,0,8,10,16,22,11,0,19,12,0,1,0,4,21,2,15,0,25,4,20,16,11,12,14,23,9,21,0,19,7,3,2,1,5,18,0,10,22,17,0,21,10,18,0,0,2,3,0,1,13,23,0,0,14,0,9,16,22,17,8,0,11,0,0,0,13,22,17,12,0,0,19,5,0,20,25,1,4,3,2,0,0,0,10,0,16,8,15,0,18,9,2,0,16,3,0,0,0,8,0,24,17,0,11,18,4,7,6,13,25,0,23,14,0,20,25,12,24,11,0,17,0,0,22,15,0,0,0,5,3,0,0,2,1,0,8,0,0,20,23,20,23,22,0,0,0,6,7,0,5,19,4,2,18,1,0,24,25,0,0,0,13,0,15,0,0,0,13,0,0,0,8,0,0,0,17,0,0,20,23,14,12,11,16,22,21,6,0,5,3,17,1,0,0,0,0,18,20,0,0,0,14,0,6,16,13,9,0,0,5,11,19,24,22,25,5,0,16,7,0,12,0,0,24,19,0,11,0,21,0,0,20,17,23,0,4,14,0,0,1,0,0,0,23,1,0,16,19,17,9,5,7,20,15,21,8,10,0,0,4,14,22,25,0,0,19,7,0,20,0,22,0,25,12,8,4,6,17,0,0,0,5,14,2,0,23,15,0,18,24,10,18,0,21,0,7,5,0,0,4,3,2,14,0,0,23,17,0,0,13,19,0,0,8,0,8,0,14,25,0,0,1,15,2,0,0,0,16,0,12,19,0,21,20,9,0,5,10,0,7,4,13,6,0,0,21,20,14,23,18,8,0,0,10,11,0,25,12,0,24,0,0,0,0,17
7,0,19,6,0,8,15,0,20,4,1,0,0,0,2,0,13,17,10,22,0,23,11,16,14,0,12,0,15,23,10,21,18,0,24,0,17,9,8,0,7,0,25,0,5,0,0,3,2,0,18,0,11,0,24,0,9,0,3,0,6,0,4,25,0,0,20,0,23,14,0,21,22,0,8,22,0,0,0,13,0,0,0,0,5,0,12,11,0,0,1,0,21,3,0,0,24,9,0,18,2,0,0,0,0,22,13,17,0,12,0,10,0,21,0,16,0,0,0,15,5,0,19,6,7,0,0,5,7,0,12,0,0,21,0,0,1,0,19,4,8,23,0,18,9,0,15,0,0,22,1,4,18,0,0,23,20,22,0,14,25,0,21,0,24,17,0,0,13,0,7,0,0,3,11,16,0,6,0,15,1,0,0,0,0,7,3,13,0,0,11,0,0,19,24,20,0,0,23,0,23,0,20,9,0,15,0,0,10,0,0,16,14,22,12,21,3,0,0,7,0,0,8,1,0,0,0,0,25,0,3,5,16,0,7,17,23,0,15,20,4,0,10,0,2,9,0,13,12,0,10,16,0,24,14,11,0,0,0,0,0,0,0,0,0,3,5,0,20,1,22,17,15,0,0,6,22,0,21,7,0,0,8,13,17,3,15,0,0,0,18,0,0,0,0,0,0,24,0,0,17,0,0,11,0,16,0,21,23,10,9,24,20,14,19,13,15,0,0,6,1,2,25,5,3,5,3,23,1,0,0,0,0,0,15,13,18,10,17,22,0,21,0,0,0,6,0,4,8,16,0,0,25,19,0,0,2,3,0,1,4,11,0,0,6,22,8,12,0,0,23,14,21,0,13,0,25,0,0,21,9,6,10,0,8,5,4,2,1,0,0,0,11,0,0,18,16,0,19,20,9,10,7,8,6,0,1,5,0,3,0,14,0,11,13,20,0,16,17,18,0,0,23,24,0,19,20,17,0,16,21,24,0,25,22,0,0,0,0,0,0,4,1,2,0,0,0,12,14,0,4,0,0,3,0,14,11,15,0,13,0,0,17,16,0,25,0,24,0,0,8,0,0,0,0,14,0,0,13,11,0,16,0,0,0,0,0,22,23,21,10,9,0,0,8,0,1,2,4,5,12,23,24,16,0,0,8,14,22,0,21,20,19,9,0,0,7,4,5,10,0,0,0,13,0,11,19,10,0,8,0,4,0,0,9,0,7,15,0,25,2,17,0,1,16,14,18,0,21,0,13,6,9,0,0,7,19,11,0,0,14,2,1,0,5,0,24,18,15,0,25,8,10,22,12,21,7,15,20,0,24,0,0,0,23,0,6,0,4,10,0,0,0,22,25,0,9,0,0,17,25,2,1,14,3,0,10,12,0,0,0,22,0,13,17,19,0,8,9,20,0,0,0,7,6
0,3,5,0,2,13,6,4,9,0,0,23,0,21,15,0,0,19,11,7,0,0,10,8,22,0,0,10,18,6,21,7,5,0,0,0,14,0,25,0,23,1,3,2,24,19,0,0,0,0,0,0,0,21,0,12,23,18,0,16,0,6,7,10,5,25,0,0,14,17,15,2,1,0,13,23,13,17,16,22,25,2,0,1,14,8,0,11,20,9,21,0,10,0,18,0,0,5,0,0,15,0,0,0,0,11,19,8,0,22,3,2,0,0,1,0,5,0,0,0,14,23,0,18,0,0,12,23,8,0,10,16,14,0,24,2,3,5,1,20,6,4,7,9,11,22,19,15,17,0,5,2,1,0,15,6,22,7,4,21,0,0,10,0,0,17,13,0,8,25,11,0,0,12,0,20,0,19,9,24,17,0,12,0,11,7,13,15,6,4,0,23,22,21,16,1,3,0,2,5,10,17,22,0,18,0,0,2,0,1,14,0,0,11,25,15,24,0,0,20,6,0,0,7,8,16,0,6,4,0,0,0,20,25,19,12,22,0,0,0,0,18,2,3,5,23,13,21,14,0,11,0,0,0,12,22,8,0,0,10,21,1,0,4,0,5,14,23,7,6,17,0,0,0,25,24,0,0,23,10,0,0,25,3,4,9,16,18,0,0,12,11,0,17,22,5,0,0,0,0,4,0,7,0,13,18,0,24,11,5,0,0,20,14,23,16,3,0,1,0,10,8,22,21,0,0,0,2,1,5,7,0,9,19,6,17,24,13,22,0,4,0,15,25,8,0,14,11,23,16,9,0,16,0,17,0,0,23,14,0,25,7,6,0,11,24,0,21,0,10,4,0,3,13,0,12,0,0,0,0,0,10,0,7,8,16,0,19,18,17,0,0,1,0,0,21,25,0,0,24,2,1,3,0,4,24,0,0,0,0,0,15,14,0,0,8,0,6,0,9,0,20,0,0,19,22,23,0,24,25,14,0,11,0,13,6,0,0,0,7,18,17,16,20,19,3,0,0,0,4,0,16,18,0,19,0,5,1,2,3,24,0,0,23,21,13,0,11,15,0,0,10,0,0,9,7,0,8,0,9,19,20,16,17,18,1,0,4,3,2,22,25,24,0,21,13,15,0,0,14,14,0,12,0,0,0,24,17,0,0,0,0,0,0,6,19,0,18,13,15,2,4,0,0,1,18,0,20,17,0,8,11,22,21,25,10,4,1,2,14,7,6,5,16,3,0,0,13,0,0,21,10,24,25,8,1,4,19,0,2,15,17,16,12,0,0,9,20,22,0,7,0,0,5,3,6,19,0,0,1,3,0,10,5,7,0,0,23,9,0,11,21,25,24,12,0,22,14,15,17,0,0,9,7,3,0,14,0,0,0,0,0,0,24,19,2,8,17,4,1,20,0,18,0,23
5,0,11,6,0,0,12,0,13,16,20,22,14,9,0,0,0,19,0,1,10,0,24,0,8,10,0,21,0,20,0,24,11,0,25,17,0,2,8,1,0,14,15,0,0,5,7,0,13,0,19,12,0,0,9,0,0,4,14,1,0,16,0,6,0,0,0,22,21,8,15,0,20,18,23,25,1,0,0,2,0,0,0,6,3,18,0,19,10,15,0,24,0,20,0,0,11,12,0,16,15,0,22,14,16,0,0,0,0,23,0,24,11,0,0,7,0,0,0,0,19,0,4,6,0,24,0,18,0,0,21,0,1,0,2,23,7,0,14,0,10,0,0,16,22,0,0,0,11,12,23,0,14,11,0,0,0,0,10,13,0,25,0,0,8,0,21,0,19,0,18,0,2,0,0,0,6,0,19,0,9,0,16,8,18,0,17,0,11,22,4,0,0,3,0,21,23,14,0,0,21,15,8,22,10,19,14,0,23,0,9,0,0,0,0,5,17,24,0,18,0,0,7,4,0,0,2,1,3,4,25,0,0,0,0,21,18,24,19,0,0,0,0,14,20,8,0,0,0,0,0,7,6,5,0,0,20,19,0,11,10,12,21,15,18,14,2,3,1,25,0,0,0,23,0,3,13,0,0,0,4,0,6,5,0,8,14,0,22,0,0,23,18,24,0,0,0,11,19,20,8,22,12,0,25,0,21,0,15,24,0,0,20,16,7,0,0,4,9,13,0,0,0,0,0,18,21,23,0,14,3,16,0,1,17,0,0,0,5,0,0,19,8,10,11,0,12,25,15,0,9,0,0,0,0,13,25,14,22,12,3,2,23,1,24,0,7,0,0,21,0,18,10,0,6,17,0,0,0,0,0,0,0,0,5,0,0,6,0,0,0,0,14,13,10,0,0,0,25,0,0,5,3,0,1,7,6,0,4,15,0,21,0,23,16,0,0,12,8,0,14,9,19,20,24,0,0,16,0,6,0,11,9,0,21,12,0,15,0,0,1,3,2,0,0,0,13,0,10,18,12,0,0,24,0,23,19,0,16,0,0,0,17,13,25,21,22,7,4,6,2,0,0,5,15,0,0,0,0,23,12,17,0,24,0,0,0,1,18,5,0,0,20,0,15,7,4,0,0,0,1,0,5,0,3,6,0,10,7,9,16,0,18,0,19,13,15,0,12,14,0,0,21,22,0,11,14,15,12,13,0,3,5,2,0,24,23,0,0,21,18,20,0,17,0,6,10,0,7,0,22,24,0,23,0,0,18,0,0,19,1,0,0,2,0,8,0,0,7,9,0,15,13,12,0,6,0,10,0,0,24,0,0,0,22,11,15,13,0,14,0,0,1,0,4,16,20,18,17,0,16,0,20,0,0,0,0,15,12,0,0,0,8,7,9,0,25,21,22,24,0,5,3,2,4
10,0,0,6,9,0,18,17,0,0,5,1,3,4,2,0,23,0,21,0,0,0,0,0,14,0,3,2,1,4,25,0,22,21,0,0,11,13,14,12,6,10,8,9,0,16,0,0,18,19,24,21,0,23,0,0,0,0,0,14,0,6,8,9,7,0,20,18,19,0,1,0,5,3,0,15,13,0,11,14,10,8,7,0,9,20,0,18,0,17,0,5,0,4,2,22,0,25,21,0,20,18,17,0,19,5,0,2,0,4,25,24,0,0,21,11,15,0,0,12,6,0,10,8,0,25,24,21,10,0,4,0,18,19,0,17,15,12,16,0,0,0,14,0,9,5,6,0,7,0,0,4,0,0,0,13,7,5,10,3,8,20,0,0,0,25,24,11,0,21,15,0,0,0,0,0,0,0,5,3,0,12,0,15,0,11,0,24,25,0,17,4,2,0,8,10,0,0,20,0,0,20,18,0,23,11,0,21,0,0,4,10,0,1,14,5,0,7,3,0,19,0,24,0,12,0,0,14,22,16,0,0,20,17,23,21,5,7,0,6,18,13,19,0,0,0,8,0,2,0,9,19,20,14,0,18,0,8,12,17,0,0,6,15,4,0,21,10,16,23,0,25,3,0,5,13,0,10,17,18,0,0,23,0,0,0,14,0,0,0,12,19,0,20,24,7,4,16,0,8,3,1,5,0,15,22,0,4,7,0,18,23,19,0,16,0,0,0,25,13,0,24,0,0,20,8,23,0,12,21,0,0,0,14,10,0,2,0,5,20,7,9,6,11,4,17,15,19,0,18,4,6,0,7,11,9,19,25,0,15,22,12,17,8,24,2,0,1,0,0,14,0,0,0,0,19,0,0,20,0,0,10,16,13,22,1,21,0,2,3,23,0,5,0,14,24,9,18,17,0,0,7,0,0,13,0,5,11,24,0,12,19,14,20,23,9,0,16,2,3,0,22,0,10,0,22,0,0,8,17,12,0,14,23,20,7,0,0,6,11,21,18,24,10,0,13,3,1,4,2,1,0,3,18,5,21,0,19,9,0,0,17,22,13,10,15,25,4,0,0,23,11,14,12,0,23,14,24,0,0,1,4,3,25,2,16,9,0,0,0,13,17,12,0,11,0,19,7,5,0,0,0,19,9,20,23,0,24,18,0,0,4,0,7,5,0,0,25,0,22,3,1,2,15,0,14,5,0,3,2,0,17,9,4,13,23,18,21,0,0,19,11,20,0,0,8,10,0,0,22,12,0,15,24,7,19,0,0,8,11,0,3,0,17,1,4,0,9,0,5,0,20,23,14,0,0,17,23,0,22,0,14,0,0,0,0,8,20,11,9,10,0,0,0,15,4,0,6,24,7,18,10,0,4,6,0,20,0,5,21,14,0,25,0,22,3,0,23,24,1,9,16,17,0,11
15,13,0,0,14,0,0,20,0,0,9,0,8,0,6,25,0,0,21,24,5,0,0,4,1,20,18,17,16,0,24,22,0,25,21,0,0,3,5,1,0,0,7,0,0,15,13,12,14,11,5,0,0,1,0,11,13,15,12,14,22,21,23,25,24,19,16,17,18,20,0,8,7,9,6,25,23,0,21,24,0,0,0,0,0,0,12,0,15,11,4,0,2,3,5,0,18,17,0,0,0,0,0,6,9,1,3,0,2,0,0,0,18,20,0,14,0,12,0,0,0,0,23,24,0,0,0,0,0,0,15,0,0,0,8,13,10,22,0,17,5,0,0,0,0,0,12,0,16,0,12,0,14,23,0,0,24,0,19,10,0,11,5,7,25,0,0,0,0,22,1,4,3,0,13,8,0,16,0,22,23,0,0,14,6,2,3,4,1,21,0,20,0,0,0,18,0,0,0,0,17,0,11,24,18,9,16,1,3,0,0,23,14,12,19,13,25,0,7,6,0,10,22,0,21,0,4,0,25,2,13,12,17,11,22,18,8,15,16,0,0,0,24,0,23,7,5,19,0,20,0,0,1,0,0,0,21,12,0,18,11,9,20,19,8,0,13,23,17,0,6,0,5,0,4,0,20,0,5,0,0,23,2,0,24,12,22,25,14,13,6,4,0,10,18,17,0,0,11,0,19,0,0,8,11,0,0,0,0,13,17,0,0,0,0,0,24,15,25,12,23,14,20,21,18,0,16,24,0,0,0,25,14,22,17,7,5,0,0,4,20,0,0,0,0,2,0,1,0,3,6,17,9,4,13,0,0,0,0,7,24,15,0,0,18,2,3,1,0,14,12,0,0,22,8,13,0,0,10,3,25,0,24,0,0,0,18,0,8,20,1,19,6,4,0,22,16,14,0,15,0,0,20,17,23,18,19,0,10,15,0,6,7,21,0,0,22,14,12,0,4,2,8,1,25,11,25,21,0,0,0,7,16,6,3,1,14,0,4,0,0,15,0,0,0,24,9,13,12,19,4,0,18,19,1,0,14,0,9,0,0,13,12,17,15,8,10,21,24,25,11,0,6,3,5,14,12,0,0,0,17,0,4,0,0,25,0,24,0,22,0,0,0,9,7,0,20,0,23,10,9,19,0,0,15,2,1,0,18,0,8,24,17,22,0,11,0,0,0,4,0,23,21,0,0,18,11,8,12,17,22,0,21,0,16,15,0,0,0,0,24,0,0,0,9,0,1,0,0,2,22,0,0,7,0,14,0,8,13,0,0,0,19,0,23,15,2,5,1,0,0,11,24,20,0,16,24,0,0,10,0,0,9,4,11,0,20,1,3,0,21,0,0,23,0,0,22,0,18,17,3,1,0,0,5,0,15,19,0,20,21,25,0,9,14,0,0,10,22,0,0,0,0,0,7
22,14,0,0,16,0,0,19,6,0,25,21,12,24,11,23,9,0,0,0,0,0,3,13,7,21,18,23,0,20,7,0,0,13,3,17,8,0,0,2,25,24,0,22,0,6,15,0,14,12,11,6,3,0,7,0,24,10,21,8,20,9,23,0,14,16,12,13,0,0,0,19,1,4,0,4,8,0,0,2,0,12,0,0,16,0,0,15,13,19,3,0,0,5,0,20,0,0,0,0,0,13,0,19,0,17,20,15,0,23,0,0,3,16,7,1,2,0,0,4,21,0,8,11,25,0,7,9,6,0,0,0,16,17,19,11,12,14,0,0,22,0,21,0,25,2,0,4,0,3,0,0,0,1,3,0,21,0,0,25,16,17,19,0,18,9,8,0,6,10,12,0,14,15,0,20,0,19,0,18,5,0,1,2,0,6,0,9,10,0,14,13,0,11,15,0,21,0,25,23,0,0,0,0,0,0,13,0,0,0,0,2,0,5,0,19,0,17,16,0,7,6,9,0,8,15,12,14,0,0,10,0,6,0,9,24,0,21,0,22,4,0,0,0,0,17,16,0,0,18,17,0,0,0,19,18,10,4,8,6,0,1,24,0,23,12,25,0,0,14,15,0,0,7,20,0,5,7,4,24,0,0,13,23,0,10,15,18,12,0,11,0,0,8,0,1,0,25,0,14,2,0,13,3,15,0,0,0,19,0,0,0,17,14,0,0,10,5,0,6,24,0,0,0,16,0,10,0,8,25,14,5,0,1,0,19,16,7,11,0,0,0,15,0,0,9,4,13,0,17,0,20,21,0,14,12,25,24,15,0,0,5,0,0,0,0,16,0,3,0,10,8,0,19,22,13,0,0,14,23,4,6,0,16,0,2,18,0,3,1,8,17,24,0,0,25,20,15,9,0,19,0,18,17,22,0,23,0,25,21,7,0,0,9,6,0,0,20,0,3,13,14,0,16,24,16,4,8,0,0,13,22,17,10,0,12,24,20,19,15,0,11,25,0,9,23,0,0,3,0,0,24,20,0,11,3,1,0,0,15,0,13,25,0,0,0,0,16,0,0,4,7,0,0,0,0,0,0,0,1,0,0,0,20,0,22,0,0,21,10,15,0,4,0,0,8,0,17,0,0,1,3,0,13,4,22,16,8,9,0,21,0,10,0,24,0,0,11,25,7,0,23,0,12,15,18,9,0,24,0,19,15,0,11,0,0,14,6,0,5,2,4,0,21,1,16,13,22,0,10,14,11,0,0,12,1,2,18,0,0,15,20,8,0,4,13,22,0,0,0,19,0,0,0,0,7,19,6,20,0,0,14,21,24,10,13,0,0,0,12,18,0,8,0,0,0,0,0,1,0,8,22,15,21,0,6,7,0,4,13,9,3,2,1,0,0,14,23,0,0,0,0,18,0,5
8,0,0,9,10,0,4,0,0,0,20,0,0,16,18,0,0,12,14,0,24,23,25,0,21,0,1,2,4,5,13,14,11,12,15,0,21,0,24,22,0,18,17,0,0,10,6,9,0,8,13,11,0,14,0,0,19,0,17,20,10,9,0,6,8,21,0,0,24,25,0,1,0,2,3,0,24,0,0,25,8,9,0,0,10,15,0,12,11,0,1,0,2,4,0,20,0,19,17,0,0,16,17,0,20,21,0,22,23,0,5,4,2,1,3,0,8,0,0,0,0,11,14,12,13,0,2,20,5,0,22,18,17,0,0,9,0,4,0,6,14,0,13,0,0,8,0,21,0,0,6,7,4,0,13,1,5,2,25,3,21,16,23,22,10,0,0,0,17,18,9,14,24,20,0,19,23,16,10,0,11,20,12,0,9,0,0,13,0,17,0,21,4,0,22,3,2,0,5,1,17,12,24,8,22,0,0,14,0,13,3,5,18,2,1,20,0,25,15,9,0,7,11,0,6,11,14,0,21,0,6,0,0,0,0,0,20,0,12,15,2,1,0,5,3,13,17,0,10,0,0,0,13,0,17,0,3,0,6,11,22,23,9,0,14,19,2,18,1,4,25,10,8,21,24,0,20,0,23,8,0,17,0,0,22,24,12,0,25,0,0,0,0,3,13,2,0,0,0,4,0,5,6,3,21,0,1,25,8,0,13,0,0,18,19,17,9,20,0,0,11,22,16,14,12,0,22,0,25,11,20,23,0,18,0,4,1,8,17,0,15,12,0,0,14,0,5,3,13,9,0,0,0,1,4,0,12,19,0,24,16,0,6,0,7,22,0,0,0,11,17,15,23,18,20,25,0,0,0,0,19,0,9,0,0,2,24,1,0,23,0,20,15,21,0,18,0,0,8,0,21,18,15,24,23,25,22,0,0,12,11,7,16,19,20,0,17,9,0,6,0,3,0,1,0,20,8,9,11,19,24,7,0,5,6,12,0,15,0,21,3,0,1,25,0,0,13,0,0,0,16,3,0,17,2,14,0,18,0,0,0,13,5,0,0,8,22,10,11,19,0,24,0,15,25,10,4,5,7,6,0,13,0,1,0,0,17,0,8,25,0,0,24,12,0,0,9,20,0,11,22,17,10,0,0,0,16,23,11,14,0,0,20,15,0,0,6,19,7,21,1,18,5,0,0,4,21,3,2,0,17,25,24,0,0,0,6,14,23,5,13,0,0,22,0,0,0,0,11,15,5,25,11,6,7,4,2,13,0,1,18,10,0,21,0,23,15,14,20,0,0,8,0,9,16,0,9,8,0,16,0,6,20,19,0,17,22,11,0,0,25,4,3,2,1,0,0,10,0,0,0,0,23,0,0,10,0,21,0,0,1,2,0,9,0,0,0,0,0,0,6,25,0,4,0
0,4,2,1,0,0,25,7,11,6,23,0,0,14,0,0,0,0,0,19,0,0,8,0,0,20,5,0,0,19,15,9,16,8,18,0,2,0,3,0,0,22,13,12,11,24,0,0,0,0,24,17,0,0,9,4,0,0,3,2,0,0,10,16,0,0,0,0,5,0,11,15,20,0,0,21,0,0,8,0,14,19,12,0,20,24,18,5,0,17,0,0,0,16,0,4,0,25,13,0,0,12,0,0,11,22,17,24,0,0,0,7,6,19,0,0,8,15,4,0,0,2,0,0,0,9,19,0,17,16,25,13,14,22,0,0,21,20,0,0,2,24,3,23,0,0,0,0,0,0,3,0,13,2,1,0,4,6,5,0,0,0,16,0,23,0,17,8,25,0,19,11,9,20,21,0,14,0,23,0,16,0,0,0,17,0,0,0,10,0,6,13,0,0,5,15,25,0,0,0,4,24,7,6,5,0,8,19,0,0,0,0,14,1,2,12,18,0,21,15,23,17,0,0,16,0,0,22,12,0,21,18,23,15,24,4,13,17,9,6,0,0,19,0,0,0,5,3,0,0,0,0,12,0,0,0,10,0,14,0,22,8,0,21,11,16,3,5,0,6,0,20,0,23,17,15,0,17,22,14,9,0,8,18,23,10,3,0,5,0,24,0,25,11,21,6,0,0,0,0,10,20,23,0,0,0,22,11,0,0,15,16,12,0,14,4,0,17,2,8,13,0,5,0,7,25,0,0,4,8,7,0,21,0,3,17,0,9,0,24,13,0,0,19,10,14,12,0,16,0,0,0,0,0,0,12,0,0,13,0,19,1,2,18,4,0,0,20,14,9,0,0,10,8,0,6,0,0,10,0,23,24,25,0,22,0,4,0,2,5,0,14,0,13,0,17,18,16,19,0,0,0,19,20,0,0,11,0,12,0,21,24,0,22,0,0,9,6,8,7,0,3,1,4,5,11,13,14,15,12,3,0,0,0,0,16,19,0,17,0,23,21,24,0,25,7,8,6,9,10,0,3,0,5,2,0,0,0,7,9,0,0,0,0,0,20,19,16,18,17,22,21,23,0,24,0,21,0,25,23,0,16,0,17,19,6,9,8,7,0,0,4,0,3,2,12,13,11,0,15,0,1,5,0,0,0,7,0,4,15,12,17,0,8,0,0,0,0,0,23,20,0,14,24,0,14,0,0,0,0,17,12,0,24,0,20,15,0,25,9,3,0,0,1,18,0,0,0,11,0,17,0,0,19,15,1,0,3,0,5,0,0,24,13,16,9,11,0,6,4,25,0,0,0,0,0,0,20,0,24,19,0,18,16,0,7,6,21,0,22,0,25,0,17,13,5,1,0,0,0,0,6,8,16,4,0,0,0,0,21,0,5,1,23,0,0,20,0,15,24,0,0,17,0,13
5,1,2,0,18,10,0,24,0,0,8,0,20,15,4,0,12,23,11,14,19,7,0,0,0,17,0,16,9,8,11,6,0,0,0,10,18,19,21,0,2,4,0,3,1,0,0,23,12,15,0,0,7,4,0,23,20,12,0,14,2,1,0,9,0,0,10,0,22,0,11,0,0,17,5,0,19,0,11,20,3,0,1,0,4,6,0,0,23,5,25,0,24,9,18,16,0,13,0,10,10,23,14,0,0,0,0,0,9,0,0,0,11,13,12,6,0,0,0,0,3,0,25,0,4,21,8,23,25,12,0,5,3,0,0,11,9,4,0,0,0,0,0,15,0,0,10,0,16,24,11,4,6,16,7,24,8,22,12,0,0,0,0,2,1,10,23,14,0,13,25,0,20,9,19,24,9,19,0,14,4,0,0,7,6,0,0,23,0,10,5,1,0,0,3,0,0,12,0,0,18,0,22,10,17,0,0,0,14,11,20,19,0,0,15,0,0,7,4,16,23,5,0,3,0,15,3,1,0,0,16,10,0,23,0,0,8,0,0,17,0,0,0,0,9,4,0,0,0,0,0,0,17,23,13,0,0,19,8,20,0,0,0,10,21,7,0,0,0,0,0,0,3,2,14,2,14,5,0,3,15,0,0,18,0,0,0,16,19,20,22,25,0,10,12,9,13,0,0,17,20,0,11,19,9,5,7,0,0,10,0,14,22,8,25,13,0,3,1,2,0,12,0,23,16,0,0,25,15,24,1,0,2,3,0,13,6,5,4,0,21,14,0,20,23,10,0,0,0,0,6,0,10,8,4,22,12,14,0,25,24,0,1,3,23,11,0,9,16,17,15,21,0,0,0,8,0,0,21,10,13,16,0,15,0,23,0,9,0,0,0,7,5,6,0,18,0,19,0,0,23,0,0,18,15,0,0,0,10,2,3,16,6,5,7,0,0,19,13,24,21,8,0,0,0,16,11,0,14,22,0,3,21,0,0,15,0,10,0,0,0,2,25,8,4,0,23,17,0,9,1,2,4,6,19,18,0,0,20,9,0,24,0,25,11,17,16,15,0,22,0,0,10,13,0,0,7,9,13,5,19,0,11,22,24,1,4,8,0,0,23,0,10,0,0,6,16,15,14,12,0,0,0,0,0,21,22,25,24,23,14,0,12,11,13,9,8,0,7,0,2,0,0,0,0,0,5,3,2,1,12,14,15,11,0,9,0,7,6,0,0,18,0,17,20,22,24,0,0,23,25,0,21,22,0,0,0,10,0,0,0,20,17,16,18,0,0,0,0,5,12,0,11,0,0,0,10,8,0,6,0,4,0,1,3,0,0,0,0,22,14,13,0,12,15,0,19,0,0,18,14,15,13,12,0,0,19,20,16,18,0,0,0,1,3,24,21,0,0,0,0,0,0,0,0
0,0,2,0,0,0,0,0,7,0,0,0,22,0,21,15,23,0,20,18,12,13,0,0,9,0,15,12,17,16,0,20,9,0,23,0,0,19,1,18,0,8,25,0,21,3,0,11,5,7,6,0,7,0,0,13,0,0,19,15,0,24,17,23,0,22,16,11,0,14,0,8,4,25,2,0,0,0,11,25,4,17,8,2,1,12,14,15,0,6,5,3,7,9,13,23,0,21,10,0,0,0,9,0,23,24,25,0,11,0,0,0,10,0,5,19,0,0,4,6,0,0,0,15,16,17,16,18,20,0,0,1,2,0,4,8,10,0,9,0,11,0,0,0,12,0,0,0,22,0,0,0,13,0,14,0,0,7,8,0,23,0,0,24,22,1,4,5,3,0,19,17,0,16,0,21,0,0,0,22,15,11,12,0,0,3,5,0,4,0,0,19,20,0,17,9,7,10,0,8,7,6,8,0,9,0,16,0,18,19,0,0,11,0,0,23,0,0,21,22,4,2,5,1,3,2,1,3,0,4,0,24,0,22,0,18,20,0,19,17,6,9,10,0,0,14,12,15,11,13,3,21,4,0,2,0,23,14,5,6,0,8,13,0,16,20,0,19,15,11,0,0,18,24,0,0,0,0,12,20,1,0,3,0,2,5,17,0,18,0,25,0,6,7,0,15,22,0,21,10,11,0,5,7,6,18,0,19,24,10,15,0,0,20,14,8,0,0,16,0,2,3,1,0,0,8,0,15,16,18,17,0,11,12,0,4,1,25,0,0,0,10,23,14,0,6,19,7,20,5,0,17,0,24,0,0,15,20,4,8,6,21,9,7,19,18,5,0,2,3,0,11,0,23,12,20,0,0,3,0,9,7,4,6,0,0,16,14,10,13,0,21,8,23,25,0,15,0,17,0,25,14,0,9,0,19,0,0,15,20,1,3,2,5,23,0,18,0,22,0,8,4,0,7,6,4,0,6,0,15,21,0,23,10,16,11,0,0,17,8,14,24,9,19,20,5,25,0,0,0,24,12,17,0,8,0,2,18,1,5,0,0,0,0,0,0,0,4,6,16,10,0,0,0,23,0,23,19,18,0,0,0,0,0,0,21,22,0,6,4,0,15,0,1,0,20,0,9,12,11,0,0,0,0,17,6,0,0,9,13,22,19,0,11,10,24,0,12,0,0,0,20,23,18,14,15,18,21,23,24,11,0,16,0,7,17,6,0,13,9,3,2,14,5,1,22,10,12,8,25,0,0,20,0,0,0,10,15,21,18,0,2,3,0,1,13,22,0,17,0,7,0,0,4,24,0,0,10,0,7,0,8,22,25,17,16,0,18,12,24,9,20,0,11,19,13,1,2,0,15,0,13,25,14,12,2,3,0,23,24,20,0,5,21,15,4,6,0,10,8,11,16,17,9,0
20,19,0,17,0,11,0,0,0,0,9,10,6,0,0,25,24,23,0,22,4,0,0,3,5,10,9,8,7,0,0,0,0,0,21,14,0,0,0,13,5,1,3,2,4,19,0,0,18,20,0,4,3,2,0,0,8,7,10,0,19,0,16,17,18,15,0,13,0,14,24,0,21,0,0,0,25,21,22,0,16,18,17,20,0,4,5,0,2,0,10,0,0,7,9,0,12,11,13,0,15,0,13,12,0,0,3,2,0,4,24,0,0,23,0,0,0,18,17,19,9,7,6,8,10,3,15,1,5,2,14,0,13,8,0,0,9,12,24,11,18,23,0,16,10,0,4,7,21,22,0,21,0,0,12,0,6,0,0,11,18,0,0,0,22,0,2,1,0,5,10,0,0,24,0,0,0,22,10,17,0,0,24,19,20,8,0,0,4,0,0,14,0,25,21,5,23,2,1,3,0,0,0,16,7,2,0,0,3,0,10,13,14,0,0,22,12,0,24,0,0,25,20,19,9,0,24,19,0,14,22,0,23,21,0,5,0,2,0,1,13,7,0,4,15,0,8,0,11,18,17,23,20,0,15,0,0,0,16,0,12,0,19,13,9,4,0,2,14,0,0,21,22,0,11,7,3,9,0,5,0,0,8,0,1,23,0,10,18,0,11,0,24,0,0,16,6,15,12,14,0,1,0,0,0,25,0,0,24,0,17,0,15,0,0,0,0,0,18,0,3,0,0,7,0,0,16,12,14,22,0,19,0,13,15,1,4,25,8,2,0,0,7,0,3,0,20,0,9,24,0,8,24,21,0,20,0,0,22,0,0,0,5,6,0,0,15,0,13,16,0,18,19,2,4,12,0,25,15,24,4,9,0,6,0,21,23,0,20,0,0,3,16,1,17,0,10,8,0,0,18,6,0,0,0,0,23,0,2,24,11,0,9,0,19,0,13,0,22,0,0,0,5,0,0,21,20,11,0,0,8,25,22,0,17,13,0,3,0,15,0,4,10,5,0,0,0,18,16,23,0,22,0,23,0,10,21,15,12,18,0,0,4,5,24,0,8,20,0,0,25,1,0,0,2,0,0,0,1,3,19,0,0,11,0,22,0,0,0,25,0,18,21,0,0,13,0,0,17,0,0,10,14,0,0,13,12,0,17,0,6,0,20,0,5,16,9,15,8,18,0,3,25,0,0,0,13,7,4,0,9,16,3,1,0,15,0,21,0,10,12,0,0,23,0,0,11,24,0,17,1,0,2,0,18,0,4,20,0,8,0,14,0,0,12,0,17,22,10,0,0,19,9,0,21,0,0,15,0,0,23,0,0,7,6,0,0,24,9,17,1,0,0,3,2,0,16,0,10,8,0,17,0,9,8,0,24,0,18,10,2,0,0,3,0,7,0,5,0,0,0,14,0,0,0
12,0,0,22,25,10,18,6,8,0,20,7,0,21,0,1,2,0,3,23,11,17,16,0,9,7,6,4,5,0,0,21,20,0,9,0,0,24,12,0,22,0,17,0,25,0,2,0,15,0,0,23,0,0,0,0,14,0,1,0,17,6,0,0,0,16,0,7,19,20,0,0,0,25,8,0,0,3,0,0,0,12,7,0,24,22,0,0,11,8,5,6,13,4,9,21,0,20,14,0,11,19,8,0,20,0,16,0,23,13,0,2,1,0,3,15,12,18,0,21,7,0,5,0,4,0,8,20,18,0,0,0,1,0,0,0,0,5,3,0,21,0,12,0,11,0,22,0,0,0,0,0,10,14,0,20,0,0,0,15,25,0,0,0,0,0,16,3,5,0,12,0,0,9,19,3,21,5,6,0,12,11,0,14,0,9,0,0,0,17,0,0,15,18,19,1,0,8,0,25,25,11,22,19,0,9,7,3,13,5,0,0,6,0,15,8,4,0,17,2,23,21,18,0,10,0,17,15,0,0,24,25,8,21,0,2,0,18,1,0,9,22,23,0,0,3,11,0,7,5,19,20,16,0,18,13,15,14,12,11,8,10,0,9,6,2,5,0,0,0,24,25,23,0,0,4,0,1,2,3,0,10,9,7,0,18,20,17,0,16,25,0,21,24,0,14,15,12,13,11,22,25,24,21,0,18,20,0,17,0,0,0,2,0,1,0,0,14,11,13,0,10,7,0,6,14,0,11,0,0,3,0,4,0,1,23,25,22,24,0,7,10,9,6,0,0,0,17,18,16,9,10,6,7,8,0,0,25,22,0,13,15,0,14,0,17,20,0,0,18,0,0,2,3,1,0,0,14,25,0,22,0,18,0,0,0,0,23,0,2,24,19,20,12,15,0,16,0,6,7,15,13,7,0,0,0,9,24,20,14,11,0,8,17,0,0,21,16,22,10,5,3,0,1,0,5,3,0,20,0,23,0,21,0,0,24,0,13,10,0,4,9,11,0,0,0,19,0,22,17,8,0,0,24,0,0,0,0,0,7,19,9,25,0,0,0,3,0,0,1,10,0,0,0,0,0,18,0,16,19,1,0,15,5,0,21,22,0,0,7,0,8,25,14,17,20,9,24,11,0,0,12,19,23,14,7,6,13,4,0,0,0,11,0,24,3,0,0,9,16,15,0,22,10,0,2,0,21,3,4,0,0,12,11,20,10,8,0,22,0,0,0,6,23,5,25,0,9,0,0,13,0,17,10,22,2,1,5,3,18,6,0,19,0,9,20,25,8,15,4,16,0,0,12,23,0,0,0,11,5,16,22,0,0,8,15,12,0,20,23,19,18,10,21,24,2,0,0,4,13,18,16,9,8,15,14,23,10,0,21,4,0,3,2,25,11,17,22,0,12,6,0,0,0,20
0,1,4,0,0,23,0,12,0,0,22,9,0,0,0,19,0,0,24,21,0,0,0,25,7,0,18,0,25,9,0,0,8,0,10,19,11,0,15,20,0,0,6,5,23,4,0,0,21,1,21,8,0,15,0,0,18,17,11,5,6,4,13,7,25,3,1,2,0,9,14,23,0,19,12,20,7,5,6,19,25,0,1,3,0,0,24,10,0,21,0,0,0,12,0,15,8,0,9,16,23,14,0,0,0,9,7,21,19,6,1,3,5,2,0,20,25,0,0,15,0,0,0,17,0,0,17,19,11,16,0,0,0,15,20,18,0,0,10,4,0,2,24,0,3,25,22,0,13,0,0,0,0,0,0,4,13,0,0,17,14,0,2,5,0,16,11,0,20,19,0,15,0,18,23,4,0,24,0,0,3,0,2,0,14,16,23,22,17,13,15,12,18,21,10,0,0,0,8,19,18,23,14,0,0,0,11,19,0,22,12,15,7,25,24,0,6,0,9,4,16,1,17,0,0,3,2,0,13,1,0,0,0,0,0,21,19,20,11,0,0,0,17,0,8,10,5,7,4,6,0,0,21,0,0,0,9,0,7,8,0,12,0,13,11,2,0,0,3,1,0,17,19,16,20,11,0,0,0,0,16,19,20,0,18,0,7,9,0,0,25,0,0,22,24,3,0,4,0,5,1,5,3,4,0,11,14,0,12,13,24,0,25,21,0,0,20,19,0,0,0,7,9,6,10,16,0,18,19,17,21,0,25,0,23,5,0,0,0,1,7,10,9,8,6,13,0,14,11,0,6,0,8,0,0,1,0,0,2,3,20,17,19,18,16,12,0,14,0,11,23,0,22,24,0,0,9,11,20,24,7,6,22,4,21,3,5,0,0,2,13,0,25,0,14,0,16,10,23,0,14,0,0,10,21,20,15,9,25,19,4,16,11,6,0,18,3,5,1,2,17,0,0,12,22,17,0,22,0,15,0,0,16,0,24,8,0,21,0,0,4,9,11,6,7,1,20,5,2,0,7,16,6,0,4,0,0,0,23,1,0,10,18,22,17,24,0,20,15,12,0,25,21,0,9,2,0,0,0,25,0,0,0,8,11,0,0,24,19,14,23,21,16,10,22,6,4,15,7,13,0,0,16,0,14,10,3,0,5,7,0,6,1,4,0,0,24,0,0,0,9,0,23,0,8,19,0,0,0,0,22,0,11,21,25,17,18,23,20,0,0,0,0,7,5,0,14,0,0,4,0,21,20,0,18,15,16,14,6,12,7,0,0,9,0,8,4,1,0,17,24,0,0,0,0,25,0,0,1,8,0,23,24,0,0,0,14,16,12,22,0,0,0,19,0,7,6,3,5,21,5,11,7,3,6,19,1,4,18,2,25,21,0,24,0,9,0,0,0,0,12,13,16,0,0
0,0,25,0,0,2,0,0,13,0,0,20,14,15,12,22,0,0,0,16,0,0,0,18,0,24,0,17,13,10,16,11,12,23,14,0,0,19,6,21,1,5,18,0,2,8,4,0,0,0,1,4,0,0,3,0,9,17,24,18,0,22,0,10,8,19,12,0,0,15,0,0,0,0,14,16,0,9,18,8,6,0,5,0,7,0,0,3,4,1,23,0,21,24,0,22,12,13,0,0,12,14,19,20,0,0,22,10,21,0,0,18,0,0,17,6,13,0,0,7,2,16,9,1,0,6,10,0,7,5,13,1,15,3,2,18,12,0,0,0,21,20,0,0,0,0,25,0,0,0,0,16,3,17,1,21,20,14,18,23,0,11,0,0,0,0,0,24,15,0,13,9,4,0,5,0,0,8,0,9,0,5,0,0,6,3,25,1,14,0,16,0,0,23,0,18,21,10,12,15,0,0,0,24,0,22,10,25,0,0,4,0,9,17,6,14,2,0,1,5,7,20,0,11,0,14,25,0,0,22,0,16,19,9,17,0,21,15,20,0,18,6,4,8,0,24,0,3,0,1,10,8,6,9,7,0,2,3,0,5,11,0,0,13,15,24,0,23,0,21,0,0,16,20,0,0,0,0,0,2,0,12,13,11,0,16,19,17,0,20,0,0,6,7,0,21,22,24,0,25,25,0,0,22,21,9,7,8,0,10,1,0,2,3,0,0,19,16,17,0,14,13,11,15,0,20,0,0,0,0,24,23,21,22,25,0,0,7,8,10,15,14,11,12,0,4,3,1,5,0,0,13,11,0,12,19,0,18,16,20,0,24,0,23,0,5,4,1,2,3,0,0,0,0,0,0,2,10,0,0,12,13,0,19,24,22,8,21,25,11,0,0,15,0,0,0,7,0,16,0,0,9,20,23,18,17,14,16,15,22,10,0,5,7,13,0,0,0,6,4,12,0,25,0,0,17,12,15,16,13,0,6,7,5,11,19,0,0,2,4,25,8,0,21,0,0,14,20,22,0,21,7,5,0,0,1,0,0,25,4,17,23,0,9,0,11,16,0,0,0,0,19,18,13,10,0,0,22,25,0,23,18,20,10,21,15,0,0,0,14,7,0,5,0,9,0,2,0,4,0,0,11,14,21,25,8,4,6,0,16,0,0,0,1,0,0,0,17,10,22,20,15,12,0,24,18,0,23,0,16,0,0,11,0,0,7,6,0,0,0,3,15,2,0,1,25,17,14,8,0,22,17,12,0,24,10,0,0,0,13,20,15,25,19,9,4,11,7,0,6,5,1,0,0,0,0,6,0,15,4,0,25,1,0,3,0,17,8,0,0,0,0,14,0,19,16,10,22,0,23,0,0,2,5,20,18,0,22,17,19,14,0,0,0,0,0,21,0,0,23,11,6,0,9,4
6,10,18,8,4,2,0,23,1,0,0,22,13,12,25,0,0,21,5,15,16,17,9,19,0,22,0,0,23,13,0,10,21,0,18,19,0,8,11,0,14,2,0,3,1,5,6,4,0,0,7,25,0,0,0,0,0,0,0,0,2,0,3,0,16,0,19,11,8,10,0,23,18,14,21,0,5,14,0,0,11,0,0,16,0,23,15,18,24,21,0,6,0,0,0,0,0,8,0,22,20,0,21,0,0,0,0,25,0,17,6,0,4,7,10,16,0,12,18,0,1,0,3,15,13,0,9,7,13,5,4,17,0,8,0,11,0,0,25,0,12,0,0,0,0,18,21,10,0,23,1,0,2,6,0,24,25,11,21,12,0,18,0,0,0,7,13,3,10,5,0,0,15,0,0,0,24,0,0,0,22,20,14,9,23,0,13,0,0,12,2,0,0,19,18,6,11,0,0,3,0,0,0,18,0,16,0,0,6,3,4,0,10,0,0,0,0,0,0,21,0,0,0,9,12,16,12,11,14,22,13,18,0,0,0,0,0,5,0,0,9,24,0,17,0,8,0,25,2,1,14,13,15,0,0,5,0,3,0,4,20,0,0,19,18,8,10,9,0,0,23,0,0,21,0,9,8,0,7,0,23,24,22,25,21,0,2,1,4,0,0,20,0,0,0,12,15,11,13,14,0,18,20,17,16,15,11,0,12,14,25,21,24,22,23,3,0,4,0,2,0,10,6,8,0,25,21,24,22,23,20,0,0,17,19,10,0,0,9,0,13,15,0,0,0,0,0,1,0,4,4,0,5,2,0,0,6,0,0,9,0,0,11,14,13,23,0,0,21,22,17,20,16,0,19,13,7,0,4,25,1,9,16,3,2,0,23,19,20,14,5,17,0,0,0,0,0,0,10,0,5,2,1,3,18,25,15,4,0,8,0,0,17,13,22,6,0,0,9,19,0,0,0,12,16,12,0,0,11,20,7,23,5,0,6,1,0,21,2,0,10,0,22,13,0,0,0,24,0,25,10,0,0,0,0,17,13,0,11,22,0,8,9,18,15,4,1,2,25,3,19,0,20,0,0,17,16,22,0,0,0,0,24,0,10,0,0,0,0,0,0,0,20,23,14,3,1,0,4,2,0,0,9,20,14,21,0,10,0,16,0,0,0,0,6,11,18,17,0,8,25,3,2,0,5,0,6,4,0,7,3,2,1,0,5,22,0,12,8,17,0,9,0,20,25,21,13,14,23,0,15,1,3,5,2,0,14,17,13,0,18,16,0,10,19,0,22,6,0,4,0,0,0,11,20,18,22,13,10,17,19,12,0,24,20,9,25,14,21,11,0,3,5,2,0,4,0,0,6,0,0,0,8,25,12,9,7,0,0,0,0,20,2,5,0,0,16,0,0,13,15,19,0,0,18
12,20,0,19,15,1,4,21,2,0,0,24,0,0,17,22,0,0,16,0,5,0,6,14,7,17,8,9,22,0,0,5,25,0,11,1,0,2,0,4,0,23,15,14,12,24,0,0,0,18,0,0,0,0,2,0,22,17,0,0,14,23,16,11,0,0,9,6,19,21,4,0,0,20,25,13,25,4,6,0,0,14,0,0,0,0,21,15,22,10,0,0,0,0,17,16,0,2,3,1,0,0,24,0,14,16,0,0,18,8,0,20,6,0,5,0,25,0,0,0,0,0,0,0,0,15,0,0,3,1,18,19,0,0,0,9,12,0,24,0,0,7,0,4,22,17,14,25,0,8,11,7,16,0,0,0,0,0,8,24,0,0,10,0,23,15,20,0,25,0,0,0,5,0,3,21,12,0,0,0,3,0,2,5,20,0,17,18,0,22,10,14,24,13,0,6,7,11,4,9,18,17,0,13,22,9,11,0,21,0,16,0,8,0,6,0,2,1,23,3,15,0,20,24,19,24,14,20,9,0,0,6,7,15,4,3,0,0,25,0,17,12,0,8,0,0,22,16,23,0,0,19,0,2,0,0,0,20,23,0,22,15,17,0,0,0,0,7,5,13,0,25,12,21,0,8,10,21,25,24,17,12,15,16,13,0,5,3,0,0,0,0,0,18,4,14,0,23,9,0,16,0,0,0,12,0,0,0,0,6,4,0,1,8,2,0,0,0,20,0,19,0,15,10,0,23,15,18,0,0,4,2,10,1,0,0,19,0,0,0,8,22,25,21,0,7,5,0,6,16,3,0,13,7,0,0,0,22,25,19,21,10,23,0,0,16,15,0,6,0,0,0,1,8,0,0,9,19,21,11,0,10,4,7,0,2,0,13,1,15,12,18,16,0,23,25,8,17,22,0,7,0,0,0,25,0,16,3,17,1,0,0,0,0,0,0,0,0,10,0,9,0,13,5,6,0,0,0,18,10,0,25,13,12,22,17,0,0,16,0,21,5,0,0,0,23,0,0,0,2,0,3,1,0,5,23,21,18,24,15,12,8,0,10,25,13,0,0,9,6,20,0,7,16,11,22,13,0,16,0,0,20,0,11,9,6,0,7,0,0,25,0,14,0,0,0,10,18,15,12,0,0,22,0,21,10,8,0,9,7,5,0,0,2,3,0,11,0,12,15,18,16,19,17,20,0,6,7,0,0,5,0,0,4,2,0,11,14,0,0,19,16,18,0,20,22,24,0,0,23,0,16,0,20,18,0,0,0,22,21,10,0,9,0,0,0,0,3,2,5,0,0,0,0,15,4,0,2,5,0,0,13,11,0,0,0,0,19,0,0,24,21,23,0,0,8,6,9,7,0,14,11,12,15,13,20,0,16,19,17,0,22,0,23,0,9,6,0,0,0,3,0,0,0,5
0,9,0,8,16,19,0,18,0,10,4,13,2,0,1,0,12,23,20,0,0,7,0,0,5,10,0,23,21,14,11,12,0,13,22,5,20,0,0,0,0,0,25,2,4,9,0,18,8,0,12,11,19,0,15,14,5,7,0,6,17,0,0,9,0,0,0,13,22,10,0,1,2,3,4,13,0,0,0,7,3,0,0,9,0,10,0,0,22,0,11,0,24,18,0,19,12,0,0,0,5,3,1,18,0,20,0,25,0,0,12,0,16,0,0,19,0,9,7,6,17,24,0,10,22,3,13,7,5,9,8,2,0,0,1,0,10,0,0,21,6,0,15,16,0,0,0,25,0,0,23,0,17,15,0,6,7,16,5,3,0,19,12,0,24,21,11,0,0,0,10,4,1,0,2,16,14,0,22,12,0,19,0,18,0,2,25,1,0,0,0,24,0,0,9,0,0,3,6,0,8,0,25,10,24,0,14,0,0,23,7,0,3,6,0,18,4,19,0,2,15,0,0,13,12,1,6,2,19,0,21,11,0,0,0,0,0,17,14,22,5,13,10,0,0,20,8,0,18,9,0,10,13,17,22,0,15,0,0,0,0,7,8,4,16,23,3,0,5,0,0,9,0,25,11,0,25,8,0,0,4,6,9,0,0,22,0,18,15,0,13,16,0,0,24,0,0,0,0,1,0,0,0,14,19,23,0,21,22,16,0,0,0,0,0,0,0,0,0,0,0,13,15,4,6,11,16,0,7,6,18,1,3,2,5,23,0,0,0,13,0,9,20,15,19,0,0,0,0,0,0,5,3,2,1,0,0,8,14,25,0,12,20,24,0,4,0,0,0,21,23,18,10,16,19,7,0,12,0,25,0,0,0,4,13,14,0,0,20,23,0,0,0,0,0,0,2,17,0,0,0,8,18,4,0,0,23,0,3,24,19,0,0,0,17,0,7,0,21,0,13,0,0,22,0,0,23,0,0,17,0,0,12,10,18,24,4,7,5,6,0,2,0,25,0,8,0,0,9,20,2,0,14,3,5,16,0,11,19,0,0,8,22,10,12,9,0,0,0,0,18,23,24,0,0,0,19,0,0,11,22,25,14,8,0,15,3,13,0,2,24,23,18,12,0,4,6,0,0,10,25,22,24,23,0,0,18,20,0,0,3,0,0,0,5,12,15,0,14,0,6,10,9,0,8,14,12,0,11,13,2,0,0,1,4,21,22,24,0,25,7,0,0,0,8,16,20,0,17,0,4,0,5,1,3,7,0,10,0,0,18,16,19,17,0,0,25,0,0,0,0,0,0,0,0,0,17,0,0,18,0,13,0,0,14,0,0,9,7,0,2,5,0,0,0,0,25,22,21,0,0,7,10,6,8,25,0,0,24,0,13,0,0,0,15,17,20,0,19,0,1,5,0,0,0
14,0,10,24,13,0,15,17,0,0,11,4,0,0,9,2,0,0,0,5,12,21,0,0,0,0,3,5,0,23,0,0,0,0,8,20,0,0,12,0,14,0,0,9,0,0,18,0,22,0,0,0,0,0,0,0,0,14,0,10,5,0,0,0,0,0,24,17,22,0,7,11,16,6,4,7,22,0,21,4,0,24,0,0,20,0,0,0,14,8,0,0,19,0,10,0,15,0,1,3,12,18,17,11,8,0,25,0,0,5,16,23,10,0,21,7,0,0,0,0,0,24,0,0,9,1,5,4,3,0,0,0,0,10,9,14,12,13,11,15,24,0,0,0,22,16,19,17,0,0,11,15,0,0,0,0,0,1,5,4,19,17,18,0,20,0,7,8,10,9,0,25,0,0,24,21,25,24,23,22,0,17,0,20,19,9,7,0,0,0,11,0,13,0,14,1,4,2,0,5,0,10,0,8,0,0,0,22,25,24,0,2,3,1,5,16,17,18,20,19,0,14,12,13,0,16,0,0,0,17,13,12,0,0,0,21,25,0,24,23,0,2,3,0,0,6,0,7,0,10,0,14,0,12,6,0,18,10,0,0,1,0,0,17,4,22,0,24,11,0,5,3,0,9,7,17,24,23,9,20,0,8,25,4,1,15,10,0,0,13,0,6,0,0,3,0,16,14,0,11,0,11,8,0,21,0,0,0,24,0,0,6,7,5,16,0,0,2,0,1,0,23,0,0,17,19,4,1,2,0,7,0,5,11,3,23,0,0,0,0,0,13,0,17,0,0,8,21,0,0,10,0,3,7,0,16,14,0,22,0,12,21,0,25,0,0,18,9,0,23,19,1,6,0,2,13,0,22,10,0,17,0,0,0,25,6,0,5,0,7,0,3,4,1,2,20,0,0,15,19,0,21,0,6,19,0,0,23,14,0,0,20,0,0,25,17,10,0,24,13,0,5,0,2,1,23,12,20,0,14,4,3,13,1,0,10,0,0,21,0,25,11,5,7,0,8,0,9,16,0,24,17,18,0,11,10,0,21,8,15,0,3,0,9,1,19,23,14,12,20,0,13,4,0,0,0,1,2,0,3,0,0,0,7,6,22,11,12,13,17,9,0,15,16,18,0,10,0,0,0,4,6,0,0,9,25,10,0,12,22,0,0,0,0,11,0,15,21,0,24,3,0,0,0,14,5,0,0,0,0,0,0,0,17,11,24,0,23,0,2,0,0,0,14,12,4,6,8,10,18,0,0,0,0,24,15,0,0,0,0,0,22,0,0,14,4,5,0,0,7,9,0,19,0,21,0,2,25,0,1,0,0,0,6,0,18,0,0,0,0,0,0,20,19,11,13,0,0,17,16,8,19,0,0,0,14,0,0,0,0,13,5,0,4,6,3,0,16,2,0,0,0,0,25,12
17,0,11,0,12,0,0,22,21,0,5,1,3,25,2,20,0,9,14,24,7,0,13,0,0,10,13,0,16,14,6,0,0,9,0,18,22,19,15,0,0,23,8,12,21,2,1,3,0,5,0,25,19,0,20,1,18,0,3,0,10,23,13,0,0,0,6,0,0,11,12,17,0,0,0,5,0,0,0,2,15,24,12,19,0,8,6,16,4,0,10,0,13,0,18,14,11,9,0,21,0,4,0,22,0,17,13,14,8,25,0,11,0,0,0,5,1,0,2,0,0,19,18,16,10,19,17,0,0,0,22,0,24,0,0,0,13,15,12,11,7,8,0,0,0,1,0,5,0,0,14,0,13,15,11,0,17,16,0,0,0,3,0,0,0,22,21,0,23,25,6,8,10,0,9,24,0,23,25,0,0,7,6,10,0,19,18,20,17,16,0,3,0,1,4,0,13,15,0,14,4,2,3,5,1,0,12,0,15,0,0,0,10,7,6,17,18,20,16,19,0,23,25,0,22,0,0,8,0,0,0,0,1,0,0,24,0,0,0,0,0,13,15,0,0,16,18,0,0,0,22,16,0,8,13,5,0,0,7,6,25,0,0,9,24,11,0,0,0,0,21,0,1,3,2,18,11,0,17,24,16,3,9,1,2,15,0,8,0,21,0,7,6,0,0,19,14,0,0,0,2,0,0,1,0,12,11,0,17,0,6,0,0,0,20,0,14,23,0,0,0,15,16,8,0,7,19,6,21,9,4,20,0,0,0,16,12,14,11,23,3,0,1,18,0,17,22,24,10,0,20,0,0,12,0,24,19,21,18,0,2,0,0,3,13,0,16,22,0,17,25,5,7,0,6,23,20,9,24,0,19,0,18,13,15,0,2,4,8,25,14,12,11,22,0,5,0,21,6,3,0,5,7,13,0,0,21,0,24,0,17,16,22,14,0,6,4,2,19,1,20,0,8,18,0,0,6,12,14,0,2,8,0,4,0,23,20,21,18,0,13,0,7,5,3,22,0,11,19,25,0,0,2,4,0,14,9,0,22,23,0,7,11,0,5,0,0,25,0,8,15,0,0,13,16,0,21,0,0,22,7,0,5,16,3,12,9,24,0,19,0,20,0,0,23,0,2,4,14,1,25,1,0,2,3,21,15,0,0,0,7,24,6,5,0,23,0,16,13,22,0,0,19,0,11,0,0,0,6,4,20,16,0,0,7,0,25,12,0,0,1,5,14,0,2,18,21,0,0,24,0,0,0,7,5,23,0,0,2,0,11,0,17,0,9,8,10,0,4,6,13,0,14,0,12,12,0,16,0,18,25,0,8,0,17,0,15,0,1,3,19,11,0,0,20,4,10,6,5,7,11,10,22,19,8,9,5,4,6,13,21,14,23,0,0,15,25,12,0,7,3,16,2,0,17
12,0,0,14,0,0,3,0,0,5,22,25,0,24,0,7,0,0,6,9,0,20,19,0,17,17,16,20,19,0,11,13,14,12,15,8,7,0,0,0,0,5,3,1,4,23,0,24,21,0,0,6,10,9,8,24,0,22,21,25,13,12,15,0,14,17,20,18,0,19,3,0,4,0,2,2,0,5,0,3,6,0,0,7,10,18,0,0,16,19,22,24,21,0,0,0,15,14,11,12,0,0,25,0,0,16,18,0,0,0,3,2,0,1,0,0,15,0,11,0,0,10,9,6,7,10,0,0,22,25,18,21,0,0,0,20,16,11,19,7,1,14,0,3,2,0,0,13,4,9,0,18,23,21,14,0,16,0,1,0,9,0,6,4,0,15,12,25,24,7,22,19,11,8,0,0,9,17,11,0,13,25,0,0,14,0,1,0,3,24,0,18,10,4,6,0,7,21,5,15,1,3,0,13,15,0,0,0,5,6,0,0,14,8,0,0,21,11,9,20,16,23,12,18,24,5,4,0,0,0,0,0,11,9,0,0,0,12,10,18,0,16,17,0,22,0,2,25,3,1,0,0,1,0,0,25,5,6,11,7,24,19,0,21,0,0,22,16,0,17,15,12,0,23,0,19,20,0,6,5,9,15,0,8,16,0,11,17,13,22,24,23,14,21,10,0,1,0,0,0,22,0,8,0,10,19,0,20,23,12,0,3,0,9,2,4,6,7,25,0,0,0,18,24,0,0,23,0,0,12,0,0,13,10,24,0,20,25,0,0,0,1,0,0,0,0,0,7,9,19,9,24,18,25,0,0,4,2,3,1,5,0,0,23,0,11,0,15,0,0,0,8,0,0,0,0,19,24,12,9,0,2,0,14,0,7,6,16,5,3,18,17,0,0,0,25,0,8,22,21,8,0,0,0,2,0,7,0,6,0,19,10,0,18,15,0,0,0,22,16,9,0,23,17,20,14,15,22,17,16,20,0,0,18,8,11,21,0,25,0,6,0,4,0,0,0,13,0,0,0,0,10,21,0,0,22,24,25,0,11,0,8,4,17,1,0,7,0,5,0,0,14,16,0,6,0,0,11,3,7,15,12,16,0,17,14,9,22,0,0,21,25,24,0,8,2,4,1,0,18,0,0,16,8,0,14,0,21,0,9,0,24,0,12,20,0,13,0,17,18,1,3,0,0,23,21,14,0,0,0,0,17,0,24,22,1,18,0,0,5,16,0,6,7,11,0,0,15,20,25,24,0,0,20,11,23,19,0,0,0,17,0,8,14,0,0,3,1,0,15,21,22,6,7,0,15,17,0,18,22,2,0,5,20,0,6,0,0,7,11,0,0,0,12,0,0,16,10,0,0,25,0,0,5,1,7,6,15,4,13,10,0,21,0,16,20,0,0,14,0,0,0,17,12,8
0,0,0,0,0,16,19,11,0,9,0,22,0,13,25,0,6,0,0,10,21,0,5,15,0,17,0,25,0,0,0,0,0,0,0,0,5,6,4,10,21,20,0,0,11,0,16,18,0,23,13,0,0,4,0,0,0,0,23,0,0,1,0,3,16,12,7,24,0,25,0,0,0,10,19,18,0,0,10,12,0,0,7,0,4,11,9,19,8,0,16,0,0,0,0,25,0,0,0,2,7,0,20,0,0,0,0,0,12,0,0,0,0,0,21,0,0,0,0,5,0,17,0,9,0,0,4,6,0,9,15,22,0,19,0,5,0,3,2,0,8,0,12,0,0,0,24,0,13,0,25,13,17,14,8,24,0,20,9,0,10,16,18,23,0,3,15,0,0,1,6,21,7,0,22,5,18,1,0,3,0,23,10,13,14,8,0,22,12,17,4,11,7,16,0,0,19,20,0,0,16,23,10,0,21,0,0,5,3,2,15,0,13,7,0,9,0,14,20,19,17,11,12,8,0,0,24,15,0,19,4,6,8,16,7,0,0,9,0,11,0,18,0,10,22,0,0,2,23,3,0,7,0,0,10,0,18,0,0,16,14,12,15,0,13,5,4,0,2,3,24,0,21,22,0,0,0,13,11,0,7,0,0,10,6,22,21,0,24,23,20,19,0,0,0,0,3,1,0,5,21,0,0,0,23,12,13,14,0,11,4,2,0,1,0,10,9,6,0,0,19,0,16,17,0,4,0,3,1,0,23,21,24,0,0,0,0,0,0,18,15,0,0,12,13,9,8,6,0,0,0,17,18,16,20,2,3,4,5,1,0,7,0,6,8,24,0,23,0,21,14,0,0,12,0,12,21,11,0,0,0,16,0,0,15,0,18,8,20,9,2,0,19,6,4,3,7,10,5,0,0,0,2,17,0,0,20,23,0,0,0,19,11,22,24,0,0,5,0,9,16,0,0,6,14,0,9,0,20,0,6,0,0,11,0,16,0,17,15,12,0,0,10,21,24,0,2,19,18,4,15,10,0,0,0,0,0,1,4,0,0,6,0,5,7,11,16,22,14,0,0,9,17,0,24,0,6,0,5,0,0,9,12,0,0,1,14,4,10,2,17,23,0,18,0,8,0,22,0,11,0,14,5,23,7,9,0,0,0,24,2,3,1,21,4,19,12,20,0,15,0,10,13,0,8,0,0,24,21,18,0,4,2,0,0,0,11,7,0,5,22,17,8,9,16,20,0,23,14,0,0,0,12,0,0,19,5,0,7,20,18,0,0,9,15,23,0,21,0,0,0,0,25,3,1,2,3,16,0,0,22,10,0,0,21,20,23,12,19,0,0,13,0,4,7,18,0,0,0,0,0,0,4,0,25,11,0,16,0,0,13,10,0,17,0,0,0,18,3,0,7,6,0,0,0
0,0,4,0,15,12,0,16,0,23,3,1,0,5,18,0,21,0,0,0,10,24,0,13,0,18,0,24,0,21,0,1,2,0,13,9,22,0,0,8,15,12,23,20,0,0,0,5,6,25,17,22,0,0,0,0,7,0,19,20,24,23,14,0,21,4,0,0,2,3,0,0,15,0,9,0,2,0,3,9,10,0,15,22,0,4,0,7,13,0,5,0,0,18,11,23,12,14,0,19,0,6,0,14,0,17,0,0,0,24,0,19,15,0,20,0,8,13,22,16,0,0,4,0,21,0,0,0,21,25,16,22,0,14,15,0,0,4,0,0,0,0,0,0,0,0,8,9,0,0,16,3,0,6,0,9,0,12,13,19,18,0,20,0,0,0,0,22,0,21,14,0,2,1,0,0,0,14,9,0,7,11,3,0,5,0,0,0,8,10,0,4,19,0,18,13,0,12,16,15,13,15,19,0,18,2,0,1,0,0,14,11,12,16,0,0,24,17,0,20,0,0,0,0,0,0,1,2,8,0,0,21,23,0,10,13,7,9,3,5,12,0,0,0,6,19,11,24,25,22,9,0,0,4,7,22,0,0,15,0,25,0,0,21,12,24,0,14,10,13,20,3,1,0,2,8,25,17,13,0,0,9,20,0,12,5,3,1,15,2,0,0,7,6,0,16,0,19,0,23,3,0,1,18,2,0,13,10,0,0,0,4,0,11,7,0,0,0,0,25,0,22,17,0,12,0,20,15,0,0,0,16,8,4,7,10,0,0,18,17,0,0,2,5,0,0,9,0,21,14,0,16,10,23,22,1,0,5,0,0,0,9,19,24,0,0,18,12,17,8,0,13,0,15,0,0,0,0,0,19,25,12,22,0,8,1,0,5,2,0,17,0,0,0,0,15,23,0,24,18,0,13,0,0,0,14,23,0,0,18,0,0,25,0,0,22,0,8,11,10,1,0,16,17,0,0,0,25,22,0,15,0,13,0,3,19,0,11,20,0,0,23,18,12,0,5,6,10,7,0,2,0,23,0,0,19,17,11,16,0,0,0,10,0,4,0,7,5,0,0,0,14,25,12,0,0,0,0,15,10,24,0,7,5,4,23,0,0,22,13,14,0,3,25,1,9,0,20,11,0,0,9,0,7,0,0,20,19,17,0,2,5,0,4,0,0,25,21,0,0,12,0,13,14,0,15,14,13,0,0,0,10,0,0,6,17,0,0,19,16,0,0,1,4,2,21,25,23,22,24,5,4,0,2,1,21,25,24,23,0,12,0,0,14,0,8,0,0,0,7,0,20,0,0,0,0,0,22,0,24,0,15,14,12,11,0,0,8,0,0,18,20,16,0,17,0,0,3,4,1,20,19,0,17,16,0,5,0,2,1,0,0,21,25,0,13,0,11,0,0,0,10,0,9,6
0,23,22,0,16,7,0,5,0,0,0,19,0,0,20,21,18,15,0,12,0,3,25,14,0,11,19,0,0,0,13,2,1,3,0,5,6,4,7,0,25,17,0,8,0,0,18,0,16,0,0,8,6,0,0,11,0,0,9,0,22,0,13,12,0,23,24,0,0,0,15,5,0,0,7,5,0,0,3,14,22,0,10,0,0,0,23,18,0,0,20,7,0,0,11,0,0,0,0,6,25,0,7,24,12,21,0,20,18,14,1,0,3,0,16,0,13,5,0,6,0,0,11,0,0,0,11,12,20,19,25,18,9,0,0,3,0,21,2,4,0,6,0,0,0,16,13,0,0,8,16,0,17,8,22,0,0,3,0,0,11,7,25,0,5,24,10,0,0,18,14,0,0,0,0,14,0,10,21,23,0,7,19,20,5,8,0,9,18,15,12,22,0,0,0,3,25,0,0,1,7,4,0,25,0,15,8,22,21,10,0,0,19,0,14,16,0,0,9,1,0,24,18,5,17,0,0,5,0,0,16,14,0,0,12,0,0,17,13,22,0,0,20,15,25,0,9,7,6,21,24,0,0,10,0,3,0,0,5,0,13,0,0,16,12,14,23,9,0,22,18,19,1,2,4,4,6,0,0,0,17,22,14,0,0,0,8,0,0,0,11,0,21,0,0,0,0,3,7,0,20,0,23,0,0,12,0,13,19,9,0,4,10,1,2,7,0,6,0,16,0,0,0,0,11,9,13,0,5,7,0,0,18,10,20,19,0,0,25,24,2,1,0,17,4,6,15,16,12,0,12,0,0,22,11,1,0,8,0,2,6,21,0,3,0,19,15,10,0,13,20,17,23,0,0,23,0,0,12,0,18,19,0,17,0,0,3,2,5,0,6,11,0,0,9,13,0,0,0,16,0,0,18,0,13,0,16,0,7,0,25,0,14,21,0,15,20,24,0,19,0,2,5,1,0,6,16,11,7,4,10,0,0,14,23,0,22,12,8,0,1,0,18,0,3,25,20,0,19,9,0,20,0,0,0,5,3,25,2,1,0,13,7,0,6,0,0,0,22,0,8,12,17,11,18,1,5,15,2,0,20,9,0,12,11,0,0,23,10,0,17,25,0,0,8,0,0,0,0,22,0,0,19,0,0,0,0,7,6,8,21,0,24,0,0,13,0,0,11,15,2,1,4,0,0,0,2,4,1,0,0,20,0,0,0,12,0,11,14,13,8,9,7,6,10,22,21,24,0,25,13,12,0,0,15,24,0,23,0,0,17,0,0,19,18,3,0,0,1,0,7,6,0,8,0,8,0,9,6,0,0,0,12,11,0,2,0,0,0,3,22,0,25,0,23,0,16,19,18,0,21,0,0,23,0,4,5,0,1,0,7,0,6,0,0,18,19,17,0,0,12,11,0,13,15
23,0,0,0,0,0,0,10,9,0,16,18,20,0,17,13,15,0,11,0,3,5,1,2,4,15,0,0,0,14,18,17,20,19,16,0,3,5,0,2,8,10,7,0,9,23,0,0,0,22,5,1,0,0,4,0,0,0,14,11,0,8,10,9,7,21,0,23,22,0,0,20,0,0,19,0,6,7,8,9,3,2,0,4,1,21,0,25,24,22,0,20,17,0,19,0,15,11,12,14,0,16,17,0,19,0,22,24,25,23,0,0,0,0,12,0,5,2,1,4,8,0,6,7,9,13,18,0,19,15,0,0,0,16,0,17,0,24,0,0,0,0,8,25,1,0,21,5,0,3,0,5,6,0,3,20,18,17,23,15,0,25,0,0,21,0,24,13,19,12,0,4,10,0,1,4,0,8,2,0,9,13,0,3,0,0,0,14,0,0,20,0,0,10,23,0,0,0,19,0,24,25,21,0,12,4,6,2,1,19,10,7,13,3,0,16,22,14,0,17,9,8,20,18,23,22,0,0,0,0,24,21,25,8,10,19,2,4,1,18,7,11,6,0,3,12,17,15,13,0,0,19,0,20,7,5,1,14,0,0,4,0,6,13,0,25,0,0,8,0,0,23,18,15,0,0,8,22,25,0,11,19,21,0,9,18,16,23,12,24,15,0,0,0,13,10,0,4,0,7,0,4,0,9,0,25,15,12,7,24,0,0,0,0,0,14,23,0,18,0,16,2,3,1,17,12,10,15,21,18,0,23,16,22,0,3,14,0,25,1,24,6,5,4,7,20,0,8,0,11,0,3,0,23,0,0,8,18,6,4,5,20,7,0,0,0,17,16,9,0,25,14,13,22,12,8,14,13,17,25,0,5,0,0,0,0,21,22,0,4,11,9,24,0,20,0,0,23,16,10,0,2,18,1,5,6,16,0,11,7,20,19,0,15,0,23,0,0,14,10,17,22,0,24,8,0,0,0,6,11,23,25,0,21,12,14,24,0,10,0,0,19,15,0,18,1,3,0,20,5,0,22,0,10,0,0,0,0,0,0,0,11,0,17,0,0,3,25,0,5,6,0,7,4,0,0,12,0,0,20,0,10,13,18,17,2,1,0,5,0,6,0,4,0,0,11,9,14,25,0,17,0,11,12,22,0,0,0,0,0,25,4,1,0,3,5,0,0,20,0,15,16,9,8,0,18,21,0,0,0,0,9,22,17,8,23,15,12,20,0,4,1,0,13,0,0,7,25,11,0,0,9,3,0,0,7,0,6,13,25,24,5,17,18,0,10,0,0,0,0,0,12,19,23,20,0,15,0,4,8,0,3,1,0,18,0,6,0,0,19,0,14,11,23,16,0,24,0,0,13,7,0,14,5,6,0,11,0,0,0,13,10,8,0,16,0,18,9,24,25,0,1,0,3,0
12,0,0,0,0,21,0,18,0,0,0,3,7,13,9,19,25,0,0,24,0,0,17,0,0,2,0,4,0,0,11,0,6,0,5,10,8,25,0,24,13,16,17,0,12,9,0,0,14,22,9,17,0,20,23,4,2,0,1,25,22,16,11,14,12,0,0,0,5,0,0,15,0,19,0,0,0,0,0,3,22,16,0,0,0,19,0,2,6,0,0,23,8,0,9,0,12,0,11,24,0,22,0,21,0,0,0,0,12,0,15,23,17,18,0,14,0,4,10,0,0,3,5,7,16,0,12,18,8,17,3,0,25,5,0,0,24,0,20,19,4,15,13,7,0,23,0,0,0,21,19,20,0,25,15,13,23,0,0,14,7,11,0,16,6,0,8,0,0,0,18,0,2,0,0,0,0,0,0,0,0,0,15,18,17,12,0,8,25,23,0,5,0,0,0,0,0,7,6,9,21,0,22,4,6,9,11,24,0,0,2,15,3,0,1,16,10,18,0,0,0,25,14,0,8,0,2,0,23,5,16,0,4,0,7,0,0,0,10,0,0,21,0,14,0,24,0,0,0,19,17,0,0,0,13,0,25,0,22,0,3,2,0,1,5,15,0,23,18,0,0,0,19,20,11,0,5,0,15,0,0,19,0,11,9,4,6,18,0,0,22,0,0,0,25,1,24,3,23,2,22,8,0,10,0,0,14,20,0,0,24,7,0,0,0,0,17,0,3,16,0,13,0,9,0,14,3,0,1,25,6,0,5,7,4,13,22,16,0,17,9,11,0,0,0,15,0,10,21,12,0,18,0,24,12,2,0,0,13,3,0,20,21,19,0,5,0,6,0,0,22,0,8,0,0,10,13,8,16,0,18,17,9,0,24,20,12,19,11,15,3,0,1,21,4,14,0,23,5,7,4,0,0,0,0,7,5,0,6,20,0,10,23,24,14,8,0,0,0,0,0,0,13,0,0,0,0,12,0,20,1,0,0,0,0,0,17,0,9,16,0,6,0,0,0,0,0,0,0,18,0,24,17,0,0,8,10,22,15,0,25,13,0,4,7,23,20,0,19,0,0,0,9,16,0,6,9,21,19,0,0,0,11,16,23,0,0,1,3,2,0,0,24,17,22,20,0,0,4,25,0,16,20,17,0,15,13,12,14,11,0,0,10,7,8,2,4,0,0,0,25,21,24,22,23,23,21,0,0,24,20,0,0,19,16,1,4,0,2,0,12,0,15,0,13,0,9,0,0,0,0,0,10,0,9,0,0,0,24,22,0,0,0,12,13,17,0,20,16,18,2,4,1,3,5,13,0,0,0,14,0,3,2,4,1,23,25,24,22,0,7,9,0,6,0,17,19,16,18,20,0,0,5,2,4,0,8,7,9,6,0,19,0,17,18,0,22,25,0,23,0,14,11,13,0
0,5,13,0,3,0,25,0,24,12,22,17,14,0,0,4,19,0,1,6,8,9,18,23,0,0,0,11,0,0,0,5,0,0,3,24,0,0,9,19,20,15,17,23,18,4,0,14,0,10,0,20,24,17,23,0,0,19,13,15,0,1,8,2,25,0,0,0,16,0,0,7,6,3,0,0,6,0,15,0,8,0,0,0,1,21,23,18,0,10,9,5,7,3,13,11,24,19,25,22,0,18,0,19,0,0,20,14,0,23,11,0,6,0,5,0,10,25,0,0,0,0,13,16,15,19,25,9,20,0,18,2,0,0,0,13,0,21,0,14,0,7,4,0,16,22,17,24,8,12,21,4,0,0,6,13,14,17,8,25,0,0,24,0,0,1,2,0,0,5,0,19,0,10,0,0,8,18,12,17,0,22,10,0,16,0,0,25,0,2,0,14,9,0,0,0,6,4,15,7,1,23,0,0,0,24,0,15,19,20,16,0,4,6,0,22,0,13,18,10,0,0,25,21,0,24,13,0,0,10,0,7,0,9,11,19,18,15,22,17,23,0,0,0,0,3,0,20,5,2,0,11,17,24,18,0,0,16,1,0,0,15,22,0,21,7,25,0,13,4,0,14,23,20,0,10,16,0,13,0,14,23,5,0,0,18,0,9,0,24,15,20,0,12,0,0,4,3,0,0,4,0,1,25,0,11,13,0,0,22,7,0,0,0,20,0,0,0,10,24,16,15,0,0,9,6,19,21,9,7,0,15,4,0,8,14,0,11,0,0,2,18,1,5,3,24,22,10,0,17,15,0,0,0,0,19,21,24,18,0,1,2,0,0,0,0,0,0,17,0,7,5,11,6,25,0,7,0,6,9,2,1,3,0,0,0,0,23,21,22,0,0,15,14,0,0,0,17,19,16,0,0,0,0,4,0,11,0,0,0,0,0,7,8,6,18,0,20,19,0,0,0,0,22,0,23,0,0,21,0,7,0,8,10,9,20,0,0,0,16,0,0,0,0,2,0,0,0,14,0,18,0,20,16,19,0,0,22,23,0,15,14,12,13,11,8,0,10,9,7,0,3,0,0,0,13,12,15,11,14,0,16,18,0,19,5,0,2,0,0,0,23,0,25,22,0,0,0,9,6,0,24,23,0,12,22,8,25,0,17,2,13,0,15,3,11,0,21,20,0,0,10,0,0,4,14,0,2,0,0,15,10,21,12,0,6,7,0,0,0,17,0,0,22,0,19,0,9,11,8,0,0,6,4,13,16,19,0,0,0,12,22,0,0,8,0,0,14,0,0,23,21,15,24,0,22,0,0,0,0,0,0,9,6,13,0,21,20,0,0,0,0,12,0,15,2,16,1,0,3,20,15,0,0,21,1,3,0,2,0,0,11,16,19,0,10,4,18,6,8,14,25,0,12,13
0,24,21,25,0,19,0,1,0,2,0,9,0,0,0,11,7,5,0,0,16,0,13,15,0,1,4,6,0,0,0,13,3,0,7,12,0,0,11,0,22,16,0,17,14,0,0,0,0,0,23,0,18,17,15,22,11,8,21,25,3,0,0,0,16,24,9,0,12,13,0,0,14,10,0,16,12,0,11,22,17,24,23,20,9,0,10,0,19,13,0,2,25,1,0,3,21,6,5,0,3,9,0,7,5,0,14,16,6,12,1,8,17,2,0,21,0,0,23,18,25,0,19,22,0,25,0,22,0,0,0,15,0,0,13,19,17,0,18,20,0,3,1,4,0,9,0,7,6,8,0,13,0,15,0,6,10,0,7,0,0,2,0,3,5,0,21,22,0,0,0,20,0,0,18,0,3,2,0,0,21,0,24,0,23,9,7,0,8,0,0,18,16,19,17,14,15,12,11,13,0,0,0,10,6,16,0,19,17,0,0,25,0,0,23,0,13,0,14,0,4,5,2,1,0,0,0,0,20,16,1,0,4,0,3,0,12,11,13,15,10,8,6,9,0,22,25,21,24,0,0,5,1,0,0,0,6,0,0,17,7,0,0,0,0,12,0,0,0,0,24,23,0,0,21,7,0,15,12,24,0,0,0,10,0,0,5,0,9,0,23,14,0,21,20,0,2,1,3,0,0,0,0,16,13,3,0,25,0,14,18,15,10,21,12,6,0,4,7,0,0,19,9,0,0,0,11,19,21,9,0,23,12,0,0,17,22,0,0,14,2,15,0,13,0,7,6,5,0,10,0,10,0,18,4,5,7,21,15,20,0,1,3,23,2,17,19,0,0,16,0,14,22,13,25,24,0,20,0,14,12,18,0,8,0,16,23,22,0,21,3,1,0,5,25,0,13,0,7,6,15,1,5,0,2,7,0,6,4,21,25,0,0,17,8,9,0,0,0,24,0,18,0,23,0,11,6,16,4,0,0,0,0,25,0,5,0,2,1,3,0,23,14,0,0,8,0,24,12,17,0,23,0,8,0,0,16,10,13,0,11,0,7,0,9,0,22,0,0,15,5,0,0,2,1,18,22,10,0,0,2,3,5,0,1,20,24,0,0,0,16,6,0,8,4,0,9,25,14,0,12,15,11,19,0,0,0,22,0,10,6,0,23,5,7,0,0,24,25,9,0,1,3,21,4,0,2,3,1,0,0,21,7,19,0,0,0,15,0,0,0,0,23,16,11,13,24,10,17,22,0,16,0,22,0,0,12,0,14,0,10,19,21,0,18,0,4,0,0,3,6,0,11,25,5,13,0,4,0,0,0,17,0,0,0,0,3,9,16,1,0,0,21,0,22,0,12,23,19,14,10,0,24,23,21,25,1,2,3,4,22,0,13,0,17,7,0,0,6,19,18,0,8,0,15
5,7,0,6,0,21,0,0,9,19,0,24,12,0,23,17,22,0,8,25,2,15,0,3,13,15,0,18,23,21,0,0,5,3,1,4,0,0,17,0,0,16,11,19,20,12,25,10,0,22,0,11,0,19,20,16,0,0,13,0,3,0,0,14,2,18,15,0,0,0,6,24,0,0,0,0,0,0,14,0,18,6,0,4,0,0,15,21,0,0,24,0,0,3,0,0,19,16,0,11,0,0,0,2,16,0,7,0,24,15,8,0,0,0,19,13,0,6,4,0,0,14,20,18,0,0,0,0,0,1,0,21,23,12,0,14,0,0,24,16,11,4,9,7,0,19,22,15,0,0,16,10,23,18,19,3,15,0,0,5,7,4,6,0,0,0,13,0,14,17,9,11,24,0,20,4,0,0,0,0,9,24,19,14,20,0,0,17,0,18,16,0,21,0,10,3,1,0,0,5,25,0,0,9,0,0,0,22,0,10,0,0,0,1,0,0,24,0,12,15,0,0,0,0,8,24,8,12,22,17,0,0,6,0,16,20,0,15,0,9,5,18,3,2,1,0,23,0,14,0,10,13,17,0,0,1,0,2,18,0,9,19,7,0,0,0,20,0,15,4,0,12,11,23,16,0,18,0,16,0,23,10,14,0,24,25,3,0,4,1,0,0,0,0,12,0,5,0,20,6,0,2,21,1,4,0,0,0,20,0,13,16,0,0,8,6,0,7,0,5,18,0,0,0,0,23,20,0,12,0,6,13,7,0,0,24,0,0,0,0,2,3,1,0,0,0,0,22,21,0,11,0,25,0,5,0,17,16,0,9,23,0,0,0,12,0,0,0,21,24,0,0,0,13,2,0,14,11,15,13,0,4,0,0,2,21,0,24,23,25,9,7,10,0,8,0,0,0,16,0,0,19,16,20,18,15,14,0,0,12,6,0,9,0,0,4,2,5,1,3,25,0,0,0,24,0,4,1,0,0,0,0,8,6,7,0,17,19,18,0,21,25,0,24,0,15,13,0,11,0,0,9,6,10,0,0,0,21,23,0,11,0,14,13,15,0,0,0,0,18,0,0,2,1,4,21,0,24,25,23,20,0,0,16,17,0,2,4,0,0,14,0,15,11,0,0,8,7,0,9,0,23,0,8,0,2,1,4,0,0,0,0,3,7,0,12,21,0,25,11,0,16,14,0,0,14,0,0,0,0,0,23,20,0,18,0,0,8,25,11,0,0,16,5,7,0,9,13,19,12,13,0,15,0,0,25,8,0,10,0,19,18,0,0,4,23,9,22,20,14,11,7,6,0,0,6,3,5,21,7,11,0,12,22,14,0,20,23,9,24,15,10,0,0,0,0,2,0,25,1,0,25,0,11,24,7,0,9,5,0,15,6,16,12,0,1,8,4,0,2,21,0,18,10,23
18,0,17,15,0,24,19,0,0,0,11,21,25,22,8,14,0,1,0,10,6,3,0,7,0,0,4,0,19,0,22,0,16,0,14,13,5,0,10,3,18,0,0,8,20,21,12,25,0,24,0,24,0,10,8,0,0,7,3,6,4,18,2,19,1,13,12,16,0,0,9,23,0,0,0,0,9,0,0,3,21,10,0,23,0,0,0,0,15,16,0,24,0,0,22,8,1,17,0,0,14,0,11,22,16,4,25,2,0,0,24,20,9,17,23,6,7,3,0,0,10,0,18,0,13,0,15,19,20,12,0,24,0,0,0,0,0,10,13,0,3,4,0,0,0,14,0,23,0,0,0,0,1,18,5,0,23,0,16,11,21,0,6,0,7,10,0,13,0,17,20,8,0,0,0,24,0,0,0,0,7,0,0,0,0,0,3,4,25,0,8,0,0,0,0,0,22,13,0,0,0,16,22,8,0,0,13,4,2,3,12,14,0,23,20,11,5,6,7,25,0,10,0,0,18,0,7,6,25,13,8,21,10,0,0,0,0,0,24,0,0,0,20,12,19,3,0,9,16,0,23,0,16,0,22,0,0,24,7,5,0,1,14,3,25,0,0,0,19,8,15,18,10,21,12,1,5,0,3,0,12,8,25,22,0,6,9,17,4,13,0,0,24,0,18,16,0,0,0,0,8,10,0,4,6,17,9,0,11,0,0,15,20,0,21,0,25,12,0,0,0,24,0,0,2,15,25,12,24,0,23,18,0,21,20,19,0,22,0,0,0,16,0,2,3,0,13,4,0,0,19,11,21,0,20,0,3,0,0,0,23,24,16,0,0,5,10,7,0,4,22,17,8,25,14,0,18,20,0,19,0,0,0,9,0,0,2,3,0,4,21,23,0,25,24,12,14,11,13,15,7,0,0,6,9,15,11,0,0,12,20,17,18,16,19,0,0,0,5,1,25,21,24,0,0,2,3,0,0,0,20,0,0,19,17,25,22,23,21,24,0,13,0,15,11,7,0,6,8,0,0,13,15,0,14,25,22,0,24,23,10,7,8,6,9,17,18,0,20,0,2,0,0,3,0,22,0,0,0,25,0,1,3,4,2,0,0,13,11,0,7,8,9,10,6,17,0,0,18,20,25,23,0,12,0,0,0,22,18,15,16,0,24,0,0,20,1,0,0,0,4,11,7,6,9,0,19,0,0,0,3,2,1,0,0,0,8,11,0,17,0,6,15,13,7,0,16,0,10,21,10,0,0,0,18,0,0,0,0,4,0,0,1,2,0,0,11,21,9,14,0,0,12,0,19,5,1,3,2,0,0,12,11,20,24,22,0,21,7,6,0,0,10,0,23,13,0,14,17,0,16,6,4,7,11,0,14,23,10,21,0,25,19,20,15,24,17,8,22,0,18,5,2,1,3
3,2,14,0,1,9,13,0,17,0,19,11,0,0,16,18,15,21,24,23,8,22,0,10,12,24,7,12,25,15,10,11,0,0,0,0,6,0,13,5,3,0,0,17,0,18,0,14,20,23,4,6,0,10,8,0,21,7,0,5,0,0,23,0,1,13,0,25,0,0,0,11,19,16,17,13,22,0,0,23,1,25,2,14,3,0,0,21,18,15,0,9,20,11,19,4,7,24,0,0,0,20,21,0,19,24,12,23,16,0,0,14,25,0,22,4,5,0,0,0,0,13,0,1,0,0,0,15,0,0,7,9,0,0,0,0,5,0,0,2,16,17,0,19,0,0,24,0,23,25,0,0,0,21,22,12,0,0,13,11,16,0,18,19,0,6,0,0,9,10,1,4,3,2,0,1,4,5,3,2,0,24,0,23,21,0,10,8,9,0,0,12,13,14,0,16,0,18,0,0,0,19,20,18,0,0,4,0,3,0,11,0,13,0,12,24,21,0,22,25,6,0,8,0,10,6,0,0,8,7,0,0,0,0,16,24,0,0,21,25,1,2,3,0,0,11,14,13,12,15,20,0,19,15,0,0,22,8,10,0,0,7,0,6,14,0,3,0,2,1,24,25,17,0,18,18,0,1,2,3,0,0,21,0,0,0,25,4,8,20,0,0,22,0,24,23,16,0,0,0,21,0,0,0,24,0,2,1,4,0,13,0,0,22,11,0,8,0,18,16,0,6,5,0,0,8,17,22,16,0,14,20,12,15,23,0,18,0,10,19,25,11,5,6,0,13,2,4,0,1,25,0,6,0,4,11,18,17,5,24,9,1,0,0,0,0,23,14,20,12,21,0,10,22,0,10,0,25,0,21,0,1,0,0,19,20,22,0,23,0,0,13,0,16,17,5,0,7,6,0,22,0,0,12,14,20,23,0,0,0,18,0,0,15,0,5,0,0,0,21,25,0,2,0,0,5,3,0,0,13,0,0,14,12,0,17,4,2,1,0,22,0,0,0,0,10,0,0,18,21,0,0,0,4,6,5,0,13,0,10,0,24,11,0,0,20,18,9,23,8,0,17,16,0,22,15,23,0,0,18,0,0,0,25,0,0,16,0,3,0,0,14,2,1,4,19,12,0,13,0,0,0,0,0,0,4,6,22,21,0,0,8,17,0,0,0,0,0,0,0,12,20,11,0,9,17,18,0,0,10,0,0,3,1,0,12,0,15,0,0,14,25,11,21,0,7,0,0,4,16,12,21,8,23,0,0,10,16,0,14,7,9,6,0,4,2,20,0,5,3,0,0,22,0,0,7,11,4,6,16,25,0,9,0,20,0,3,0,5,0,12,24,17,8,0,0,0,23,21,13,0,24,0,0,20,8,17,18,0,12,0,21,10,16,23,7,0,0,15,13,2,0,0,0,0
0,0,14,24,0,11,17,18,0,12,0,0,21,0,0,0,6,0,0,15,5,3,0,2,1,0,10,0,18,0,0,0,3,23,2,20,0,0,0,24,25,11,9,14,21,8,16,4,7,0,6,16,7,11,4,19,15,0,25,20,5,0,0,0,18,24,17,0,12,0,10,13,0,14,23,1,5,0,0,3,21,6,0,0,7,0,0,0,17,13,16,0,18,0,10,0,0,24,0,11,23,25,12,21,8,24,10,0,13,0,11,7,0,6,0,20,0,0,2,5,0,0,15,17,0,4,6,0,1,2,7,3,13,0,10,12,25,24,11,0,18,0,8,0,23,0,0,0,15,16,0,0,5,3,0,0,16,0,0,15,0,0,0,2,0,19,0,11,22,25,23,21,18,0,0,12,14,22,16,0,9,23,24,20,0,15,18,13,0,0,0,0,21,5,3,1,4,8,0,0,0,0,10,0,0,2,0,4,0,0,23,20,22,14,0,13,0,17,15,16,3,11,6,5,0,0,18,0,23,17,0,8,11,0,0,3,5,16,0,6,14,0,4,10,1,0,0,13,19,9,25,15,24,7,12,0,11,19,10,8,13,4,6,9,5,1,16,2,0,0,21,23,20,0,14,0,23,13,22,16,14,25,0,1,0,18,0,12,0,15,9,20,0,0,0,7,6,0,4,0,11,0,9,20,21,0,12,23,0,18,17,8,14,0,22,5,10,6,0,7,0,2,1,0,15,5,1,3,0,14,0,13,6,9,4,0,19,0,20,16,15,21,23,0,24,22,0,0,8,0,0,8,4,6,18,0,0,7,15,5,0,3,2,23,1,22,25,0,13,0,11,17,0,0,19,16,9,0,17,22,0,20,0,14,23,0,21,0,24,0,0,5,0,25,6,2,1,0,13,0,14,24,0,0,23,4,2,1,0,0,0,0,0,0,11,0,0,16,0,18,6,7,19,20,5,0,0,25,13,0,5,18,17,11,0,2,9,0,0,0,0,14,12,19,20,15,8,0,21,10,15,0,20,0,19,10,22,8,0,0,0,23,7,5,0,3,0,1,0,0,25,18,0,0,0,0,3,0,0,1,6,7,0,19,9,0,15,25,0,20,0,0,0,17,13,16,0,11,0,12,0,0,0,14,15,8,9,10,7,0,4,1,5,0,2,17,0,20,16,0,24,25,23,22,0,21,22,23,25,24,13,0,0,12,0,19,0,20,18,0,0,8,10,0,9,0,5,0,0,3,0,0,1,4,0,0,24,0,0,21,0,0,10,0,0,0,0,0,11,14,19,0,17,16,18,18,17,0,0,0,3,0,0,0,1,14,0,0,0,12,21,23,0,24,22,9,0,7,6,8,0,7,6,9,10,18,19,20,17,0,21,0,23,22,0,2,3,5,1,0,0,15,12,11,13
0,13,15,12,14,9,0,0,6,0,16,19,17,20,18,0,22,0,0,21,5,2,4,0,1,24,22,0,25,21,0,12,15,0,13,0,9,7,10,8,0,0,3,5,2,0,0,0,0,16,6,0,0,0,0,19,17,20,0,18,0,4,0,5,3,11,14,0,15,0,0,0,24,23,0,0,18,20,0,19,4,2,5,1,3,0,25,22,24,21,6,9,0,10,7,15,0,0,0,11,1,3,0,2,4,24,0,0,0,21,11,0,0,0,13,0,19,0,20,17,0,7,9,0,6,13,0,17,11,22,6,0,7,20,0,21,10,24,23,0,0,0,15,16,8,0,0,2,4,0,21,0,18,0,0,0,0,1,13,4,8,17,9,22,0,25,6,5,7,11,0,14,20,0,0,0,0,25,0,8,16,0,14,23,12,0,5,0,1,2,0,0,22,24,10,0,19,7,6,9,9,16,1,0,0,0,0,8,21,10,25,13,4,6,7,0,20,14,12,23,17,11,18,0,24,0,5,7,14,0,0,9,0,0,17,0,12,0,0,15,0,2,4,0,3,8,16,22,10,13,0,7,16,6,3,12,13,24,0,0,15,23,0,17,0,10,1,2,4,0,0,21,8,25,0,17,2,4,0,1,23,0,21,0,0,5,3,13,0,0,22,0,24,0,0,0,6,16,12,15,0,11,0,0,12,0,0,0,0,0,0,1,0,0,0,20,23,9,0,0,13,5,3,0,0,0,0,0,10,15,1,8,0,25,2,22,0,0,0,0,5,3,0,0,6,0,20,23,0,17,0,14,22,9,0,3,6,11,5,7,0,8,0,0,0,15,16,12,17,13,4,0,1,0,19,3,0,2,1,0,0,16,17,0,19,4,6,0,0,0,0,12,25,0,22,7,0,21,0,5,0,0,11,16,7,22,10,12,8,25,0,0,1,0,0,18,0,21,23,15,6,9,13,0,4,4,9,6,5,13,21,20,23,0,14,24,7,15,0,0,3,0,16,2,0,19,10,11,22,8,0,0,0,22,0,13,0,2,0,15,0,0,0,21,0,4,7,10,6,5,23,24,12,0,18,0,21,0,15,0,7,0,0,4,0,13,0,0,16,17,8,11,0,0,0,0,0,25,0,0,0,10,0,23,16,0,25,3,0,1,0,0,20,9,19,7,0,0,0,4,18,8,0,0,12,0,1,3,18,5,10,21,0,14,23,7,0,16,4,6,12,8,0,0,24,9,25,15,19,20,0,0,0,0,25,0,24,0,0,11,0,15,5,0,0,23,0,19,0,16,22,0,6,21,7,12,15,19,24,0,0,0,16,7,6,17,0,0,13,22,0,21,11,0,25,0,23,5,1,2,7,0,9,0,11,18,0,0,0,0,12,21,0,0,23,0,0,1,3,20,16,13,0,24,14
19,20,18,17,0,0,1,2,0,3,7,0,0,0,10,21,22,0,23,0,0,15,12,14,11,24,25,0,0,0,0,11,12,15,13,2,0,1,4,5,6,7,9,0,10,0,0,17,0,16,4,5,0,0,1,25,23,22,0,0,17,18,16,19,0,11,12,0,13,15,0,10,7,9,6,0,10,8,0,0,19,0,0,20,18,12,0,11,0,15,1,2,4,0,5,23,25,21,22,24,14,0,13,12,0,9,6,7,10,0,25,0,0,21,23,0,17,19,0,0,0,5,0,4,1,0,8,10,0,21,0,0,4,0,7,3,16,9,2,1,0,0,18,5,17,0,0,0,20,0,0,7,5,19,0,10,0,24,23,0,0,12,13,0,0,0,3,0,4,1,15,16,8,18,9,16,14,0,11,23,5,18,0,0,2,20,4,0,8,0,0,19,0,6,21,22,0,0,13,0,2,0,4,0,0,0,8,0,22,16,19,0,21,0,18,23,14,20,15,0,5,7,11,6,25,25,18,0,0,0,12,20,0,0,15,14,5,23,6,0,13,0,22,0,0,0,0,3,0,21,0,0,9,0,19,23,15,0,0,20,6,7,5,0,16,0,0,8,25,11,2,4,14,0,10,23,21,0,0,10,0,0,13,0,0,8,0,17,0,4,0,0,16,0,0,24,0,19,25,22,0,11,0,6,5,8,0,21,25,0,9,14,0,23,22,0,18,0,0,0,12,0,13,16,0,17,22,0,0,15,1,19,6,2,4,21,11,25,0,0,10,5,0,0,0,9,8,0,23,20,1,4,2,0,25,16,0,0,11,0,0,19,18,0,13,17,20,0,0,0,7,21,6,3,5,10,13,23,21,14,11,7,16,4,0,0,1,2,5,3,0,25,0,0,0,0,0,24,8,12,5,0,1,0,0,24,0,20,9,19,23,10,22,0,21,12,8,0,0,0,6,0,0,15,7,20,0,11,24,12,15,0,5,3,0,0,17,0,0,0,0,4,6,21,22,19,18,16,0,23,8,16,6,0,7,18,17,10,13,0,24,0,0,20,19,0,23,0,0,3,0,9,0,21,0,0,19,22,15,0,21,0,25,0,0,0,6,7,11,9,0,0,10,24,16,0,3,20,0,2,13,0,0,1,3,20,9,0,0,11,0,0,8,17,14,18,24,12,16,23,0,6,0,7,0,22,12,25,0,8,2,3,1,0,0,0,0,19,7,11,4,0,0,0,6,0,0,15,24,18,11,17,19,0,0,6,4,8,18,10,1,23,0,24,2,5,0,21,0,0,0,0,22,0,13,21,0,14,20,18,0,24,0,12,25,5,0,0,13,0,8,10,11,0,0,0,2,1,0,3,7,6,0,5,0,22,0,23,0,17,15,21,10,18,0,0,0,25,14,2,0,0,9,11,8
4,17,0,0,0,0,22,12,10,0,0,15,21,18,0,0,16,0,20,11,2,5,14,0,0,0,20,0,15,0,9,11,17,0,0,12,0,0,0,14,0,0,0,23,2,6,10,18,8,4,0,22,19,10,11,18,21,0,0,14,17,1,16,0,2,0,0,13,9,6,7,0,12,0,0,3,14,0,0,25,4,0,6,0,24,0,9,20,8,0,0,15,18,21,12,22,17,0,23,0,18,16,23,0,12,0,13,0,1,15,0,0,0,4,6,0,22,17,0,0,0,0,21,19,9,2,1,3,23,5,7,8,16,4,0,21,25,11,0,9,12,24,20,0,0,18,22,0,0,0,0,11,18,0,17,2,5,3,0,0,0,4,0,7,13,22,23,16,10,21,24,19,0,20,0,0,24,16,13,10,0,18,19,0,0,0,20,1,2,3,7,0,0,6,9,0,0,8,25,0,7,0,22,4,6,0,0,0,24,11,10,16,0,23,18,14,0,25,17,8,0,0,0,5,0,20,19,0,25,15,14,10,0,0,23,0,24,17,12,22,0,0,0,1,3,11,6,4,16,7,23,15,0,14,20,0,0,1,3,4,6,11,0,0,0,21,0,0,0,18,17,0,0,0,0,9,0,21,19,7,0,16,14,11,12,13,10,22,17,24,15,0,8,0,25,5,0,1,3,18,25,0,0,0,0,0,6,0,0,0,18,8,0,0,16,0,11,0,0,17,10,0,23,24,21,0,5,0,11,0,21,0,0,22,10,20,23,0,0,0,0,0,2,0,0,13,7,6,4,25,0,10,8,16,22,24,0,0,9,0,2,3,0,0,0,23,14,6,0,7,12,0,19,11,20,22,0,11,21,0,0,0,24,13,9,1,14,2,0,0,0,0,3,7,0,23,20,0,0,15,15,12,0,0,16,0,23,0,0,0,25,19,24,0,0,17,8,0,0,4,0,9,7,13,5,0,0,0,0,1,0,0,11,6,7,16,13,12,15,0,0,9,23,0,0,8,24,25,0,10,0,7,0,5,0,0,17,0,14,16,0,18,9,0,0,25,0,12,11,24,1,4,2,6,0,17,9,0,20,23,0,1,4,8,2,3,6,0,5,21,18,10,0,0,0,0,0,11,14,22,0,3,0,2,4,6,0,0,0,0,22,0,0,24,25,0,12,14,0,15,0,0,20,17,0,16,0,0,17,19,11,14,15,0,13,0,2,3,1,0,24,25,21,22,23,9,0,0,7,6,6,0,10,0,9,22,0,25,23,21,19,17,18,16,20,1,2,4,3,5,14,13,0,0,0,21,23,25,0,0,16,19,20,0,18,14,12,0,0,0,0,7,9,8,0,4,0,0,0,0,0,13,15,12,14,1,0,0,0,0,0,7,8,0,10,0,17,0,18,20,25,21,24,22,23
0,10,0,0,13,24,17,18,9,0,0,3,21,0,1,0,15,0,0,12,5,7,23,0,14,0,6,0,21,9,0,12,0,0,0,13,0,0,22,24,0,0,0,0,0,4,25,15,8,0,3,4,2,1,25,20,5,0,0,0,0,8,9,0,16,24,0,0,0,10,0,0,13,22,0,11,0,18,17,24,0,0,0,22,15,0,0,19,0,12,4,0,6,0,13,0,1,0,2,3,14,0,20,0,23,13,4,1,3,2,0,11,25,5,7,0,16,22,8,0,24,18,21,10,19,17,0,19,20,16,11,13,0,0,0,4,2,1,3,5,0,8,0,0,9,22,23,24,21,25,0,3,4,5,0,6,0,10,0,0,22,21,24,0,25,17,0,0,0,19,13,0,0,14,12,0,8,0,10,6,0,21,25,23,0,19,0,16,0,20,12,13,15,11,0,3,5,1,0,2,22,0,24,25,21,16,18,0,17,19,14,12,0,0,15,2,3,5,0,4,0,10,6,9,0,0,13,14,15,0,0,3,0,2,4,9,7,6,0,10,22,0,0,0,25,18,20,16,0,0,8,11,17,18,12,2,1,3,25,0,0,0,7,6,0,0,19,0,14,24,10,0,22,16,0,13,24,10,16,0,0,0,19,15,18,5,20,2,0,3,25,0,0,12,0,6,9,7,11,0,4,21,6,22,0,12,11,0,24,0,10,16,23,19,0,5,1,0,2,15,17,0,0,25,0,25,19,15,9,0,0,23,0,21,0,0,0,0,0,0,0,0,0,0,11,0,0,0,0,18,23,0,5,3,2,0,6,16,0,0,0,0,0,11,9,0,22,13,17,18,15,0,0,0,24,15,20,0,7,5,9,0,0,16,11,12,0,0,25,14,8,0,18,4,6,23,2,0,0,1,0,14,25,2,3,0,24,6,5,0,11,0,8,20,19,0,17,0,0,0,21,12,10,0,0,0,0,11,19,8,18,14,23,20,21,17,0,0,16,0,0,25,0,24,7,9,0,4,13,5,24,16,12,23,18,3,0,2,1,0,7,5,4,0,6,19,0,21,0,20,25,14,0,17,0,9,0,0,6,4,0,0,12,0,22,24,15,0,0,23,1,0,0,3,2,20,11,0,7,16,0,9,0,24,0,25,0,4,0,0,0,6,5,7,21,14,0,11,0,0,0,13,18,0,10,6,12,0,14,0,0,20,21,18,23,25,0,22,24,0,0,0,0,5,3,0,0,17,0,8,21,0,8,11,22,19,0,24,0,0,1,14,10,2,0,0,20,0,0,0,0,0,5,3,6,18,2,1,0,19,5,7,11,6,3,0,0,15,0,17,21,24,25,10,0,14,22,0,0,0,0,7,3,13,10,15,0,0,0,17,23,18,0,9,8,6,0,2,19,0,0,24,25,12,21
21,0,0,15,0,6,0,4,0,18,9,0,0,19,11,0,12,13,22,14,23,0,3,2,24,0,19,8,0,22,0,0,24,15,12,0,23,20,14,0,16,17,3,1,2,0,5,4,6,13,12,0,0,24,0,20,0,9,0,21,3,0,1,0,0,10,7,4,0,0,25,22,0,14,0,0,2,3,1,0,22,0,0,23,0,4,6,5,24,0,20,0,8,9,19,0,15,10,0,18,13,0,4,0,0,2,0,3,1,0,8,12,10,25,22,0,0,18,15,23,20,0,0,0,0,2,1,0,0,0,0,0,0,24,23,0,7,19,0,6,15,18,9,0,16,0,11,0,17,22,0,0,0,11,5,13,7,25,4,6,21,8,22,0,15,14,20,0,23,12,16,3,9,1,2,20,12,23,14,15,0,0,8,0,22,13,0,0,4,2,5,6,0,11,0,24,0,21,18,10,7,21,9,19,6,0,0,18,3,0,23,14,11,12,16,22,13,17,0,0,4,20,0,0,8,22,0,0,16,10,12,15,0,0,19,24,0,9,17,25,4,2,21,0,0,5,14,0,7,6,19,20,16,17,0,9,8,0,0,10,11,15,12,13,14,0,0,0,2,5,22,25,24,23,0,0,25,21,0,23,0,3,0,0,5,16,20,17,0,0,0,14,11,0,15,8,7,6,10,0,4,5,1,2,0,19,18,16,17,0,6,0,0,0,9,0,0,0,0,25,13,12,11,15,14,0,10,0,0,8,14,0,0,12,15,22,0,23,0,24,18,0,16,17,20,3,2,1,0,0,0,0,11,12,0,0,21,0,22,24,1,5,2,3,4,8,0,6,7,10,18,0,16,20,19,1,0,0,18,0,8,0,10,0,25,5,11,6,0,0,0,16,0,13,17,14,9,20,22,0,8,11,22,21,25,23,20,0,0,0,0,0,0,0,0,0,0,0,14,0,7,6,5,0,0,16,0,0,6,0,3,0,0,13,7,10,21,18,20,23,0,0,22,0,0,2,8,0,0,0,0,0,17,0,0,0,12,22,14,0,0,4,0,2,0,7,3,0,6,0,0,10,18,13,0,0,0,10,0,0,1,0,0,0,0,15,0,14,0,0,9,23,20,18,0,11,21,0,24,0,15,9,20,25,0,11,0,7,0,4,14,0,0,0,10,17,0,12,24,22,1,18,0,3,5,0,0,0,0,11,0,19,0,0,0,2,0,25,1,0,6,15,7,0,0,0,0,22,21,16,0,16,14,0,0,21,23,0,25,8,0,19,0,0,18,1,5,2,20,3,6,4,7,9,11,0,3,2,23,0,18,0,17,10,13,0,16,4,0,0,11,21,14,0,0,0,24,12,19,0,0,22,7,0,21,15,1,2,5,3,12,9,24,11,20,19,10,0,16,18,17,0,14,8,0
0,0,0,20,0,23,21,0,0,22,0,0,7,0,0,1,4,2,3,0,13,14,12,0,0,4,2,0,0,3,11,13,15,0,12,0,19,17,0,0,22,24,23,21,0,8,0,7,6,0,21,25,24,23,22,0,8,0,9,0,1,4,0,5,3,0,14,0,13,15,18,19,17,0,20,0,0,11,15,0,0,0,0,0,0,0,22,0,25,23,0,0,0,8,10,0,0,0,1,5,9,7,0,10,8,1,0,0,0,2,11,0,0,0,13,16,19,0,18,20,23,24,22,0,0,0,24,0,19,15,17,22,13,18,10,14,0,25,0,11,0,0,0,6,16,1,5,0,0,0,0,18,2,0,1,0,6,0,0,16,0,8,0,22,0,0,0,21,0,0,19,15,0,20,9,0,4,0,0,6,12,23,8,21,25,2,0,20,3,0,17,18,15,22,0,24,10,13,0,16,0,0,0,21,10,0,19,9,0,20,0,0,0,0,0,0,5,0,1,0,0,0,8,0,18,0,0,0,0,17,2,0,3,15,5,23,10,0,0,19,12,20,0,11,0,21,0,4,0,0,13,0,4,0,9,0,0,12,7,0,0,0,1,0,16,18,0,20,14,23,0,0,0,8,0,24,0,0,0,0,4,10,18,0,0,0,0,22,14,0,0,11,0,19,0,0,21,15,5,7,0,0,8,14,25,0,11,0,20,0,4,0,5,0,0,0,13,1,0,2,0,0,0,18,23,7,16,0,11,20,3,5,0,2,1,18,24,15,23,0,8,0,10,0,0,17,13,9,0,6,0,0,10,12,21,13,17,16,22,23,0,0,0,0,20,0,7,5,0,6,0,0,1,0,2,0,21,0,24,0,0,0,0,1,6,0,23,18,8,9,15,0,0,16,0,7,0,5,10,13,0,0,0,22,0,10,24,25,0,21,0,16,0,17,12,0,3,0,7,11,0,1,0,0,4,3,0,0,16,7,0,20,17,0,18,10,1,14,4,0,0,12,13,0,0,25,8,0,22,0,15,10,0,0,19,0,0,11,0,0,0,0,0,21,7,0,0,8,2,4,9,0,20,17,0,0,8,17,0,2,0,9,7,3,13,22,0,0,0,0,10,0,0,20,21,0,16,0,15,14,8,20,15,25,4,18,2,0,5,3,17,0,10,24,22,0,16,0,0,14,6,7,19,0,21,0,19,0,18,0,8,16,0,0,9,25,0,11,7,0,13,2,3,4,1,0,20,14,23,12,0,0,23,0,5,20,0,0,12,11,21,0,3,1,4,24,0,0,0,0,10,22,16,13,8,22,11,13,17,0,21,14,23,10,24,0,0,0,16,0,20,0,19,0,7,4,0,0,25,1,0,0,9,0,16,25,7,0,0,4,19,20,0,12,14,0,15,0,10,8,0,18,0,24,17
21,25,23,0,0,4,1,2,0,5,16,20,0,0,19,0,12,15,0,0,0,10,6,0,8,8,0,0,7,10,14,11,0,13,15,24,23,0,25,21,18,0,20,19,0,0,5,0,0,3,0,0,0,2,5,19,16,17,18,20,0,10,0,0,9,23,0,25,24,21,0,15,11,12,0,0,0,0,17,0,0,6,0,0,0,11,0,0,0,14,3,2,5,0,1,22,25,0,0,0,13,14,11,12,15,24,0,0,0,25,0,5,0,2,0,8,0,0,9,6,19,20,0,0,0,0,6,0,8,18,11,0,16,19,17,3,0,23,0,0,20,15,7,21,5,12,14,13,0,0,17,0,0,23,16,7,0,5,24,0,10,12,21,15,18,0,0,0,25,3,0,19,8,0,20,11,20,0,0,21,13,3,0,15,2,0,0,25,22,0,16,0,0,0,0,0,0,0,0,0,25,7,24,15,0,21,18,20,0,23,4,6,0,5,0,22,0,19,0,0,0,2,0,1,0,5,2,0,1,14,0,0,0,25,0,19,0,20,16,0,0,0,0,0,4,0,0,18,15,21,14,10,21,24,0,0,20,0,5,0,13,0,12,0,0,4,3,1,0,0,18,0,9,0,15,0,5,18,3,1,16,23,0,12,0,0,0,4,0,8,0,19,0,7,0,13,24,0,10,0,7,13,0,0,6,0,0,22,0,0,9,1,16,0,2,5,11,17,18,0,0,0,19,23,0,15,12,0,0,19,0,24,9,17,0,23,7,0,14,6,0,16,8,22,13,2,1,21,0,4,0,17,8,9,0,2,13,3,0,0,0,18,0,19,10,0,14,0,20,0,0,0,25,11,5,19,0,0,20,9,0,2,25,1,3,22,21,10,0,16,11,0,0,0,12,15,13,0,4,0,22,0,17,0,13,8,7,4,6,16,12,19,0,0,0,0,0,0,5,2,0,0,14,0,0,1,15,2,5,0,20,0,0,11,9,14,0,17,0,0,0,4,22,0,7,10,0,23,0,19,0,0,0,25,0,18,17,0,22,19,0,9,0,0,11,24,0,0,10,14,5,3,2,20,0,6,11,7,16,0,10,0,21,23,13,2,0,1,18,5,19,0,9,15,0,0,0,12,24,0,4,1,0,0,0,0,15,14,16,22,0,24,11,21,12,7,0,0,0,0,23,0,20,0,9,20,0,15,18,0,0,0,0,9,0,5,16,7,6,0,25,21,0,0,0,1,0,0,14,2,12,16,0,0,11,0,0,0,0,4,0,0,19,0,15,0,20,24,23,0,0,0,0,0,7,24,0,0,21,25,3,5,6,7,11,0,0,14,9,23,2,18,4,1,0,16,17,15,13,12,9,0,5,13,7,0,0,18,20,21,0,4,2,0,1,12,0,14,16,0,25,0,0,19,24
13,0,10,14,0,25,0,20,0,15,0,0,0,0,0,16,11,4,0,0,0,0,22,0,0,0,6,0,7,4,0,1,2,3,0,24,15,12,20,19,10,18,13,0,0,14,11,0,0,25,0,0,20,12,24,0,21,0,22,6,13,17,14,0,8,5,0,0,2,0,23,0,0,10,16,19,22,18,0,15,0,24,14,16,10,4,6,7,0,9,0,21,8,12,23,2,0,3,5,20,3,0,0,2,25,8,11,0,0,17,23,0,22,16,21,0,24,0,0,19,7,6,13,0,0,21,20,23,10,18,6,0,0,14,0,8,0,0,1,4,13,0,0,5,9,22,0,11,25,19,11,0,0,5,6,18,0,19,0,1,9,0,20,23,22,0,8,0,0,24,15,12,0,0,13,0,2,1,25,8,0,0,0,0,23,0,0,0,15,13,0,16,11,22,12,5,7,21,0,0,22,0,17,0,14,0,0,10,0,3,21,11,25,12,0,6,1,0,19,0,0,0,8,23,18,24,9,12,0,0,0,25,22,11,8,0,0,5,0,16,0,0,0,0,0,10,2,4,1,14,0,4,0,13,3,0,15,23,12,0,0,0,0,10,18,9,0,22,0,0,0,5,0,0,11,0,10,0,0,22,11,5,24,0,18,0,16,0,0,1,0,13,0,0,7,19,14,12,20,23,14,12,0,23,11,19,0,9,0,7,0,4,15,0,0,3,5,1,0,2,0,0,0,13,10,18,17,25,24,0,0,10,13,0,0,14,5,23,6,7,0,12,0,0,0,0,4,1,0,3,7,0,6,20,0,3,0,0,0,0,0,12,13,0,17,24,0,0,0,0,0,0,16,18,8,12,25,22,8,0,0,0,4,6,13,0,0,19,0,0,1,0,0,3,5,18,0,23,24,0,0,0,0,3,0,0,16,0,23,0,0,0,8,17,14,0,20,21,0,11,0,10,0,0,0,0,19,11,0,16,0,20,0,7,0,1,23,3,24,0,0,6,18,0,10,13,0,0,12,22,6,24,0,4,5,1,0,0,2,25,0,21,10,0,12,23,0,16,13,17,8,20,0,0,9,23,0,0,0,0,0,22,0,0,11,5,9,0,0,6,0,0,12,24,25,3,0,0,17,1,20,0,19,16,17,0,23,0,0,24,7,0,0,0,0,0,0,0,1,3,0,13,15,14,0,0,13,0,0,12,17,18,16,20,19,25,22,24,21,0,7,9,10,6,0,0,3,0,4,2,5,0,0,1,0,0,13,11,15,0,0,18,16,19,0,22,0,24,23,21,6,8,10,0,7,25,0,24,22,23,0,8,6,10,9,2,3,0,0,5,0,14,0,11,13,16,0,20,0,0,10,8,0,6,7,2,0,1,5,4,12,13,11,0,0,17,19,20,0,18,24,0,0,22,0
19,0,1,4,2,6,11,0,0,3,0,25,0,8,0,0,16,17,13,0,0,0,14,20,23,15,6,16,0,0,0,0,20,10,23,0,7,5,0,13,0,0,11,19,24,0,0,2,17,1,0,0,8,0,25,0,24,0,19,12,0,17,15,23,0,10,1,4,14,0,16,6,7,0,3,0,5,3,13,7,14,22,16,15,17,4,2,0,1,6,0,23,8,18,9,24,21,11,25,12,17,20,0,24,0,8,4,2,25,1,0,11,22,16,0,5,3,21,0,0,13,10,19,18,15,16,17,19,20,0,12,0,13,11,14,0,10,6,0,0,0,4,0,0,3,0,25,22,24,0,0,22,24,0,0,17,20,0,0,19,3,5,0,0,0,11,0,0,0,0,10,0,8,6,0,11,12,14,0,13,0,0,3,1,4,0,24,23,25,0,0,0,10,0,8,20,0,0,0,19,0,7,9,10,0,0,25,21,22,0,13,15,0,14,0,16,0,0,17,18,0,0,3,1,4,0,2,0,0,3,7,10,8,0,0,18,20,0,19,0,0,22,0,21,0,0,0,13,0,14,25,0,0,1,4,19,7,5,20,0,14,23,21,0,0,0,0,0,0,15,17,0,12,13,22,23,0,0,12,15,0,0,0,13,2,16,0,8,17,0,25,0,7,11,5,18,0,0,0,10,24,11,0,17,0,22,0,10,21,15,7,0,0,13,4,0,20,12,0,14,1,3,0,0,0,0,0,7,21,0,11,14,12,23,16,0,0,0,0,3,17,13,24,10,22,0,0,4,15,8,0,16,22,8,10,0,0,0,24,25,15,0,0,0,11,0,2,1,0,4,7,0,0,23,6,14,13,0,0,24,0,19,22,17,18,23,0,12,0,25,2,5,3,20,1,0,4,0,0,11,0,25,0,9,19,0,0,23,0,0,0,4,7,11,16,12,8,22,24,17,3,0,1,0,5,2,23,5,3,1,0,16,6,7,8,22,0,17,18,10,14,21,9,25,0,0,24,15,12,20,0,0,0,0,0,25,3,0,0,5,19,9,0,0,20,0,15,0,4,6,21,0,0,0,0,7,4,0,22,21,24,9,0,12,20,1,3,0,15,5,0,0,18,16,19,0,13,0,14,25,0,0,0,0,0,16,17,0,9,11,0,0,4,0,8,13,12,14,0,25,2,1,23,3,24,3,0,25,0,14,5,6,24,4,7,17,0,13,22,23,8,0,0,9,20,12,15,0,10,18,18,24,0,23,16,0,2,0,0,0,11,21,9,0,0,0,7,6,5,0,0,22,25,0,0,8,0,11,0,22,0,23,0,18,0,25,12,24,0,0,0,17,2,0,16,6,0,9,0,0,0,0,13,0,17,0,0,25,8,22,0,14,3,2,0,18,0,23,0,21,0,16,20,19,0
0,0,0,16,0,0,21,0,0,10,9,20,11,8,19,0,0,7,0,4,25,2,0,0,1,0,0,0,0,0,13,9,5,6,0,1,0,17,0,0,0,23,0,20,18,11,0,8,22,0,0,5,1,14,0,7,20,16,0,0,15,21,24,0,23,25,0,22,10,0,0,6,4,0,9,6,0,0,18,4,24,0,0,2,3,22,25,0,13,0,19,17,11,0,0,21,7,0,20,15,20,11,19,21,0,17,0,0,14,8,5,0,7,0,6,15,2,13,1,0,12,23,18,0,24,17,16,9,22,0,10,24,19,0,0,11,5,0,25,7,0,1,2,0,13,0,12,23,0,0,0,0,3,0,18,0,4,0,25,15,0,22,0,17,0,12,14,0,0,23,0,21,0,6,19,13,7,0,0,25,2,16,0,0,0,23,0,0,0,12,0,8,0,22,21,18,0,24,0,11,0,0,11,19,20,0,0,14,0,23,3,4,0,21,1,17,18,0,0,24,0,8,13,10,16,10,14,0,23,21,0,0,0,17,13,0,15,18,9,16,5,7,6,0,20,0,0,0,0,3,11,0,0,4,7,5,0,0,0,2,0,0,8,0,0,0,13,10,0,0,0,9,20,0,0,0,1,5,0,2,0,17,13,0,14,0,19,10,0,0,11,9,20,24,12,6,0,0,21,0,0,22,10,13,17,20,15,24,0,0,25,11,0,14,0,6,16,0,0,0,5,0,0,1,23,21,0,25,8,0,0,6,4,0,7,20,1,5,0,0,22,19,18,15,17,10,16,14,24,13,24,0,20,0,14,16,0,23,0,0,4,6,15,0,0,0,3,5,25,0,17,0,0,11,8,23,20,0,0,0,3,0,0,16,0,14,0,1,0,0,9,24,0,13,19,0,0,22,0,21,1,0,0,0,0,0,0,21,0,25,18,0,0,0,8,16,22,0,14,15,3,13,10,7,0,0,9,0,0,0,0,2,8,0,17,0,24,0,0,0,20,21,0,0,10,0,0,15,12,0,8,24,0,25,10,23,0,9,0,0,13,12,0,15,17,7,11,0,6,5,0,4,19,0,18,16,0,14,11,22,15,19,10,0,0,6,0,3,5,0,2,0,1,8,0,23,24,0,9,20,0,0,22,0,0,0,0,0,20,0,0,0,0,6,0,0,0,0,0,1,14,0,11,13,0,0,13,0,15,11,4,3,0,5,0,17,18,0,0,20,21,25,24,23,0,0,0,6,8,0,19,18,0,20,16,14,0,12,15,11,21,23,22,24,0,0,0,9,7,6,0,0,0,0,2,4,0,0,0,1,0,8,7,0,6,12,13,0,11,15,18,0,19,17,16,0,0,21,0,22,0,0,7,10,6,0,0,0,0,24,2,3,4,1,5,0,0,14,12,11,19,20,16,0,17
19,0,13,0,0,24,0,23,0,0,4,2,0,1,25,22,11,0,14,12,7,21,5,6,0,7,6,0,0,0,0,0,8,0,21,0,0,0,0,0,0,17,0,0,20,2,0,0,14,0,2,0,0,17,1,14,12,16,0,0,0,20,18,0,0,0,0,3,13,0,24,0,22,0,0,0,21,24,0,12,0,0,0,0,5,0,16,14,17,15,19,2,1,6,4,0,0,20,18,23,14,0,22,20,0,0,0,1,19,18,11,0,6,0,0,0,0,0,21,0,12,17,15,13,0,0,0,3,0,5,9,19,0,20,25,13,23,0,0,14,7,4,11,0,0,17,22,0,0,8,6,4,9,7,0,16,24,10,0,13,19,22,15,18,0,12,8,0,25,23,0,0,0,20,0,0,23,21,0,16,18,0,17,0,0,3,1,0,0,0,14,9,0,20,0,6,13,7,4,0,17,0,8,14,25,22,0,6,7,0,0,11,24,20,12,2,3,0,0,1,0,18,0,0,0,15,24,19,12,0,0,1,5,2,23,0,6,4,8,7,17,0,0,10,0,0,9,14,25,21,25,22,0,8,17,0,0,12,18,24,2,15,1,0,0,0,0,20,19,11,10,0,4,5,7,21,15,12,10,18,0,0,25,0,0,6,0,0,0,4,0,0,0,23,17,20,0,0,0,11,23,1,2,3,24,7,20,21,0,15,17,19,16,0,9,0,18,6,0,10,25,0,13,0,0,20,0,11,0,7,6,17,13,0,9,0,25,0,22,0,0,0,2,1,5,21,23,0,15,24,9,5,6,4,13,19,0,0,0,10,23,14,20,21,0,24,0,7,0,0,16,2,3,0,17,0,19,0,21,10,12,15,0,0,0,1,0,3,0,0,0,22,17,9,16,5,7,0,11,6,5,14,7,23,0,8,0,0,13,16,18,0,9,25,0,0,19,0,0,15,0,1,21,0,0,4,20,0,15,8,21,6,7,0,0,0,12,0,0,23,18,1,5,0,2,0,0,17,0,13,0,0,1,0,2,0,5,18,24,11,8,0,22,0,0,0,6,0,0,7,0,0,19,23,20,0,11,17,0,22,0,4,2,25,0,7,5,19,6,20,21,0,0,0,0,15,16,0,0,18,0,7,10,0,0,0,23,24,21,0,0,18,17,19,0,1,0,0,2,3,13,0,11,0,14,22,0,0,24,0,20,0,0,16,17,0,0,12,0,11,0,10,9,0,8,0,0,1,2,0,3,2,0,1,0,0,8,9,0,0,25,21,0,24,22,0,15,0,12,13,18,20,16,17,19,0,12,15,11,14,5,3,4,0,2,10,8,7,9,6,16,20,0,0,18,23,25,24,0,0,0,17,20,16,19,0,0,0,11,12,5,3,0,4,0,23,24,0,22,0,8,10,6,0,0
0,17,18,16,19,21,0,22,0,0,0,4,0,3,5,8,6,0,10,0,0,12,0,0,0,0,12,0,11,0,0,20,16,19,17,7,9,6,8,10,0,0,24,25,22,0,2,0,5,4,25,21,23,0,0,0,0,0,9,0,12,14,0,13,15,0,1,0,5,0,16,17,18,0,19,0,7,8,6,9,0,5,1,4,2,17,19,0,18,20,13,11,14,15,0,23,0,21,24,25,0,2,0,1,0,13,0,11,14,12,0,21,24,0,23,18,0,0,0,0,0,0,8,0,9,23,0,21,18,0,25,12,8,0,10,0,7,0,20,11,17,4,13,6,0,3,1,5,14,2,6,5,10,4,7,0,0,3,13,1,22,0,8,25,14,16,18,12,23,24,0,0,0,21,0,14,0,25,13,0,19,0,0,0,16,1,24,3,0,2,0,5,0,0,0,4,0,10,0,0,0,0,0,3,0,0,23,18,0,0,5,13,4,9,6,22,8,0,19,10,0,0,0,12,0,19,9,20,0,11,0,6,0,7,0,15,18,0,0,12,0,3,0,0,1,13,23,17,0,22,0,10,0,0,13,12,14,23,0,0,0,0,15,4,25,0,0,7,0,0,18,3,2,0,0,16,8,15,9,0,5,0,0,6,0,11,22,13,0,0,0,0,2,1,3,0,24,14,23,10,7,0,5,0,0,4,1,13,2,3,19,10,0,24,0,0,23,20,12,0,8,0,0,0,17,0,3,4,0,2,17,0,0,0,0,14,6,23,5,7,10,13,22,8,0,20,11,0,19,12,0,0,14,19,0,10,8,21,0,22,3,0,9,0,0,5,0,0,17,11,25,0,7,6,13,0,20,0,2,5,0,19,17,18,0,4,0,7,6,9,0,14,10,16,0,0,25,0,8,21,9,25,11,14,21,6,16,0,0,4,24,0,12,15,19,1,0,0,0,23,17,10,22,13,0,22,24,17,12,8,23,13,0,10,21,18,0,0,0,0,19,0,0,9,0,0,16,6,0,11,13,4,6,7,15,1,0,0,5,25,23,16,0,0,21,11,0,0,0,8,14,20,19,9,24,0,16,0,0,10,11,9,0,20,24,0,0,14,0,0,0,7,6,22,0,0,5,0,3,15,0,0,2,10,1,9,0,19,0,0,6,3,5,7,16,25,22,8,11,0,15,18,20,17,0,17,13,12,15,16,7,0,5,0,6,9,23,0,14,22,2,0,1,4,0,10,0,24,0,8,21,6,0,0,3,2,4,25,0,8,0,15,18,0,13,0,17,0,24,20,22,0,12,11,16,8,0,9,0,23,16,22,15,0,0,0,12,0,11,0,7,0,3,13,5,0,0,4,0,1,11,19,24,22,25,20,0,0,23,18,8,0,17,2,4,0,15,0,0,6,0,13,9,7,3
1,0,4,8,2,0,22,0,14,16,19,13,18,0,15,7,3,5,21,6,0,0,9,20,23,0,0,24,0,9,17,0,20,18,23,7,16,0,6,3,0,0,0,4,14,22,11,25,21,0,0,15,0,14,16,2,19,0,6,0,0,24,25,0,0,0,23,20,0,18,10,13,0,5,3,23,10,0,18,0,7,5,9,0,3,2,4,17,8,0,24,0,22,11,19,15,14,0,6,0,3,5,11,6,0,0,10,24,0,0,0,0,20,0,23,12,16,15,17,13,0,0,2,0,1,0,0,0,0,0,13,0,0,0,18,15,19,12,24,0,11,21,14,0,25,0,3,1,0,5,5,2,0,25,1,0,0,0,0,0,0,0,22,23,16,0,0,7,13,0,12,18,11,0,17,18,17,0,15,22,8,12,23,25,0,6,9,0,4,0,1,5,0,0,20,14,16,0,0,10,20,12,0,0,11,3,0,1,5,0,0,8,0,13,25,19,0,23,18,0,0,22,21,0,6,10,14,0,0,23,0,0,6,16,11,1,0,0,18,5,0,8,12,22,24,20,9,0,25,15,0,22,0,23,21,0,11,0,12,0,3,5,1,2,0,18,19,16,20,17,0,10,0,7,9,9,6,0,0,8,20,16,18,17,0,13,0,11,12,0,23,22,24,25,0,1,5,3,0,0,14,0,0,0,13,10,6,8,7,9,0,23,0,0,21,0,4,1,5,0,16,20,18,0,0,19,16,0,17,0,0,1,3,2,4,8,0,6,7,0,13,0,0,15,12,0,0,0,22,24,4,0,5,0,3,24,23,0,0,25,18,0,16,17,19,8,9,0,10,0,11,15,13,0,14,0,21,8,0,10,0,25,0,4,13,16,1,9,3,2,14,20,19,0,23,24,0,0,11,18,0,0,0,0,4,0,0,16,9,17,24,0,21,0,10,0,6,25,0,11,23,12,0,14,20,16,23,14,11,12,1,18,0,0,0,4,0,15,0,8,22,0,17,0,10,9,21,0,0,0,0,20,7,19,0,0,21,0,24,10,0,17,13,0,22,15,18,9,0,8,0,0,4,3,0,25,0,0,0,0,0,20,0,0,0,0,7,23,14,6,4,2,21,1,3,13,8,10,16,22,22,8,0,10,0,0,0,0,1,2,0,11,0,16,7,21,24,18,0,15,4,6,0,9,0,21,18,23,20,14,12,24,0,0,0,9,0,0,0,0,0,17,0,0,0,8,0,0,0,0,13,3,0,1,15,21,0,11,19,20,25,14,8,0,0,10,7,4,6,0,0,0,0,24,0,11,9,17,16,19,0,0,10,0,0,23,2,3,1,24,0,0,13,14,0,0,0,20,0,0,7,4,0,5,0,0,0,17,23,0,0,0,10,0,0,20,0,8,0,9,3,0,14,1,0
0,0,22,10,0,1,9,0,0,0,24,0,0,18,17,13,0,7,0,0,0,0,0,0,0,0,2,3,0,1,0,21,19,10,24,23,15,0,20,12,17,0,16,9,0,0,11,5,7,6,0,0,11,12,0,0,0,0,8,0,9,0,19,0,0,5,1,0,3,18,0,10,22,24,13,20,0,19,5,0,17,13,0,22,12,25,0,0,2,1,10,0,0,24,21,9,8,0,0,18,0,25,0,17,18,0,0,14,0,5,13,10,0,0,0,12,19,15,0,0,21,3,0,1,0,22,24,23,21,0,0,0,0,0,0,0,8,0,9,10,14,0,13,12,11,16,17,18,20,19,16,19,17,18,0,0,0,0,0,0,21,0,0,24,25,4,0,0,2,0,11,12,0,15,0,1,0,2,0,5,20,0,17,19,0,11,13,12,0,15,25,0,0,0,23,0,7,0,10,9,6,9,7,0,10,15,11,12,14,13,1,0,2,4,0,19,0,0,17,16,24,21,0,25,0,11,14,12,13,15,23,24,25,21,0,16,18,17,19,20,9,0,0,0,0,1,2,0,5,4,19,12,13,0,0,16,0,0,0,0,0,0,0,8,11,23,17,0,0,15,0,14,2,4,1,10,23,0,0,21,4,17,8,1,2,15,12,0,16,0,0,7,9,13,0,22,19,0,11,25,15,17,14,0,22,0,25,0,0,11,10,7,0,3,13,0,2,4,0,19,20,18,0,8,0,5,3,6,7,11,22,20,0,23,0,0,0,0,1,0,0,25,24,0,10,15,0,12,17,16,0,0,8,0,4,13,18,10,0,19,17,9,20,0,0,0,11,12,0,22,0,0,7,0,3,2,5,25,0,3,0,22,23,16,0,12,11,8,0,18,24,0,19,20,0,0,4,0,0,15,17,18,15,22,19,9,0,4,11,0,14,24,13,10,0,0,0,0,25,0,2,0,1,0,0,12,0,0,11,9,8,14,0,0,17,7,0,4,0,22,15,3,1,5,2,0,16,19,0,10,0,8,4,6,16,19,12,24,0,0,0,1,23,0,3,18,13,22,0,17,0,0,0,0,21,14,0,21,23,13,3,0,18,5,1,0,19,0,15,0,11,0,0,0,7,0,24,17,0,8,0,0,16,19,17,0,3,1,0,0,0,20,15,21,0,0,0,10,8,4,13,0,25,14,12,0,7,5,24,6,12,0,15,18,21,3,14,1,0,2,0,16,17,23,0,8,0,20,0,11,8,22,0,0,0,11,19,16,0,0,0,17,0,0,6,2,14,5,0,3,0,15,0,0,0,18,21,0,14,0,0,4,0,13,9,8,22,10,11,19,0,12,25,15,24,3,1,0,0,0,3,13,1,15,0,0,0,22,17,0,0,16,24,12,0,20,0,11,0,0,0,5,0,6,0
14,15,13,0,12,0,5,1,2,0,18,0,20,16,0,6,7,9,10,8,25,0,21,22,0,4,5,0,1,2,8,10,6,7,9,13,12,15,11,14,21,0,0,0,0,20,17,0,0,19,19,0,0,16,17,0,15,11,12,14,0,21,25,0,22,0,2,4,5,0,0,7,8,0,9,0,24,21,0,0,18,20,0,0,19,8,7,10,6,9,0,12,14,0,0,5,2,3,1,0,0,0,8,0,7,22,23,24,25,21,3,2,0,0,4,0,17,0,0,0,15,0,13,11,0,13,6,7,0,0,16,0,0,0,0,14,23,12,19,0,24,11,18,17,5,8,22,10,0,15,0,0,0,8,9,24,0,0,19,0,5,0,0,25,6,23,14,0,0,15,0,3,4,13,2,12,19,0,20,0,5,0,23,14,6,4,0,1,0,0,13,0,22,8,0,18,0,17,24,25,5,1,0,18,0,4,25,15,0,0,22,10,24,0,13,9,19,0,21,0,0,11,0,23,16,0,0,14,21,24,12,17,13,11,22,15,8,0,9,18,0,3,2,1,0,0,19,0,0,6,0,0,0,0,5,0,8,0,13,0,0,0,18,23,0,7,4,6,22,21,9,0,11,12,20,18,0,0,0,0,0,19,12,24,20,0,0,0,0,21,2,23,5,0,1,0,4,6,0,8,24,9,0,14,0,10,0,0,23,16,0,0,0,7,15,0,0,0,0,11,0,25,1,2,0,21,8,23,12,25,0,9,7,4,11,1,20,3,0,5,0,0,10,16,24,0,0,0,17,0,0,4,6,7,16,0,3,2,0,0,17,24,22,12,0,20,25,15,9,19,0,0,23,0,0,22,16,17,0,23,21,12,10,15,0,20,0,0,8,11,0,0,25,0,14,0,5,0,4,0,2,0,0,0,1,20,11,19,16,7,0,15,0,18,24,4,0,13,0,0,0,0,25,8,22,20,21,11,9,19,25,0,0,0,0,10,5,6,4,7,0,24,0,0,0,0,1,0,0,13,7,12,0,24,15,0,6,0,5,13,16,0,0,0,17,0,10,11,19,0,23,20,0,0,0,6,0,0,0,0,0,2,0,1,0,0,22,0,0,12,5,15,21,7,0,0,16,19,9,0,0,0,4,19,6,0,24,25,0,12,0,0,8,20,0,0,5,0,13,0,22,0,16,0,0,16,11,12,22,14,0,13,0,10,15,7,6,0,0,0,0,20,0,24,9,0,8,2,25,1,0,0,9,5,0,2,0,0,8,1,24,19,11,22,25,15,0,0,14,12,21,18,0,10,0,8,0,0,0,21,14,22,0,0,0,0,13,17,0,16,19,18,0,4,0,11,6,0,0,0,23,0,20,0,18,0,16,5,6,0,2,0,0,10,0,22,0,0,0,25,24,13,0,0,0
17,22,19,0,15,13,10,0,24,14,0,4,11,9,7,3,0,5,1,20,12,0,23,8,0,0,0,0,20,24,4,6,0,0,7,0,0,0,0,14,18,23,10,0,16,0,0,1,0,0,14,23,13,10,21,0,0,0,19,0,1,18,0,3,2,0,12,0,0,24,7,16,6,4,0,7,0,16,8,0,23,5,3,1,2,15,24,0,19,12,9,14,21,0,0,0,0,0,13,18,0,1,3,0,25,8,17,18,11,0,10,0,16,0,22,13,7,0,0,4,0,20,19,9,24,24,17,0,0,9,16,22,0,10,0,5,14,6,7,0,1,21,2,4,3,0,0,15,19,0,0,5,7,6,19,3,2,1,4,25,12,11,0,0,13,16,9,18,0,0,21,24,0,23,10,0,0,14,16,11,0,0,21,6,9,4,20,8,25,0,24,17,13,0,10,18,0,2,1,0,21,10,0,15,22,11,18,17,5,0,0,3,0,1,0,12,0,20,14,0,25,4,7,6,0,0,4,1,0,3,0,20,0,0,23,0,19,10,18,0,0,0,0,5,0,0,9,0,22,17,4,24,0,0,5,1,25,2,0,3,21,15,18,12,0,0,8,0,0,9,13,23,0,16,0,3,15,0,0,1,24,12,0,0,0,0,0,0,14,8,6,0,7,10,0,0,19,0,0,20,9,0,17,11,0,15,0,0,20,5,23,0,24,2,3,14,13,0,25,22,4,0,0,18,0,8,0,0,22,0,0,13,6,17,4,20,0,7,11,19,23,0,24,0,15,0,1,0,14,0,18,0,23,21,20,0,11,19,0,8,0,0,13,6,4,2,3,17,16,1,24,15,25,0,0,15,16,22,17,0,5,3,13,0,10,11,21,12,24,25,8,20,0,0,18,0,0,0,2,0,19,9,0,0,13,21,0,11,25,22,7,0,3,16,5,4,0,1,0,14,15,18,0,17,0,25,2,4,1,8,0,0,24,9,0,19,0,15,13,18,0,5,0,7,6,22,0,0,0,16,5,0,0,3,0,0,0,0,2,0,0,9,23,0,0,0,0,16,12,13,0,21,24,25,0,0,0,21,23,18,6,16,14,12,15,2,8,0,0,17,0,0,0,0,19,0,13,0,0,3,11,0,15,14,0,0,19,20,18,0,22,25,0,0,0,0,1,4,3,2,0,7,0,10,9,22,0,25,24,23,7,9,10,8,6,3,2,4,5,0,20,16,19,0,0,11,0,13,15,0,16,0,20,19,0,0,0,25,23,21,8,7,0,10,6,15,11,0,13,0,1,0,3,0,4,6,8,10,0,0,0,4,5,0,0,13,12,14,0,0,25,0,22,0,0,16,0,18,0,19,0,0,5,4,2,0,0,0,0,11,18,0,0,20,16,10,6,9,0,0,23,22,21,24,0
0,4,0,10,0,12,0,25,22,13,24,0,2,0,0,0,17,0,0,19,20,21,7,0,5,20,9,0,11,0,0,0,0,0,0,0,0,0,0,8,1,2,0,0,15,16,12,23,0,0,7,24,12,25,15,0,2,16,1,3,0,9,6,5,4,0,0,21,0,0,22,11,19,10,0,2,0,14,5,1,24,23,21,0,18,7,0,11,16,19,10,0,22,8,25,17,0,6,0,4,0,0,0,17,23,11,0,20,0,8,18,0,0,0,0,5,6,7,0,24,14,25,2,0,3,0,5,7,0,13,0,0,0,19,22,0,2,4,8,17,18,21,23,10,20,12,0,14,6,15,0,22,11,0,0,3,0,7,6,5,0,0,13,10,18,8,0,1,25,0,9,23,24,20,17,1,19,2,4,0,23,0,9,18,0,12,11,24,21,0,14,22,17,15,16,0,3,0,5,10,0,15,17,20,0,0,4,0,0,0,3,7,16,6,5,13,0,12,0,0,25,0,0,21,22,0,10,25,0,21,16,0,12,0,0,23,0,0,9,20,0,11,3,5,7,2,1,4,18,0,18,0,13,0,10,21,0,0,0,0,0,15,19,0,0,4,0,0,7,6,1,0,3,23,2,24,0,9,0,20,15,13,6,4,7,0,10,21,0,22,25,0,0,2,1,0,0,0,8,0,15,0,3,1,0,0,0,19,0,0,25,17,8,13,0,0,0,20,12,11,21,0,22,0,7,0,12,0,0,0,5,0,1,20,2,0,6,0,0,0,0,19,0,17,22,24,10,0,13,14,0,7,4,6,16,0,22,17,0,12,5,1,3,18,0,21,13,10,0,23,0,15,9,25,0,5,18,0,2,3,13,0,22,0,17,0,4,0,20,0,11,14,16,0,12,6,0,21,0,0,13,25,6,7,0,20,12,14,23,19,0,16,0,3,9,0,8,15,0,0,0,0,17,11,0,12,0,19,15,11,2,1,0,3,0,6,0,0,14,23,0,0,25,0,17,10,22,8,16,0,10,21,0,0,24,0,16,0,0,0,22,0,17,11,13,19,0,6,20,0,4,2,0,0,25,17,8,22,16,0,6,0,5,11,25,0,0,0,0,21,0,1,2,13,4,15,0,12,14,23,0,23,0,21,22,0,10,8,7,6,19,18,0,17,16,2,5,4,0,3,0,14,15,12,0,14,0,15,13,0,0,20,18,17,0,4,0,5,0,1,23,0,24,22,21,0,9,10,7,0,0,0,0,8,0,4,5,3,2,0,21,0,23,25,24,0,15,0,11,13,18,19,0,17,16,0,0,0,0,17,22,25,0,0,0,0,13,0,12,11,7,10,9,0,8,3,4,5,0,0,4,1,5,0,2,14,0,13,12,0,9,0,10,7,6,17,0,19,0,18,0,24,25,22,0
0,14,11,0,16,15,8,20,25,4,0,0,21,9,0,0,3,0,18,1,22,17,13,10,24,0,0,0,20,0,0,22,11,17,12,2,0,0,25,3,14,24,10,21,0,15,9,0,8,0,17,18,9,0,25,23,6,14,0,5,0,10,0,0,16,0,11,12,0,19,4,0,0,3,1,0,8,22,0,0,9,2,0,1,0,0,5,17,0,11,7,4,13,0,0,0,0,20,23,0,4,0,3,0,2,21,0,19,0,24,0,15,12,0,14,0,9,17,8,0,5,0,6,11,0,0,9,24,0,20,14,25,0,0,0,0,0,22,7,4,1,0,0,0,3,0,0,10,16,0,1,3,0,0,0,0,16,23,21,10,17,11,0,12,0,19,20,0,14,0,6,7,0,4,0,22,19,15,17,0,7,0,4,0,0,10,24,0,0,0,23,25,21,0,8,1,2,0,20,3,23,0,21,0,0,2,5,0,3,1,15,0,9,0,0,0,16,0,7,4,17,12,0,24,22,6,16,4,7,8,0,0,24,0,15,5,0,3,0,0,22,10,0,0,13,11,0,21,25,9,20,21,0,0,0,17,1,8,4,0,16,0,14,15,6,9,13,0,0,0,0,22,25,0,11,9,24,13,0,12,5,3,6,0,7,0,25,11,22,0,20,0,23,0,17,0,10,0,0,4,0,4,0,25,1,0,15,10,0,0,0,9,24,17,20,0,14,0,22,11,7,5,3,6,21,7,11,0,0,3,20,0,0,0,14,0,0,4,19,18,24,0,8,10,25,0,15,16,0,0,0,22,0,0,0,25,0,21,0,0,0,0,13,10,5,4,0,1,0,0,0,20,23,18,8,3,5,2,0,0,16,19,0,0,0,14,0,15,0,0,0,0,0,23,24,0,0,0,0,10,0,20,17,0,19,6,9,0,10,8,0,0,25,0,22,0,2,0,1,0,13,0,14,12,15,0,0,0,0,9,0,0,0,15,0,4,3,0,1,2,18,0,19,16,20,0,0,22,0,25,0,15,0,0,0,0,21,25,23,22,0,18,20,16,0,8,7,9,0,0,3,0,4,0,5,21,25,23,22,0,1,0,0,5,3,0,8,10,6,0,13,12,0,0,0,0,16,0,0,0,0,23,20,18,0,0,13,0,6,0,11,22,19,8,0,0,15,7,24,12,0,0,0,0,0,19,17,16,0,11,3,0,1,2,0,21,20,0,5,0,10,8,6,4,18,25,13,0,22,0,0,2,1,3,13,0,17,22,14,0,0,0,23,18,24,0,0,20,9,21,10,4,0,5,6,0,12,10,8,22,0,0,16,11,20,0,0,6,0,9,5,1,2,3,14,21,0,24,0,23,0,0,5,4,0,10,18,15,0,21,0,14,2,0,1,0,23,0,0,16,20,8,11,0,0
16,12,0,11,14,25,0,15,8,0,0,0,0,3,0,13,0,22,10,24,21,7,0,0,9,0,4,13,3,1,18,0,21,10,24,16,17,8,0,0,6,0,5,11,7,12,0,14,0,23,6,5,20,19,0,17,0,13,0,12,0,0,0,0,0,18,9,0,0,0,1,0,3,0,25,25,17,24,0,18,0,0,0,0,5,15,12,0,0,19,0,0,4,3,1,8,22,0,10,13,0,0,0,22,8,0,3,9,2,16,7,13,0,0,6,20,0,0,0,12,17,0,11,0,24,24,21,22,23,25,0,0,1,0,0,0,14,0,0,15,19,0,0,0,20,10,0,7,8,6,0,13,0,12,15,23,25,24,0,22,0,0,0,0,0,4,0,3,2,5,20,0,0,18,16,0,0,0,2,0,20,17,16,0,0,0,25,23,22,24,9,6,0,7,10,0,14,12,13,11,19,18,0,17,0,10,7,6,9,0,3,0,0,0,0,0,11,0,12,15,0,0,0,0,21,0,0,6,7,0,0,0,0,0,13,18,19,16,17,20,0,24,23,21,0,5,4,0,3,1,7,24,4,0,6,12,15,0,0,21,17,22,0,23,16,0,8,0,0,0,2,25,0,14,3,21,14,18,20,0,0,5,4,0,9,0,0,0,0,0,17,3,16,1,2,0,11,10,0,8,0,25,8,0,12,11,16,0,0,0,5,0,0,1,14,0,0,0,0,23,6,0,0,17,0,0,0,0,1,2,14,0,0,0,25,11,0,9,0,21,7,4,0,0,0,23,0,24,16,18,11,19,0,16,17,0,1,3,24,0,10,6,4,0,18,12,13,25,22,0,7,21,0,0,0,0,0,5,0,11,0,0,20,23,14,0,8,10,0,25,16,15,0,0,17,4,0,18,2,19,17,16,0,0,22,24,0,25,0,11,4,0,19,0,2,0,0,9,0,8,13,3,0,0,10,23,0,10,18,21,0,8,0,1,2,9,3,5,0,7,0,22,24,0,11,14,16,0,0,0,0,9,19,0,0,16,6,5,3,0,20,23,0,18,0,1,10,2,14,4,11,0,0,0,22,1,0,0,0,4,0,0,0,15,0,12,16,22,0,11,3,0,7,0,21,24,23,20,9,0,5,1,2,25,0,21,23,0,0,10,19,24,14,0,9,0,0,6,4,0,0,17,0,11,12,18,22,17,15,19,0,4,7,0,0,0,21,0,25,8,0,0,1,20,0,16,10,13,24,14,20,11,0,24,9,8,13,14,25,0,1,15,0,5,3,0,0,19,0,0,22,6,4,0,0,0,0,14,21,13,3,0,2,5,1,0,0,0,0,4,8,0,17,24,22,0,15,0,19,0,8,6,7,0,16,0,24,12,20,15,22,18,17,0,0,21,14,0,0,9,3,5,23,0,2
3,0,0,13,4,0,10,0,0,18,0,14,15,0,0,0,0,0,25,7,9,0,17,0,0,0,25,18,0,17,23,0,0,14,0,8,0,10,0,13,4,2,3,21,0,11,15,12,20,19,0,0,8,21,10,0,2,16,0,1,17,0,0,0,24,0,20,23,0,12,0,7,0,25,0,0,0,7,20,5,13,0,0,0,17,1,3,0,2,0,15,18,8,0,16,0,14,10,0,23,0,16,0,23,0,0,8,0,20,25,21,0,6,7,9,0,0,0,17,24,3,0,0,18,1,20,21,23,18,14,0,0,9,0,0,19,0,0,11,0,16,17,1,0,2,0,0,7,24,0,16,0,0,9,19,3,0,0,1,0,0,15,20,21,0,0,12,22,13,0,0,0,6,0,18,0,0,12,8,25,0,0,20,16,11,6,0,0,13,0,0,24,15,0,23,1,5,0,3,0,0,13,0,3,15,0,17,25,0,14,23,24,0,12,18,10,0,0,4,0,19,11,20,9,21,5,0,6,0,0,0,18,0,15,12,2,1,14,0,3,0,11,9,8,19,23,0,22,13,16,12,0,15,11,13,24,0,0,0,0,20,17,0,0,16,3,0,2,1,5,7,8,9,6,0,0,0,25,0,0,0,0,3,0,5,0,7,8,9,6,18,19,17,16,20,12,13,0,0,0,17,0,20,16,18,0,0,8,0,10,0,0,23,24,21,0,0,0,11,15,2,3,4,0,0,0,4,0,1,3,16,0,18,0,20,15,0,13,0,11,8,9,0,0,0,0,0,25,0,24,0,0,0,6,8,11,14,0,12,0,0,0,3,4,0,0,0,21,24,0,0,18,19,0,0,0,0,0,12,11,0,25,17,13,0,22,0,21,0,7,19,0,16,23,0,5,1,0,0,3,21,10,13,14,23,0,5,1,18,3,0,0,19,15,20,17,8,24,0,0,0,6,0,0,0,0,0,16,0,6,0,0,15,24,0,3,23,1,0,2,11,21,25,0,9,0,0,0,17,13,25,0,3,2,1,22,0,0,0,0,0,8,0,0,12,0,15,4,0,0,0,19,24,0,0,15,0,19,17,0,0,11,6,0,9,16,13,24,0,14,1,0,0,2,0,0,23,0,0,8,13,0,0,19,9,5,0,0,6,0,11,0,0,8,22,0,1,0,0,4,0,20,0,0,17,18,0,21,0,20,17,1,0,0,4,14,6,12,16,15,0,25,0,0,11,0,9,0,5,7,6,0,11,5,0,20,23,14,0,22,4,18,2,1,0,0,16,13,0,17,21,0,0,10,25,8,1,0,0,0,0,15,0,0,0,0,0,0,23,0,7,0,6,5,21,14,12,16,0,11,14,0,22,15,0,25,12,11,21,0,13,0,0,3,0,9,23,0,20,0,0,4,0,0,0
0,18,0,12,8,0,1,0,3,2,20,14,0,0,24,0,0,22,0,0,4,13,15,0,7,21,0,0,0,0,24,0,0,9,0,5,0,0,3,0,17,13,0,0,25,16,0,0,19,23,1,0,5,2,0,0,6,8,0,0,10,0,0,13,18,15,0,12,0,20,25,0,21,0,14,19,9,15,0,25,21,23,10,0,14,16,0,0,4,11,0,18,2,3,0,0,22,8,17,12,24,16,10,0,13,0,0,18,19,0,25,12,23,8,0,6,0,0,9,0,20,0,5,1,2,13,15,0,11,12,2,3,0,5,1,0,23,0,0,0,18,0,0,20,19,7,0,9,8,0,0,20,0,0,17,0,0,14,15,11,0,0,0,10,0,0,0,24,23,21,0,5,4,0,1,0,0,4,0,0,7,8,9,10,0,17,16,0,20,19,0,12,11,15,14,21,25,0,0,0,23,25,24,0,0,17,0,19,20,16,2,1,0,0,0,8,0,6,10,0,0,15,0,0,11,8,10,0,0,7,0,0,0,0,0,12,11,0,15,0,3,2,0,5,4,0,0,0,0,16,0,23,0,0,0,1,15,0,0,0,19,9,11,0,20,0,22,0,0,0,0,0,7,10,4,0,0,13,0,9,10,0,22,12,0,1,3,0,14,2,0,16,19,11,7,15,23,24,21,18,14,2,25,3,0,5,0,0,6,4,23,13,17,16,0,0,15,10,12,18,9,19,11,20,0,0,19,11,8,0,20,0,21,0,18,15,0,25,12,0,9,0,0,6,0,1,0,0,16,0,0,7,21,5,15,16,19,0,0,0,8,4,0,18,0,0,0,3,0,0,22,14,12,0,13,5,0,0,24,11,22,10,15,0,0,0,25,7,6,13,16,3,9,1,2,23,0,0,14,19,0,0,20,23,14,3,4,0,0,13,9,0,0,22,17,0,19,21,18,10,11,7,0,0,25,4,0,2,0,0,19,5,0,7,0,0,0,14,23,0,12,11,13,0,0,0,16,18,15,9,6,21,0,0,19,11,12,0,14,23,0,18,2,1,5,0,20,15,25,8,10,24,13,22,17,10,8,0,0,16,0,0,25,18,0,11,0,15,0,12,5,0,23,0,0,0,0,0,0,0,7,13,3,0,5,14,16,17,22,0,0,0,4,2,1,11,21,25,24,12,18,0,23,9,20,9,24,0,0,0,8,2,0,4,25,14,0,0,0,16,19,10,0,13,0,0,21,0,0,5,0,14,16,0,6,0,20,23,0,10,0,0,9,7,0,0,8,17,0,1,19,11,25,24,22,2,4,1,19,0,0,7,0,11,5,0,10,24,25,0,14,9,0,0,23,13,17,0,0,0,25,0,8,22,0,0,0,0,0,19,0,15,20,17,23,7,0,5,16,3,14,4,0,0,10
14,0,11,21,25,12,24,15,0,0,3,0,0,1,0,0,0,7,16,8,0,0,0,10,0,0,0,19,10,16,14,13,17,8,25,0,0,0,0,7,24,0,12,9,20,2,0,1,0,0,2,3,1,5,20,7,4,6,9,0,0,0,0,24,0,0,22,0,0,18,12,0,23,0,21,0,0,6,15,0,22,23,0,21,16,18,0,17,0,12,25,1,0,3,5,14,9,0,0,24,12,0,17,8,0,0,18,1,3,5,9,25,15,0,20,21,23,14,13,0,7,0,6,0,0,0,0,16,17,1,4,5,0,6,0,0,10,0,22,0,20,14,0,0,21,24,12,25,15,7,13,0,25,0,22,0,1,0,0,24,7,15,21,0,0,0,19,0,0,11,4,0,10,0,6,8,19,20,0,0,0,15,21,12,18,2,0,25,14,0,5,24,4,0,7,13,0,17,0,22,0,6,10,7,5,8,0,25,0,17,23,0,0,16,18,1,0,0,0,0,9,21,11,19,0,18,23,21,24,15,0,16,0,11,0,0,9,13,17,0,10,25,0,0,22,0,14,5,1,0,21,1,4,0,0,23,14,5,7,6,0,16,22,0,13,9,17,24,18,25,20,19,0,0,12,0,24,0,0,10,15,20,4,25,8,21,19,0,0,9,0,12,23,0,0,18,1,2,0,5,9,16,15,18,0,0,11,0,17,0,1,3,2,0,25,0,5,20,0,6,21,23,0,0,10,0,12,14,0,23,0,3,16,1,2,0,11,18,5,24,0,10,21,0,15,25,6,7,4,0,0,0,5,6,11,21,19,24,18,10,0,14,20,15,0,3,4,0,0,0,0,22,0,9,0,1,5,3,0,2,24,25,22,0,0,20,17,0,0,16,12,13,0,0,14,6,10,8,7,9,24,0,23,0,21,11,12,13,15,14,0,2,4,3,1,7,8,6,10,0,16,0,18,0,19,6,0,0,9,7,16,0,18,0,19,15,0,14,13,11,0,3,0,5,0,23,24,21,22,25,0,20,0,0,17,1,0,0,5,4,10,7,9,0,0,23,21,22,25,0,11,15,13,0,14,11,15,0,14,0,0,0,8,10,0,25,0,24,0,21,0,18,0,20,19,0,5,0,0,4,5,21,0,3,6,0,10,0,0,15,0,0,0,9,17,0,2,25,0,1,0,11,12,14,0,10,0,2,1,0,0,6,7,16,0,0,21,0,25,22,0,0,19,24,0,15,0,0,18,23,0,0,0,16,13,20,9,14,22,0,4,18,1,2,19,0,7,0,11,3,10,25,0,21,8,20,0,9,0,18,0,21,11,24,0,0,0,3,0,10,14,16,15,22,0,0,2,4,0,0,0,11,24,0,0,0,8,2,4,1,14,0,16,12,0,0,0,10,0,0,0,7,9,13,0
20,19,14,12,23,0,21,0,15,22,0,0,4,7,0,17,5,18,11,24,9,0,0,2,0,0,9,15,0,0,5,0,0,6,0,0,21,24,0,0,1,4,2,3,25,13,0,17,22,0,6,0,0,7,0,0,0,1,0,0,0,8,0,16,22,0,15,0,14,23,21,19,18,0,24,0,0,22,24,10,0,0,14,0,11,5,18,3,2,0,21,0,0,0,9,15,20,25,0,0,0,21,4,1,3,0,24,18,25,0,12,20,11,0,19,8,0,22,16,13,0,14,7,6,5,11,0,20,19,0,0,0,0,7,5,22,13,0,17,0,2,0,0,1,3,0,0,0,18,0,17,3,0,2,0,0,18,23,21,20,0,24,0,25,12,19,22,11,0,0,0,5,6,13,0,7,0,10,0,5,15,0,2,0,1,0,0,19,11,0,0,16,0,0,18,0,22,0,17,25,0,18,21,0,0,25,0,12,22,0,2,0,1,5,14,6,0,13,0,4,19,16,11,0,20,0,0,25,0,22,0,9,17,0,0,6,4,8,10,0,7,20,21,0,0,3,1,2,24,0,0,10,2,4,14,0,19,24,12,0,0,15,0,20,0,11,25,0,21,22,5,6,16,3,0,23,20,9,8,0,16,15,22,17,0,0,0,0,4,0,13,0,0,0,0,25,21,24,12,0,25,0,0,0,0,20,10,21,0,18,0,0,0,9,0,0,12,0,6,0,17,8,4,0,0,0,5,7,0,6,2,25,4,0,8,16,22,14,0,11,24,0,0,0,0,0,0,13,15,19,16,0,12,0,13,0,5,11,0,6,8,10,21,24,25,4,2,0,0,0,0,0,22,23,14,4,1,3,0,0,0,11,15,14,12,9,0,0,0,10,20,18,0,17,16,0,25,23,21,22,9,6,8,0,7,3,1,0,4,2,0,23,22,0,24,15,13,0,12,0,16,17,20,19,0,22,24,0,25,0,0,6,0,0,0,0,0,17,0,20,5,0,4,0,1,11,0,15,14,0,0,16,0,20,17,21,22,0,0,0,14,11,12,0,15,10,0,9,0,6,1,2,5,0,3,14,11,13,15,12,18,0,20,19,17,0,0,2,3,0,25,23,0,22,0,6,0,10,9,8,0,7,0,13,4,1,2,3,0,25,0,0,0,0,9,0,11,0,8,12,0,23,21,16,0,8,0,0,22,24,23,14,13,0,21,0,0,0,6,4,0,0,0,0,0,0,18,0,5,1,21,14,11,0,0,6,0,16,8,4,0,0,10,22,0,0,1,5,23,2,0,24,0,20,0,5,2,0,3,0,0,17,19,0,0,0,12,0,0,8,16,24,10,0,0,0,4,0,0,0,0,23,19,18,0,11,12,9,0,0,15,2,5,1,0,22,0,0,4,7,0,13,8,25,17
0,24,0,22,0,20,21,18,10,0,16,14,12,0,6,5,0,3,13,0,17,1,0,4,8,0,7,0,0,21,2,4,8,25,1,23,24,9,0,0,22,11,0,0,0,18,15,0,13,10,0,12,13,0,17,7,0,0,5,3,0,4,0,19,0,0,25,0,21,24,0,23,14,22,9,23,9,0,20,8,16,22,0,0,17,3,0,7,10,0,0,2,1,0,0,25,12,11,0,21,1,2,14,10,4,9,0,0,0,12,0,0,0,22,0,15,17,23,0,20,5,0,7,0,6,10,19,0,23,18,11,9,24,0,0,0,22,0,0,4,2,3,0,0,0,0,0,17,8,0,21,0,0,0,0,0,0,4,0,0,0,3,1,0,23,17,13,0,10,0,12,20,0,19,24,0,17,24,0,22,23,13,21,0,10,0,0,0,20,0,0,4,0,16,0,2,5,0,3,18,15,0,0,0,13,0,3,25,2,5,17,0,11,12,8,14,9,0,20,19,22,16,10,21,0,0,0,20,0,0,0,19,0,0,18,0,0,24,14,0,12,0,21,25,23,7,0,6,9,0,0,20,0,0,0,0,6,5,0,7,25,0,14,3,0,13,16,22,23,17,0,0,21,12,0,0,0,15,0,23,0,0,10,8,22,0,0,17,0,9,0,0,0,1,0,19,7,20,0,0,17,16,1,3,2,0,23,20,0,21,0,19,22,8,10,24,0,7,15,25,4,13,9,0,5,7,10,5,0,6,15,2,0,3,13,0,23,16,0,24,9,21,20,0,11,0,17,25,14,0,12,25,22,0,14,19,17,0,9,0,0,0,0,0,0,4,18,0,8,10,0,24,0,2,0,4,0,2,1,0,0,0,12,0,0,0,0,0,16,17,6,0,0,0,0,24,0,22,0,25,0,23,21,0,0,0,0,7,6,0,0,5,0,1,2,0,20,19,17,18,0,14,13,15,12,0,8,7,0,10,0,5,2,0,4,14,15,0,11,12,23,0,0,22,21,0,0,0,0,17,19,0,0,0,20,21,0,0,0,0,9,10,8,6,7,11,15,0,12,13,0,0,3,0,2,0,0,12,11,15,18,0,17,16,19,24,25,23,0,0,0,5,0,0,0,0,9,0,0,7,13,22,0,17,0,12,14,11,23,16,7,21,0,9,0,18,0,5,0,2,15,8,0,25,20,2,0,0,21,1,17,18,0,0,25,22,8,10,0,16,20,0,0,0,15,0,0,0,7,14,0,15,8,0,0,5,7,0,0,6,0,1,4,25,3,0,23,10,24,0,0,22,12,17,11,0,14,0,19,12,0,8,0,21,15,18,17,0,24,11,25,6,13,0,7,9,2,0,1,3,0,5,11,25,7,0,1,3,13,2,0,12,15,23,0,0,0,0,9,0,0,10,24,0,19
5,3,1,2,23,19,0,12,15,24,0,13,17,22,10,25,14,0,0,0,6,0,4,0,8,0,18,11,12,0,21,16,22,10,23,0,0,14,19,20,4,0,0,6,0,1,0,25,3,5,0,9,0,20,0,3,0,0,0,0,11,4,7,6,0,24,0,0,0,0,0,14,21,13,10,0,16,24,14,13,9,0,7,6,4,21,0,12,0,25,20,2,0,1,0,0,0,0,19,18,0,0,0,7,0,8,0,0,0,13,15,3,2,0,5,0,0,0,19,18,11,0,0,0,0,0,5,0,1,0,0,14,0,0,0,19,0,0,0,17,21,24,22,0,25,0,0,7,10,0,19,20,0,16,17,0,21,24,22,25,0,0,6,8,7,2,0,0,3,5,0,11,12,15,14,0,10,0,0,7,5,4,0,0,2,14,15,11,13,12,0,16,0,18,20,21,0,23,25,24,0,15,13,11,0,20,19,16,18,17,25,0,23,21,22,0,6,9,8,10,0,1,2,0,4,24,25,23,0,0,10,9,0,8,7,4,0,1,0,2,12,11,14,13,15,18,16,17,0,0,12,23,0,18,24,0,17,8,25,22,0,0,9,11,19,5,4,7,0,0,15,3,0,0,13,25,2,14,3,0,12,18,10,21,15,22,0,0,17,0,0,0,11,0,19,0,4,0,6,0,0,19,22,0,10,6,13,4,0,5,0,12,24,0,0,0,3,0,16,0,0,18,0,23,0,21,0,20,5,0,2,24,0,23,1,0,0,4,0,0,22,0,0,0,14,19,9,0,17,11,13,6,17,4,0,11,7,19,0,16,2,14,3,5,0,0,0,0,0,23,0,0,10,0,22,0,0,0,15,6,0,0,17,0,8,0,7,5,9,13,19,0,25,24,0,0,0,18,21,23,0,13,0,10,5,0,12,25,0,0,0,2,19,4,0,0,0,23,9,0,16,0,14,0,0,0,11,25,22,21,0,0,0,0,0,23,17,0,20,18,14,10,1,0,0,9,0,0,0,0,1,0,2,19,18,22,23,20,14,9,8,25,0,0,21,0,0,0,0,17,7,0,0,0,0,23,24,0,17,0,13,15,18,19,10,16,11,22,12,14,0,0,0,7,0,0,0,0,0,1,20,0,15,0,0,18,10,0,24,19,17,22,8,0,9,11,25,0,5,0,4,13,3,0,2,18,17,5,0,11,1,2,9,16,0,0,0,0,7,4,23,0,0,0,0,10,0,22,8,15,22,8,10,13,0,7,0,23,5,14,0,0,20,15,11,3,21,2,4,1,17,0,9,18,25,2,1,0,0,3,0,22,0,0,11,0,0,0,14,0,8,9,18,15,0,5,20,0,0,0,7,21,6,9,19,25,0,15,0,20,5,1,18,2,3,10,17,13,22,24,12,23,11,14,16
5,1,2,3,0,0,0,6,8,10,13,11,15,12,0,24,25,22,23,0,18,0,0,20,16,0,24,0,22,21,17,19,0,18,0,0,6,0,0,0,0,15,0,0,0,0,0,2,5,0,0,0,17,18,19,12,14,11,13,15,21,23,0,0,25,0,5,0,0,0,8,9,7,0,0,15,11,12,0,14,2,0,0,0,0,0,16,20,17,19,0,0,6,7,0,23,0,21,25,24,10,6,7,8,9,22,24,21,23,25,3,1,5,0,4,0,0,16,0,0,0,14,0,15,11,17,13,11,0,0,3,0,0,4,1,14,21,23,24,10,6,7,20,0,0,0,18,8,16,0,0,21,19,0,10,14,20,23,15,0,16,8,22,9,0,0,0,13,3,0,5,6,11,7,25,0,9,3,16,0,11,18,24,5,17,7,25,6,0,13,0,0,0,22,0,14,20,23,0,19,25,15,20,4,8,19,7,9,0,21,2,0,1,3,5,0,14,0,11,0,0,0,10,24,17,7,23,0,5,6,16,0,13,0,8,15,0,0,11,12,0,0,24,0,0,4,2,3,0,0,9,7,4,6,11,13,10,14,0,16,0,0,0,25,0,0,19,17,15,22,1,5,0,0,2,19,0,24,15,0,23,0,2,0,3,0,17,13,0,18,8,16,0,0,6,0,0,25,9,14,0,0,23,10,0,8,17,0,11,18,19,14,9,0,0,0,0,0,25,1,6,15,4,13,7,3,2,18,1,5,25,0,20,0,0,0,0,4,16,11,10,0,14,21,23,0,0,0,0,12,8,14,13,17,25,4,6,0,21,22,1,2,0,5,15,20,9,0,24,11,0,10,0,0,23,0,0,1,23,24,15,0,0,0,7,0,0,18,8,0,11,0,9,16,19,0,12,22,14,0,0,19,16,20,7,0,0,4,0,6,5,0,14,1,2,0,12,8,10,25,21,24,15,23,18,12,0,15,21,0,1,25,3,14,2,17,13,16,0,22,0,6,4,0,24,20,0,9,19,0,0,8,22,0,17,24,12,0,0,0,11,9,21,0,20,0,2,3,0,0,0,0,5,0,4,6,0,5,9,0,10,11,0,22,19,0,0,12,15,7,0,23,18,20,14,16,17,1,2,3,22,20,0,14,23,18,1,0,0,0,0,0,25,0,8,0,11,5,6,7,12,0,13,17,15,0,0,6,0,3,21,8,22,25,0,0,0,17,0,23,0,24,0,13,0,2,1,14,0,10,4,17,0,0,1,6,0,15,0,14,9,5,7,0,3,0,0,0,18,20,0,0,19,11,22,24,0,21,0,12,0,3,0,7,0,4,0,2,0,1,17,22,15,0,0,9,0,18,8,20,13,0,0,0,15,20,0,17,0,24,0,22,11,0,16,1,4,25,0,0,7,3,0,0,5
0,1,5,0,0,0,6,0,10,0,0,13,0,0,11,23,21,24,25,22,16,0,0,19,20,8,0,10,9,7,0,0,22,25,0,0,3,2,5,0,17,0,19,20,0,11,13,12,14,0,0,11,15,14,12,0,1,2,0,4,19,18,17,20,16,7,0,0,0,6,0,0,0,0,25,0,24,0,21,0,18,0,17,20,0,0,0,7,10,6,12,0,0,0,0,1,0,2,4,5,0,16,20,0,17,13,0,12,15,0,25,21,0,24,23,2,3,4,5,1,6,0,7,0,10,0,14,0,25,0,21,7,4,0,0,15,0,5,3,0,24,11,20,9,0,23,19,16,10,0,0,12,19,0,0,1,0,0,0,0,18,0,0,0,17,0,0,8,16,7,14,0,0,0,9,0,2,0,5,18,0,20,0,9,0,0,6,0,4,7,21,23,10,0,14,0,0,24,0,0,10,22,21,16,0,11,0,8,18,17,0,19,20,0,14,0,0,0,3,0,7,6,4,15,0,0,7,0,11,0,24,14,0,16,10,21,0,0,0,12,0,22,18,0,17,2,0,20,5,0,14,0,22,0,9,0,19,18,4,1,0,0,21,0,10,6,0,3,11,5,0,0,13,16,0,0,0,0,12,21,7,10,0,0,3,1,4,6,0,0,14,16,0,0,0,20,0,0,0,0,0,5,16,3,0,0,22,21,11,0,0,20,18,0,15,0,0,12,24,19,0,2,14,0,4,0,17,4,1,8,12,0,6,14,16,3,0,13,0,0,18,0,0,21,10,22,24,19,0,11,19,18,13,15,10,9,0,20,0,23,16,12,14,11,22,0,2,1,4,25,5,7,6,3,21,0,0,0,0,5,0,0,0,19,11,0,0,15,0,0,20,14,21,23,0,3,0,1,17,2,23,0,2,24,0,20,5,0,7,0,6,0,0,0,4,16,19,11,0,9,13,25,0,12,0,21,0,0,18,0,14,0,1,2,25,22,17,0,0,13,0,0,7,6,0,0,0,9,11,19,20,0,0,7,0,17,4,9,6,13,0,5,0,14,0,10,25,22,12,8,0,21,0,24,23,25,8,14,0,22,0,18,0,0,12,0,0,19,21,9,1,15,0,0,0,4,10,0,7,6,24,21,0,10,19,15,23,14,12,0,0,0,0,22,0,0,0,2,0,0,0,0,0,6,7,0,15,25,0,0,0,9,19,21,0,5,2,3,0,18,0,0,16,0,0,17,22,10,13,0,16,0,1,0,0,5,0,0,17,0,13,7,4,6,25,22,10,15,8,0,19,14,23,20,12,12,0,0,0,11,0,0,3,0,2,0,0,24,0,21,19,5,0,7,0,9,15,8,18,0,5,23,7,6,14,10,13,0,8,22,12,0,11,19,20,9,17,25,0,0,21,4,3,2,0
20,11,0,0,0,0,18,10,12,0,0,0,0,23,0,0,14,3,2,1,0,6,7,24,0,0,0,22,0,13,0,24,3,0,1,10,4,0,0,0,21,0,0,7,15,0,17,0,0,16,21,0,15,0,0,20,7,19,11,0,0,3,2,0,14,13,17,0,0,0,0,0,22,0,10,0,0,5,6,4,0,17,0,14,22,11,9,0,19,0,12,16,18,0,24,0,2,0,0,0,0,17,1,0,3,9,13,4,6,5,0,24,7,0,12,11,22,8,19,0,0,23,21,14,20,1,5,20,3,2,0,0,7,9,0,0,12,21,25,8,10,24,0,0,0,17,19,18,22,0,11,21,25,0,0,15,20,0,19,0,0,0,18,10,0,0,0,0,3,23,7,0,8,0,4,19,10,16,0,23,17,25,14,8,13,0,0,15,0,3,0,21,7,22,4,0,9,20,11,24,0,0,24,22,12,0,5,2,0,18,6,0,11,0,4,0,0,20,0,25,14,0,10,23,21,0,0,0,13,7,10,0,22,0,23,19,0,0,20,9,0,11,0,18,8,0,3,5,1,25,12,0,13,0,0,0,0,0,22,9,0,10,8,0,25,0,2,19,4,0,0,11,3,0,6,24,0,19,11,22,2,0,17,4,8,9,0,3,0,7,16,12,15,14,6,10,21,0,20,18,7,0,0,21,5,19,15,18,13,0,12,22,16,14,0,0,0,17,0,20,25,0,0,2,8,0,0,0,0,10,7,3,5,0,0,20,0,23,18,17,8,25,22,0,0,19,0,0,0,13,9,23,18,0,20,11,12,25,0,21,4,19,0,0,0,0,0,10,13,0,0,0,0,16,0,13,14,0,0,11,0,9,6,0,0,3,1,4,2,5,0,23,21,25,22,0,20,0,0,0,0,9,7,0,6,18,19,0,0,0,21,0,25,22,24,14,0,11,15,0,0,0,0,3,2,0,0,17,20,0,3,4,1,0,2,0,0,14,0,0,9,8,6,0,7,22,0,24,21,0,23,0,21,25,24,13,14,11,0,12,18,16,19,0,20,4,0,1,5,2,6,0,9,8,7,3,0,2,0,1,0,21,0,23,25,8,6,9,7,10,19,0,16,20,0,11,0,0,13,12,0,18,8,0,0,12,22,0,17,11,14,21,10,0,23,0,0,25,0,0,0,7,0,0,19,0,2,3,0,21,0,6,0,7,0,15,20,0,11,0,22,10,0,8,0,24,18,25,0,0,5,0,0,7,25,24,0,21,0,19,16,0,0,9,22,0,0,23,12,0,0,0,0,4,3,14,0,23,12,0,0,0,9,1,3,0,0,13,4,6,18,5,0,17,0,21,0,15,0,0,0,13,0,0,17,4,8,15,25,0,2,18,0,0,0,7,0,0,21,19,23,0,0,0,0
25,17,0,0,0,11,20,19,15,12,4,21,3,0,2,0,0,13,0,16,5,0,0,14,0,0,4,0,13,0,9,8,22,16,17,0,0,11,0,6,12,0,0,0,14,24,0,10,19,0,6,5,0,20,0,0,21,0,0,10,0,9,0,0,18,0,0,25,4,3,0,17,0,0,0,16,12,14,0,0,0,18,0,2,0,22,0,0,0,0,0,0,9,6,19,0,25,8,0,0,15,0,8,21,22,4,0,6,0,13,0,19,23,12,20,17,18,0,0,11,0,1,0,0,0,0,11,0,0,0,0,0,0,1,0,19,23,16,18,10,22,6,7,21,4,17,8,0,0,14,10,23,0,14,21,16,7,4,6,0,0,0,24,22,0,9,0,20,19,25,1,3,5,0,0,0,0,3,0,25,0,0,0,19,24,6,0,4,0,15,18,17,0,11,0,10,21,16,23,22,18,22,0,0,0,0,12,0,23,0,1,2,20,3,5,16,0,14,24,0,0,9,11,0,7,8,0,16,7,4,10,17,13,0,0,11,14,25,0,0,0,0,0,1,0,15,0,20,24,0,19,18,0,0,17,2,0,0,3,0,13,11,12,15,14,0,0,21,23,0,0,10,0,0,0,4,3,0,0,2,22,23,24,0,0,0,6,7,0,9,0,14,11,0,12,0,20,19,0,0,14,13,15,0,0,7,6,0,8,9,0,0,0,5,0,20,19,16,18,17,0,23,21,0,0,24,21,0,0,0,12,0,0,13,0,18,16,0,0,0,0,0,0,0,7,3,0,0,2,1,9,8,10,6,7,0,16,0,18,19,23,0,0,25,22,0,4,1,0,0,0,0,14,0,11,12,0,24,0,13,0,0,0,20,23,2,10,14,0,1,11,0,22,25,21,7,0,3,0,5,3,7,11,5,6,0,0,0,0,0,0,15,0,17,0,0,1,19,2,18,0,22,0,9,20,1,2,4,0,8,14,22,0,0,0,0,5,6,21,3,24,23,0,0,20,0,0,15,10,18,0,0,22,0,0,0,19,0,0,0,9,0,18,8,23,13,0,10,7,5,0,0,12,21,25,23,20,0,10,18,0,5,0,0,0,0,22,19,11,0,0,0,15,12,6,2,4,0,0,17,22,25,0,0,10,0,3,0,0,2,21,0,15,23,24,0,0,0,0,0,0,0,7,0,19,0,19,0,0,0,8,0,0,10,6,25,13,0,0,12,0,21,5,20,15,23,0,24,0,3,0,0,0,3,1,19,0,0,11,0,0,0,5,6,0,23,12,18,0,0,0,0,0,22,8,0,0,23,18,20,15,24,12,25,7,0,3,1,2,17,19,11,8,22,0,9,6,13,0,4,7,24,6,0,5,0,13,16,17,0,20,8,0,0,0,2,25,0,0,1,21,0,0,0,10
0,15,0,11,12,25,18,0,24,9,23,7,0,0,6,8,0,22,0,0,21,1,3,0,2,21,0,23,24,0,0,7,0,0,19,0,17,12,11,22,1,0,2,0,0,0,16,0,15,18,0,2,0,0,0,16,0,0,0,11,0,25,4,0,0,0,9,7,0,19,17,0,0,22,13,25,7,6,4,13,15,8,10,21,0,0,1,0,3,0,17,0,18,5,11,0,0,0,14,20,0,16,0,9,0,0,0,4,0,3,0,18,0,19,10,0,23,0,15,14,25,7,11,5,6,13,17,0,23,0,7,6,0,0,5,0,0,21,0,0,2,3,0,14,0,8,19,9,20,11,9,11,21,19,20,0,0,0,3,1,0,14,0,0,17,23,0,12,16,0,4,0,5,10,0,4,10,0,0,6,0,0,19,0,16,3,0,0,0,0,0,5,21,20,0,13,0,0,25,0,0,0,12,15,0,0,0,0,0,0,0,0,9,5,13,19,8,11,0,10,3,0,0,0,17,3,5,14,1,0,22,0,25,8,10,0,0,20,16,0,6,4,13,0,9,18,0,15,0,24,0,1,3,5,0,0,9,11,12,0,0,8,17,0,0,0,7,6,0,0,0,18,0,19,10,14,0,9,20,24,5,3,0,0,25,22,0,0,0,16,18,12,17,0,8,7,0,4,6,15,7,0,0,0,11,10,0,23,0,0,0,3,0,18,5,0,20,15,0,0,12,22,0,17,8,12,0,0,0,0,18,19,22,0,0,0,9,0,4,11,0,14,0,0,0,0,0,20,1,5,17,0,0,10,0,0,0,0,7,4,12,0,15,24,20,3,2,0,1,0,14,9,0,11,0,10,0,0,0,8,3,11,7,5,6,20,22,14,9,23,0,0,1,2,0,15,17,13,0,16,0,0,0,6,1,17,22,0,15,0,25,24,11,21,12,13,10,0,0,0,20,8,18,0,23,15,0,0,0,23,12,24,9,0,0,5,16,0,6,0,0,22,0,25,21,10,4,14,2,0,5,9,0,13,0,23,21,20,10,0,0,0,0,0,1,14,0,16,12,6,22,11,0,24,0,0,12,11,14,16,0,4,2,0,8,18,0,0,10,15,24,17,23,0,20,0,0,6,0,0,0,0,10,7,0,0,0,13,0,12,0,23,22,25,21,0,0,0,18,17,1,0,0,3,0,0,13,15,12,14,0,25,0,22,0,0,5,3,0,4,10,0,9,8,0,16,0,0,0,19,1,3,5,2,4,0,20,18,16,0,6,10,0,0,9,25,0,0,23,22,11,15,0,13,0,0,0,20,17,19,0,10,8,6,0,11,15,0,12,14,5,1,0,3,0,0,0,0,23,0,0,0,24,22,25,4,0,0,1,2,0,0,18,0,19,15,0,0,0,12,0,10,7,0,9
0,19,24,0,12,2,0,0,1,14,20,15,23,17,0,0,8,22,21,0,6,0,16,7,3,16,15,22,0,17,9,8,0,23,18,4,19,1,2,6,7,0,10,5,13,21,0,24,0,0,20,10,0,18,0,24,0,22,25,0,9,0,3,0,13,12,16,15,6,14,0,0,4,0,0,0,25,4,8,1,0,21,5,0,6,0,22,16,11,0,9,23,17,0,0,10,18,13,0,15,7,5,0,6,0,12,17,0,16,13,24,0,0,25,21,0,0,0,18,4,9,20,22,0,23,0,23,14,0,16,22,24,0,13,10,2,18,5,1,3,6,7,9,19,0,20,0,25,4,8,0,20,0,0,6,15,16,0,0,8,0,0,0,23,0,4,2,0,0,0,11,0,0,12,0,10,0,8,22,15,0,12,19,20,0,7,0,0,0,4,0,18,0,0,0,3,9,1,0,0,0,24,18,0,0,0,1,21,2,3,15,0,0,0,11,0,22,13,0,0,14,0,7,5,0,0,13,0,3,2,5,7,25,6,11,16,0,0,0,0,15,0,23,0,12,19,21,0,24,10,1,2,3,25,0,6,13,0,15,4,19,14,24,9,20,11,0,12,0,0,23,22,21,10,0,22,17,0,0,18,1,0,0,5,0,23,12,21,0,0,24,10,14,13,0,4,0,9,6,11,0,7,16,4,0,11,9,14,21,25,22,0,0,13,10,1,5,2,0,3,0,12,0,0,20,0,14,13,21,0,0,22,0,8,24,6,0,11,4,16,19,0,20,0,9,18,0,3,0,5,0,0,9,0,20,19,18,23,10,16,0,2,0,0,5,21,6,0,4,22,13,0,0,17,25,25,0,12,0,22,0,23,18,0,0,5,3,2,14,1,17,0,4,9,6,16,0,0,20,7,0,9,17,0,11,25,0,13,12,22,0,0,0,0,8,0,21,0,0,7,0,3,0,23,0,14,18,0,20,21,16,2,3,17,1,25,0,7,0,15,0,0,8,10,19,5,0,6,9,0,0,4,6,5,0,20,19,0,11,9,0,0,22,16,23,14,25,3,1,0,15,10,0,21,0,0,0,2,0,13,0,6,4,7,5,0,9,0,21,19,0,0,0,24,23,0,8,14,0,0,8,0,0,0,9,23,0,0,22,21,18,16,19,20,0,0,4,0,2,0,12,0,15,13,14,13,0,15,12,14,3,0,0,4,2,8,0,0,0,7,18,19,0,0,0,0,24,23,22,0,0,22,0,23,0,18,20,16,0,17,13,11,14,0,12,8,0,0,7,10,2,0,0,3,0,18,0,20,17,0,13,15,0,14,0,3,0,4,5,2,0,24,21,22,25,7,6,0,8,9,0,1,5,0,4,8,10,6,9,7,0,0,25,24,22,13,14,11,12,15,17,16,0,0,0
7,5,0,6,11,0,19,18,24,0,13,3,4,0,0,17,9,0,16,0,15,12,0,14,23,16,15,0,0,0,0,0,0,0,13,0,19,5,7,6,10,0,0,14,23,4,0,0,3,0,24,22,17,13,0,0,20,25,4,15,0,11,12,0,16,0,0,18,2,1,6,0,0,19,9,1,4,21,2,3,6,14,0,0,23,24,9,0,0,0,12,11,20,15,19,10,8,0,16,13,12,0,19,20,23,2,0,1,0,0,21,22,0,0,15,13,4,0,7,0,0,17,0,11,24,0,0,0,0,0,0,13,0,17,0,0,24,11,0,20,0,0,0,1,3,21,0,6,0,0,3,1,2,5,0,0,4,9,6,7,0,15,0,0,0,0,0,0,23,0,0,16,0,13,0,9,0,14,21,0,0,0,0,15,0,0,4,6,0,0,18,10,0,22,0,0,3,5,0,0,0,0,0,0,4,16,23,21,10,22,0,0,1,3,0,24,0,14,19,0,0,0,17,0,0,0,17,0,8,24,5,0,3,1,2,14,21,23,0,10,0,0,7,6,0,19,9,0,0,20,0,20,8,11,0,0,15,12,21,0,0,5,24,6,0,0,0,13,17,0,14,0,25,1,0,2,0,0,17,1,0,5,6,0,4,18,0,14,23,21,7,0,24,25,12,0,19,0,10,8,0,0,18,24,0,0,0,0,20,19,8,0,25,12,0,0,0,3,5,0,0,6,0,9,0,14,25,0,12,0,0,0,2,0,3,9,16,0,0,0,0,8,0,10,18,0,0,0,0,5,0,0,4,7,5,17,0,14,0,0,3,1,0,2,0,20,19,9,11,0,16,23,12,24,0,17,12,15,16,13,23,0,0,14,20,0,6,7,0,3,8,21,0,0,0,2,4,1,18,19,0,2,10,1,0,0,6,0,0,0,19,0,0,0,12,23,18,0,20,17,0,0,8,21,0,11,24,22,25,19,0,8,4,2,0,10,0,0,21,23,3,0,5,0,7,12,14,16,0,15,0,7,0,3,6,0,10,0,19,18,25,0,0,4,1,0,0,0,0,11,0,24,23,0,0,8,0,20,0,18,0,0,24,0,25,15,14,16,22,17,1,6,0,0,0,7,13,3,5,0,0,8,6,9,0,19,17,0,18,0,1,0,0,5,4,25,22,23,0,24,0,15,14,12,0,0,23,24,22,0,14,0,0,13,11,6,7,0,10,9,19,17,0,18,0,3,0,0,0,0,15,0,0,14,12,0,7,10,8,0,16,17,0,20,0,4,2,1,3,0,0,0,0,22,0,20,18,16,19,0,4,0,5,0,1,0,23,21,0,0,0,0,0,13,0,8,10,9,7,6,0,3,1,4,0,0,25,23,22,0,11,12,13,15,14,9,7,0,8,0,18,0,0,17,16
18,17,25,0,9,0,0,2,0,0,0,12,15,0,20,13,8,16,0,10,5,0,23,0,0,7,0,6,20,19,0,0,18,0,0,23,10,14,0,21,25,1,3,0,4,12,0,13,0,11,14,12,16,0,0,17,24,13,0,0,0,0,0,0,18,9,21,19,7,0,0,8,0,0,0,8,10,15,21,22,19,0,0,0,0,0,0,7,4,0,24,17,0,0,0,16,2,9,1,3,0,0,2,13,3,25,0,6,0,0,0,17,16,0,0,23,12,0,20,15,0,0,0,0,19,19,0,18,17,0,2,3,5,1,20,0,0,23,0,0,14,16,0,10,24,0,11,0,9,0,0,0,8,0,0,14,0,21,0,25,13,18,0,0,17,2,0,23,5,0,0,0,0,19,24,3,1,5,0,25,7,13,15,0,4,0,24,0,0,14,0,18,8,17,11,0,0,22,0,23,13,23,0,14,21,12,0,0,17,24,4,11,0,16,0,20,0,25,15,19,0,5,2,0,18,0,11,0,12,24,23,0,10,0,16,3,0,1,5,0,7,22,4,6,21,17,0,14,8,0,21,20,0,10,0,0,0,0,24,19,7,0,9,13,0,15,0,6,16,0,2,0,17,0,8,0,0,0,15,14,20,0,0,0,18,0,1,0,6,0,10,0,5,3,0,0,0,25,24,21,0,2,1,0,8,5,21,0,7,0,0,0,12,14,22,0,0,0,23,9,19,15,0,0,0,11,0,3,0,0,15,0,16,12,13,25,0,0,0,10,19,0,0,1,2,14,0,20,0,9,0,0,12,19,13,0,4,1,2,14,17,23,20,0,15,22,11,21,8,25,7,0,5,16,6,0,0,4,1,2,6,0,9,8,0,24,25,21,0,23,11,0,0,14,13,0,19,0,0,17,25,21,0,22,23,16,20,0,18,0,15,14,13,0,11,0,0,0,9,8,3,0,0,5,2,10,0,0,6,7,24,25,22,23,0,0,0,18,17,0,0,5,2,0,3,13,14,0,15,0,15,13,0,0,12,1,5,4,0,2,0,0,0,7,0,16,0,0,19,0,0,21,0,0,25,20,0,0,16,17,11,15,0,13,0,0,0,3,0,1,21,0,0,24,23,8,9,6,0,7,17,0,11,0,16,0,14,0,25,0,0,6,10,8,0,5,7,0,21,20,23,24,3,0,1,0,25,0,8,10,18,23,24,21,0,14,0,0,1,0,4,0,9,0,17,20,7,0,0,16,23,14,0,18,0,3,2,17,0,0,12,7,25,15,24,0,0,10,11,22,9,13,0,0,5,0,24,7,0,0,8,0,11,20,0,0,0,0,23,13,3,2,0,0,0,21,18,0,0,15,2,15,13,3,1,0,0,7,0,0,0,20,11,19,0,0,23,0,0,0,25,17,8,14,22
23,0,3,0,2,22,0,0,0,18,19,0,12,20,24,6,16,8,0,4,0,25,0,0,14,0,0,22,21,7,1,2,5,3,0,0,17,14,0,13,0,9,20,0,24,18,16,19,0,23,8,0,18,11,12,19,0,20,0,0,21,10,22,16,23,0,3,5,0,25,0,4,6,0,0,25,15,9,19,20,6,7,0,0,0,3,0,2,5,0,0,0,10,14,21,22,0,17,8,12,13,10,16,0,14,23,0,0,0,0,9,0,0,0,0,22,19,18,17,0,3,0,0,0,2,0,0,1,0,0,0,0,24,23,10,17,0,13,22,11,5,7,6,20,0,0,0,0,0,9,19,7,21,0,9,2,18,0,1,0,25,0,0,8,0,0,0,0,0,0,24,0,0,13,17,11,18,0,5,24,7,0,4,6,13,0,16,0,0,3,0,0,15,21,22,12,23,14,20,19,0,20,12,15,0,16,0,9,22,17,18,24,21,0,19,0,1,0,13,3,0,0,0,6,25,16,0,0,0,13,15,0,0,19,12,0,0,23,6,14,17,0,25,0,0,1,3,4,2,21,0,11,19,0,0,0,0,15,12,0,0,0,4,13,5,0,23,21,18,20,2,0,0,17,0,9,0,6,0,0,5,3,1,14,0,0,20,0,7,16,25,0,22,8,0,23,0,0,24,0,0,0,7,20,5,10,4,8,0,6,2,23,3,24,1,19,0,0,0,16,14,0,0,12,13,24,0,23,16,18,0,0,19,21,0,0,25,8,17,22,0,2,0,3,1,6,5,10,7,4,0,0,2,0,3,17,13,0,16,0,12,0,10,18,0,0,6,7,0,0,0,9,20,0,0,0,9,0,8,6,13,11,12,0,14,0,3,1,0,0,21,0,0,22,23,20,17,18,19,0,2,4,5,0,1,0,16,17,20,19,0,0,0,14,0,8,10,0,6,7,25,0,0,22,24,22,0,25,23,21,0,0,2,5,0,0,8,6,9,0,18,20,19,16,0,15,12,0,14,11,12,14,15,0,11,0,0,0,24,0,20,0,16,0,0,3,0,4,1,0,0,7,8,9,6,17,0,20,18,16,8,6,7,10,9,23,22,24,0,25,0,15,0,11,12,0,2,0,4,0,21,0,11,25,22,20,0,18,17,0,0,7,5,3,6,0,24,0,0,13,0,14,2,0,0,0,16,14,0,0,0,5,13,7,3,4,0,17,1,8,20,21,23,10,18,11,0,0,0,22,0,23,0,9,17,12,0,14,0,16,13,0,0,15,0,2,4,0,0,8,0,6,0,3,5,5,0,0,7,10,0,19,6,2,1,24,0,0,12,0,0,0,0,0,14,0,0,9,0,20,18,1,0,0,19,24,10,21,0,8,0,14,0,0,9,0,11,3,0,6,0,13,12,0,15
0,0,18,0,0,14,0,0,25,22,9,0,19,0,0,15,0,0,0,21,23,0,0,0,2,25,15,0,24,7,2,3,0,16,1,18,0,14,0,23,10,19,0,22,0,9,5,0,13,0,11,19,21,9,20,6,0,0,0,5,0,0,0,0,2,24,0,0,16,0,0,22,0,0,0,0,0,0,0,22,19,0,11,20,0,4,7,0,5,6,1,0,3,0,25,0,0,10,0,0,0,1,0,0,2,23,0,0,21,0,8,0,0,10,12,9,6,4,17,0,0,0,19,0,11,1,0,0,2,0,0,23,0,0,16,12,0,0,0,9,0,0,7,0,0,17,13,14,0,0,6,16,0,7,11,0,0,8,17,24,0,0,0,21,13,25,9,20,0,15,1,18,2,0,0,0,20,9,14,24,0,0,15,6,0,0,5,1,25,3,8,18,0,11,0,0,0,22,0,0,22,10,0,17,0,0,14,0,11,25,0,0,0,4,0,23,0,2,1,5,15,0,12,20,19,0,25,8,0,0,3,0,0,0,20,0,18,0,15,19,0,16,14,0,10,0,0,7,11,0,20,0,17,0,0,4,10,0,2,0,0,12,9,0,24,21,11,22,0,0,7,6,5,3,0,0,14,0,0,16,21,5,3,7,6,25,1,0,0,0,20,24,17,0,23,19,0,18,0,13,9,13,7,5,3,11,22,0,0,19,10,0,20,0,21,6,14,15,0,16,0,8,0,1,0,0,6,0,0,1,8,20,23,0,0,15,17,0,14,22,5,13,10,7,3,11,0,25,12,0,24,21,25,10,8,17,0,0,0,13,5,3,7,6,11,0,0,19,2,1,14,0,20,23,0,16,0,22,0,17,7,25,6,0,11,13,2,0,0,0,0,12,23,0,0,24,0,0,10,18,7,0,0,0,0,12,19,20,14,23,21,0,10,22,0,0,17,24,5,18,16,0,9,0,0,15,11,0,20,12,0,21,2,4,3,24,25,0,0,0,0,0,0,0,22,0,0,0,6,0,14,0,23,0,0,16,0,18,15,8,20,6,0,0,0,3,1,25,4,2,0,0,13,22,0,2,3,0,0,0,0,17,13,0,0,23,16,0,11,0,19,21,0,0,0,4,20,15,8,25,0,7,0,6,9,0,0,4,3,0,0,14,0,12,15,0,20,0,18,0,0,25,0,21,0,18,17,20,0,0,25,0,22,23,21,6,9,0,0,10,0,5,0,3,4,0,0,11,14,0,13,12,15,0,14,0,16,19,18,0,0,24,0,0,0,7,10,6,8,0,3,2,0,4,0,21,22,24,0,25,10,0,9,0,0,1,4,3,2,5,12,0,0,13,0,18,17,0,0,0,3,2,5,0,0,15,11,14,13,0,16,19,18,17,20,22,25,21,23,0,8,7,6,0,10
8,0,0,18,10,0,22,14,25,13,0,11,19,16,17,5,7,20,21,15,0,0,3,1,0,0,13,22,0,17,0,0,0,0,8,0,7,0,0,6,3,2,0,0,1,21,0,10,15,0,19,0,20,21,0,0,5,6,10,0,3,13,0,1,0,18,0,0,12,24,0,14,8,22,17,0,3,0,0,5,0,15,23,0,0,8,22,0,0,12,4,6,17,0,0,20,11,19,0,0,0,24,0,12,25,0,0,0,0,3,18,21,0,0,23,8,19,0,11,10,0,6,0,5,13,13,5,0,7,0,0,0,11,0,22,0,23,0,0,0,0,14,0,16,0,0,0,17,8,1,14,22,0,11,12,3,6,21,7,5,25,0,0,8,4,17,0,9,0,0,19,0,18,10,0,0,15,23,0,20,1,14,4,2,10,0,0,9,0,0,22,11,25,8,21,0,0,5,6,3,6,19,1,2,0,23,18,8,9,20,15,0,0,14,22,10,13,0,3,5,0,24,0,21,12,21,10,0,25,0,16,13,0,12,15,5,3,7,6,0,19,0,0,1,18,14,22,20,9,0,0,12,21,8,0,5,20,3,1,0,17,18,22,15,19,14,0,24,10,13,6,0,7,4,11,5,2,0,3,1,10,0,18,0,0,12,20,11,24,9,0,0,0,6,0,17,0,14,13,25,16,0,0,4,6,0,24,22,17,12,14,0,23,0,13,20,0,0,15,0,1,3,2,18,5,10,17,18,13,0,21,0,9,0,14,7,0,6,0,0,2,0,1,0,23,0,19,12,24,20,20,14,24,9,19,0,4,0,6,7,2,5,0,0,3,12,0,11,17,0,10,0,0,0,0,0,21,0,0,0,0,0,0,15,9,20,0,5,19,0,0,1,4,0,3,0,17,0,0,0,11,20,12,19,15,2,0,0,4,21,0,25,17,9,0,13,0,10,22,16,5,7,0,14,0,0,0,17,22,16,0,0,7,5,25,13,2,0,0,0,23,0,15,20,0,24,0,21,19,0,0,25,13,6,7,20,23,12,0,19,0,15,0,22,8,24,0,5,0,0,0,1,9,3,0,0,18,5,1,2,0,10,0,22,17,0,16,12,0,14,9,21,6,0,19,0,25,15,20,8,0,0,19,20,0,0,21,0,23,0,6,0,8,7,10,1,5,3,4,2,13,15,11,12,14,0,0,25,0,0,0,0,10,0,6,0,4,0,0,5,11,15,13,14,12,18,20,16,0,0,7,6,9,10,0,4,0,5,0,1,11,14,13,0,15,16,20,18,19,17,22,23,0,0,0,2,0,0,0,0,0,0,0,13,0,16,0,18,0,20,0,0,0,0,0,0,10,6,7,0,0,0,0,15,0,19,17,0,0,16,22,0,0,23,25,0,0,8,0,0,3,0,0,2,4
9,0,0,16,17,7,0,0,5,15,12,25,14,13,0,0,10,6,0,18,0,3,23,24,0,0,14,21,20,0,0,11,0,0,10,17,0,2,0,1,15,25,7,24,0,0,4,9,13,6,3,15,0,0,2,23,12,0,18,24,0,10,0,4,5,19,11,20,9,0,22,0,25,17,14,8,25,0,10,12,6,0,17,4,0,24,0,0,18,0,1,5,2,3,0,16,0,20,7,11,4,0,7,5,6,2,25,0,0,0,0,20,19,8,9,23,0,0,13,0,15,0,21,18,12,10,20,0,0,21,14,16,12,15,6,0,24,11,22,0,0,9,3,0,0,8,17,2,0,0,0,7,3,0,11,4,1,2,19,0,0,0,0,15,0,0,24,8,10,25,0,20,0,23,0,25,2,0,8,0,24,0,9,17,20,3,7,0,5,0,0,0,16,0,0,10,0,19,15,0,19,9,0,0,24,11,0,25,22,21,1,0,4,0,14,0,20,0,0,17,0,5,0,3,16,0,0,17,14,22,0,3,7,0,5,23,0,0,20,0,6,4,0,19,2,0,25,0,12,24,0,0,0,2,0,15,14,13,0,0,0,8,10,6,7,0,21,0,0,0,0,16,18,0,20,0,0,0,17,20,0,24,0,0,22,14,13,15,11,12,2,3,0,1,5,7,6,0,0,0,11,13,14,12,0,0,19,0,16,0,4,3,5,0,0,7,8,0,0,10,25,0,22,0,23,22,21,24,0,0,0,0,0,6,7,19,18,20,0,0,0,13,14,11,15,0,1,3,4,5,6,8,9,7,10,0,0,3,1,2,22,0,25,24,0,17,18,0,16,20,12,11,0,14,0,20,5,6,19,7,1,2,4,0,0,18,15,16,9,8,24,14,10,0,23,11,13,0,22,0,24,17,0,9,0,0,22,0,0,0,2,0,1,21,3,11,0,0,20,19,14,23,5,6,0,23,12,16,11,14,0,7,6,0,19,13,0,24,17,0,3,2,0,18,1,20,15,0,8,0,21,10,15,0,8,0,18,0,24,0,0,14,12,0,23,4,7,13,25,6,3,0,16,2,0,0,4,0,0,1,0,20,0,0,0,6,5,0,25,11,9,16,17,0,0,0,0,24,10,18,0,11,0,24,0,22,6,21,0,4,10,19,18,23,0,0,0,0,0,0,13,14,0,0,8,14,23,10,21,13,0,0,19,20,25,8,0,22,12,24,0,0,0,0,0,18,0,1,5,0,2,1,5,25,0,0,0,11,0,0,15,6,0,7,0,20,19,0,0,9,23,0,0,16,0,7,0,0,4,16,3,5,1,0,0,0,0,9,14,0,10,22,18,17,13,24,12,15,20,19,17,22,18,0,19,16,0,0,14,13,0,0,3,2,20,25,23,0,12,0,0,7,6,11,0
0,23,8,0,25,0,15,0,17,18,0,9,0,6,0,16,0,0,0,13,1,5,3,2,20,15,0,3,2,0,0,0,0,0,0,25,8,0,0,0,22,7,6,21,4,0,0,18,23,0,0,0,0,0,16,13,21,0,14,0,0,3,18,1,2,0,0,0,19,25,17,8,22,12,0,24,0,9,0,20,3,0,1,2,0,16,0,0,10,22,18,12,0,11,8,6,15,0,7,0,0,0,13,17,10,0,0,0,0,8,0,0,24,0,12,0,2,5,1,23,11,0,9,14,25,0,9,0,5,13,0,0,20,0,0,1,4,0,2,17,14,15,0,0,6,24,0,0,22,19,23,20,17,0,18,24,13,9,0,0,3,16,0,7,5,11,0,0,25,21,0,1,4,0,14,0,0,25,10,21,11,6,7,5,3,23,22,0,0,0,0,19,0,0,18,12,16,17,15,13,0,12,11,22,14,0,0,0,0,0,15,13,10,19,18,0,17,0,0,20,7,3,21,5,6,1,0,2,19,0,0,14,0,0,17,12,0,0,11,25,13,0,3,0,0,0,0,0,20,0,13,7,0,25,4,0,0,10,21,0,2,1,3,0,9,0,0,18,5,11,14,20,0,19,23,17,16,0,0,0,0,0,4,13,0,0,0,19,0,21,0,23,20,0,14,0,0,0,25,11,0,2,1,0,3,0,11,0,0,16,0,0,20,0,0,0,9,0,6,19,0,0,0,0,0,12,15,0,20,11,18,0,17,0,25,6,7,14,0,23,8,13,22,10,16,4,2,1,0,3,0,14,23,21,24,7,0,0,20,6,22,17,11,0,0,0,25,0,0,0,15,0,0,9,0,9,0,10,0,0,0,12,13,0,0,21,23,0,0,24,20,0,0,18,17,3,4,5,0,0,25,21,0,0,22,5,0,3,1,4,19,20,17,0,16,0,11,0,0,0,0,0,0,6,0,14,13,0,11,12,25,0,0,22,0,4,0,2,0,0,10,6,0,8,7,18,0,20,16,17,4,3,0,1,2,20,0,0,0,0,0,10,7,8,6,0,21,24,23,0,13,14,0,0,0,19,18,20,16,0,10,7,0,6,0,0,15,12,0,11,0,0,0,3,2,23,22,0,0,0,0,11,0,9,19,0,1,0,0,13,17,14,0,25,0,0,18,12,16,0,10,7,6,0,0,6,10,0,0,8,17,0,19,9,11,24,2,1,0,3,0,5,21,0,15,25,12,14,0,22,7,25,12,0,0,23,20,0,0,0,13,6,0,9,0,19,0,11,0,0,16,0,0,3,1,0,0,16,13,0,6,5,24,4,0,18,0,15,21,10,2,0,25,14,0,20,11,0,8,0,2,5,0,3,0,12,10,25,8,0,0,11,16,20,19,6,4,13,17,0,21,0,23,0,0
5,1,0,0,0,24,21,0,25,22,0,0,9,6,10,11,14,15,0,0,0,19,17,0,16,0,0,0,19,0,4,1,0,5,2,0,13,14,11,15,24,22,25,23,0,10,0,0,0,6,15,0,13,0,0,9,6,8,0,0,2,3,4,1,5,0,0,20,18,0,0,24,23,0,22,10,0,0,9,0,0,16,0,0,17,25,0,21,24,0,1,4,0,3,0,15,14,0,0,0,24,0,0,25,0,14,0,0,0,12,17,18,19,16,0,0,0,10,8,0,5,0,0,3,0,0,14,19,24,0,0,12,0,0,8,0,0,0,0,21,7,15,0,6,4,0,5,25,0,2,4,7,6,11,0,15,20,19,9,0,18,1,0,0,3,12,0,22,17,24,0,10,0,0,0,8,12,23,21,0,0,14,0,16,13,4,6,11,0,0,2,5,3,1,20,19,18,0,22,17,13,17,22,0,0,0,2,1,3,23,24,15,20,12,0,14,21,9,0,25,16,0,4,6,7,3,0,1,0,5,6,7,21,0,0,0,17,0,0,8,23,10,0,19,16,0,20,0,0,12,7,0,9,3,13,16,0,12,0,0,8,2,1,0,4,22,0,0,0,19,0,0,18,0,0,11,22,0,16,14,0,17,0,0,20,10,19,15,0,13,5,3,0,0,6,0,0,8,0,25,25,0,24,8,0,1,19,2,0,0,0,14,23,0,22,0,16,0,0,13,11,0,6,7,0,2,19,4,1,6,3,10,0,0,0,0,11,12,25,0,20,23,0,0,0,22,0,0,16,15,17,0,20,23,0,8,22,25,0,21,0,7,3,0,16,10,0,4,0,0,0,0,0,9,19,0,20,0,0,11,0,0,0,8,16,0,5,6,0,7,21,2,0,4,3,18,25,9,17,0,22,0,16,17,9,20,0,15,12,14,19,0,0,21,0,25,6,0,5,11,1,0,3,0,13,0,21,0,0,24,0,25,0,1,3,11,12,22,13,17,0,0,0,0,8,7,6,19,5,20,0,0,7,13,4,0,0,5,17,11,0,16,2,9,1,19,20,0,14,0,8,0,22,0,21,1,0,2,0,0,0,9,0,0,19,20,4,8,15,25,0,13,24,0,10,14,16,0,0,23,12,24,25,7,0,11,8,0,0,0,5,0,13,4,6,3,0,2,16,1,23,0,0,0,0,0,9,11,20,0,12,0,16,23,24,22,0,0,8,14,0,7,0,0,5,2,0,0,15,3,0,0,5,0,0,13,4,0,0,9,0,0,7,0,0,0,0,23,0,15,12,22,10,25,0,16,13,17,0,23,0,3,14,0,0,0,21,18,10,0,8,0,0,20,0,0,7,5,24,4,18,4,0,6,0,21,5,20,0,0,1,0,24,3,2,0,12,14,0,22,0,11,0,19,0
14,13,0,0,8,0,0,3,0,1,24,9,0,20,0,0,18,0,0,10,0,0,6,22,7,22,23,16,0,0,20,0,9,0,19,0,3,2,5,1,7,0,0,0,0,8,11,0,18,0,0,0,11,6,9,25,0,8,12,23,15,19,17,18,22,2,3,0,1,0,0,24,0,0,14,12,24,0,15,19,0,0,13,0,0,0,16,0,8,6,0,9,0,11,21,0,0,5,0,2,0,18,0,0,0,0,11,0,7,0,21,0,14,0,23,12,22,0,17,8,25,0,15,0,0,8,22,0,0,0,19,20,21,9,11,0,2,3,0,0,0,6,5,0,7,0,0,12,0,18,0,1,0,23,2,8,6,18,4,0,0,17,0,0,0,0,14,22,0,0,15,20,21,0,0,0,15,0,0,12,0,22,0,0,17,5,6,0,7,24,8,19,0,20,11,1,0,0,2,0,19,0,0,0,0,1,0,14,3,5,10,0,0,22,25,0,23,0,0,0,9,17,13,6,4,0,0,13,0,6,0,0,12,24,0,20,0,0,0,0,0,2,0,0,0,10,22,11,19,8,0,25,0,0,0,7,0,10,6,8,12,0,0,14,0,1,5,2,3,4,0,0,0,20,0,0,17,19,0,0,22,0,0,23,21,0,5,0,0,3,6,0,7,0,0,0,13,0,15,0,6,7,0,8,10,0,0,5,0,0,0,0,0,0,18,0,15,12,0,14,0,23,24,25,0,0,2,4,3,0,0,14,0,0,13,0,25,0,0,21,0,0,17,18,0,0,0,0,10,6,11,12,0,13,15,0,19,0,16,18,0,10,6,0,0,0,0,0,23,0,2,0,0,0,1,9,3,0,16,1,4,13,0,25,0,0,0,21,15,10,19,12,0,0,0,0,0,18,0,24,23,14,6,0,0,0,0,0,0,15,9,18,24,0,0,21,1,3,4,0,16,10,22,0,13,13,11,22,12,17,24,0,23,0,0,19,7,0,6,5,9,16,8,15,0,0,4,2,1,25,0,20,0,4,25,0,0,0,18,2,0,14,23,16,0,17,0,10,22,13,0,6,7,21,9,0,19,0,0,0,9,0,22,8,16,3,0,13,2,4,25,7,0,0,0,14,15,20,12,23,5,6,3,7,0,18,0,0,15,20,13,24,19,12,9,0,4,0,2,1,21,0,8,11,22,0,8,0,2,4,0,0,0,5,0,0,0,0,0,20,0,11,19,24,25,6,12,0,14,0,18,10,15,19,0,14,0,0,22,12,8,4,0,0,2,5,21,6,7,3,20,9,0,0,0,0,21,0,0,24,0,1,2,0,4,0,0,15,17,0,20,0,18,9,0,0,7,3,0,10,20,9,0,0,22,21,8,25,10,24,6,0,5,0,7,15,0,0,12,16,0,2,0,4,19
7,5,11,0,0,13,0,3,0,0,22,16,17,8,9,10,0,0,21,24,0,20,14,12,0,12,14,23,20,19,21,0,0,0,0,6,7,13,0,4,2,1,3,9,0,0,0,11,17,5,0,0,10,13,0,23,14,11,12,16,1,2,5,0,0,8,0,0,15,4,0,7,19,21,0,1,4,0,2,0,24,18,0,0,25,0,0,12,0,11,0,7,0,23,5,13,22,16,0,10,0,0,0,0,9,0,0,0,0,6,0,14,0,0,0,22,17,11,13,12,25,2,0,1,4,19,0,9,11,0,4,6,5,0,0,16,17,22,0,23,0,0,15,10,0,3,0,0,0,14,0,16,1,0,3,18,23,20,0,0,0,25,7,24,0,13,6,0,0,9,8,11,10,0,22,0,10,0,0,4,0,0,1,15,13,0,0,0,0,0,17,0,0,8,0,18,12,24,0,0,23,0,0,0,18,8,0,0,0,22,0,0,2,3,0,7,0,16,19,20,4,13,9,6,0,0,25,22,12,13,0,17,16,19,11,18,10,6,4,8,24,2,1,0,23,5,0,15,0,0,0,0,0,19,16,22,0,0,0,0,15,13,0,0,12,4,0,2,1,0,0,9,0,10,8,5,3,2,0,0,11,15,12,13,14,0,0,9,6,7,21,0,25,24,22,16,19,17,0,0,0,0,0,22,24,6,10,7,0,0,20,0,0,0,0,0,0,0,11,13,1,0,2,0,3,10,0,7,0,6,1,5,2,3,4,24,21,0,0,0,19,0,0,16,0,0,0,12,15,13,15,13,0,14,11,0,0,17,18,19,5,0,0,1,2,0,0,0,6,8,0,0,0,0,0,0,0,0,1,10,0,0,13,0,12,0,20,23,0,18,0,0,6,0,7,22,8,0,11,0,11,0,19,25,22,10,21,0,20,23,7,9,3,0,13,0,4,8,0,0,15,16,0,14,12,21,7,6,0,0,0,0,0,2,1,0,0,0,0,14,15,13,0,18,0,0,23,0,24,9,8,9,18,0,20,15,22,14,0,17,2,4,0,0,6,0,24,21,0,11,0,0,5,0,0,0,12,0,0,15,5,0,6,0,0,0,0,8,10,21,23,0,0,0,14,19,1,18,0,2,9,11,25,0,14,7,0,4,0,8,0,22,18,17,10,20,19,0,0,15,0,5,23,0,1,3,1,20,5,2,17,0,15,22,18,8,23,21,12,0,11,9,4,7,0,14,10,0,16,24,22,17,24,8,12,0,0,0,23,10,4,6,0,7,0,5,3,18,0,0,20,15,0,0,19,0,6,0,15,0,2,3,25,1,5,0,19,0,0,0,0,21,0,22,10,0,17,0,18,11,18,0,16,10,23,12,0,24,11,0,3,1,0,2,0,0,0,13,14,17,7,6,4,22,0
0,7,16,19,0,14,0,5,2,1,0,9,4,6,17,0,0,25,0,0,0,24,18,15,23,0,17,0,8,0,21,9,0,20,19,12,0,0,0,16,2,0,15,3,0,0,7,4,5,6,23,0,0,0,0,18,0,0,6,0,0,0,0,7,20,0,0,0,9,0,25,12,13,22,14,21,0,15,10,12,0,13,17,0,23,25,1,3,0,14,0,5,24,4,7,0,11,8,0,0,9,13,5,0,6,0,24,25,0,0,11,10,0,0,0,23,0,14,0,0,16,0,3,1,2,6,11,0,7,0,8,0,23,0,25,10,13,14,0,0,0,0,0,0,18,1,0,2,20,3,0,16,23,22,21,9,14,19,0,20,0,8,12,18,0,0,0,0,0,0,0,15,0,0,13,0,0,13,0,0,3,2,0,15,5,6,4,7,22,0,0,24,11,0,20,0,0,0,0,0,0,20,0,12,0,13,17,22,18,10,5,23,2,0,1,0,4,0,7,8,11,21,14,25,9,0,0,0,2,0,4,7,6,11,16,15,25,0,0,19,0,21,23,14,0,17,0,0,24,22,0,0,0,9,1,6,25,7,13,0,18,0,24,17,0,8,0,0,0,15,14,0,19,0,12,5,6,14,23,7,19,20,15,12,11,0,16,0,0,10,18,0,17,24,0,4,0,21,0,1,0,10,19,0,0,0,0,16,0,9,20,0,23,12,15,0,0,4,0,2,0,6,25,0,0,0,8,0,15,25,1,18,0,5,0,7,0,0,0,6,14,11,12,23,16,22,13,17,10,0,0,22,0,13,17,23,21,14,10,24,2,3,0,0,4,0,19,5,20,6,0,18,9,0,16,8,9,0,0,10,5,1,0,0,2,24,22,21,25,23,20,0,18,16,19,0,0,11,0,15,0,0,17,0,20,24,23,0,25,22,0,0,0,15,13,5,2,3,1,0,0,9,6,0,0,0,0,0,1,5,0,11,13,14,12,9,0,6,0,8,25,23,21,22,24,0,0,16,17,0,13,0,12,11,15,20,16,0,0,17,0,2,1,5,3,10,7,8,6,9,23,22,24,21,25,22,21,25,24,23,10,6,8,0,7,19,0,16,20,18,0,12,0,0,14,3,4,0,2,5,19,0,10,18,0,0,22,0,0,14,23,0,17,24,0,4,8,2,25,1,7,0,5,6,0,0,0,8,17,0,0,5,0,0,13,16,6,15,14,0,0,18,20,10,23,24,25,0,0,11,7,3,0,5,16,17,15,0,23,18,0,0,0,11,25,0,13,0,19,12,2,1,10,0,4,0,0,9,20,22,25,10,0,8,21,0,18,0,4,0,11,6,7,5,3,12,16,15,13,17,11,12,21,25,24,2,0,0,0,0,0,5,10,13,0,22,14,16,0,0,9,23,20,18,8
0,18,5,1,2,24,22,8,12,0,10,13,21,0,14,6,0,0,0,0,25,9,15,20,0,21,23,16,0,22,0,0,15,7,6,0,3,25,1,0,0,0,24,9,0,8,18,0,0,11,9,0,0,0,7,20,3,5,0,1,18,0,0,22,17,0,0,0,8,12,13,0,10,14,0,19,0,0,0,0,25,9,21,14,11,8,0,4,0,7,22,10,18,13,17,23,3,0,0,0,0,13,25,17,0,0,0,10,23,0,0,0,24,11,0,1,5,15,3,0,0,0,0,0,21,0,0,13,9,4,1,2,17,0,0,21,0,20,14,18,25,0,7,0,0,10,19,0,0,22,0,1,24,0,0,0,14,12,13,25,11,0,16,19,0,10,0,6,18,0,15,0,0,5,20,12,15,18,0,10,9,19,11,0,20,7,0,5,24,4,0,23,0,16,0,0,2,0,3,0,11,16,7,20,0,15,23,0,0,21,22,0,10,25,8,0,0,0,0,3,0,0,13,0,0,14,0,17,25,8,5,6,7,4,0,13,0,0,15,3,0,0,20,21,0,24,0,12,18,0,16,6,0,0,5,0,0,1,0,2,0,24,0,0,0,0,18,23,0,0,0,11,0,0,25,13,10,0,19,18,6,21,0,5,0,0,0,0,2,25,12,0,16,0,22,20,24,0,17,9,0,0,12,0,25,0,0,0,0,0,0,22,14,16,15,4,6,1,2,19,5,0,3,10,0,22,0,0,14,20,13,17,16,15,0,3,11,6,7,5,24,0,0,0,0,0,0,0,0,2,4,8,1,0,17,19,0,0,0,0,23,21,0,20,10,9,0,3,0,0,0,0,16,15,0,0,17,0,18,16,0,0,0,6,8,0,0,0,0,1,21,0,0,24,23,12,15,0,0,13,15,0,14,0,0,0,25,22,24,0,0,0,7,8,0,0,17,0,0,16,0,5,4,1,0,10,0,0,8,6,12,15,14,11,13,0,20,0,18,16,0,2,0,0,0,22,25,24,21,0,0,25,21,22,0,2,0,4,0,0,14,15,12,0,0,8,7,9,0,0,17,0,19,0,18,0,2,4,0,1,17,0,0,0,18,24,0,0,21,22,13,0,0,15,11,7,0,9,0,8,18,0,10,0,21,11,7,6,0,0,2,1,3,4,13,16,0,0,0,0,14,12,20,0,15,0,0,0,5,23,3,0,2,21,0,0,18,0,17,0,15,11,0,19,0,0,0,22,0,10,1,3,2,16,0,0,0,0,19,0,15,8,22,0,0,7,0,13,0,0,0,17,18,24,5,0,20,0,0,15,0,0,13,17,22,16,14,11,0,0,2,0,0,0,0,0,21,7,0,6,0,11,22,0,13,8,16,0,0,15,6,0,19,0,20,0,24,10,0,21,0,1,0,25,0
2,24,0,0,0,18,8,0,0,0,0,0,9,0,17,0,14,0,0,22,20,7,21,0,0,6,0,4,9,5,0,0,25,0,24,21,20,18,14,23,17,0,3,0,0,22,19,11,0,0,14,17,8,0,22,21,19,0,0,0,13,1,3,0,2,0,6,4,10,5,16,23,0,18,0,11,0,19,20,16,14,0,5,2,3,22,10,8,25,12,24,23,0,21,15,0,6,13,4,9,12,0,10,21,15,0,23,17,22,13,7,5,4,0,6,0,19,8,20,9,14,2,25,0,1,1,2,0,16,3,0,0,7,13,25,15,22,21,10,0,20,0,19,14,0,0,0,18,0,11,18,0,21,0,19,22,0,16,0,8,2,0,0,4,1,6,0,0,5,0,0,0,0,0,0,0,8,15,0,0,1,3,2,5,18,0,11,23,12,0,0,24,0,22,10,0,21,0,9,0,0,22,0,0,11,23,24,0,10,0,6,19,0,0,0,18,16,0,15,0,0,1,2,0,0,0,6,0,0,14,0,11,0,12,0,25,9,24,17,0,2,0,21,0,3,0,8,22,0,0,0,12,0,11,0,0,0,4,1,19,17,14,15,0,22,23,0,0,9,18,0,13,3,10,5,16,0,5,7,0,17,0,20,0,15,12,0,0,0,0,1,0,10,0,14,0,11,0,22,21,0,0,0,14,9,0,0,24,0,0,3,6,5,7,0,16,17,15,12,13,0,4,0,19,0,0,15,18,19,0,0,14,0,16,0,1,0,25,0,4,3,0,0,0,6,9,0,0,17,0,4,1,17,2,8,0,13,0,3,5,23,18,0,20,21,25,11,0,24,19,0,14,16,15,0,3,5,2,1,0,4,0,6,11,7,0,21,0,0,13,0,22,0,0,0,19,0,15,20,25,8,25,14,0,13,3,5,1,15,2,20,24,12,0,0,10,0,23,19,16,21,0,6,7,4,9,11,7,6,0,8,25,23,21,12,0,0,0,22,19,0,0,2,1,0,0,16,10,14,13,21,16,0,10,23,9,0,19,24,0,0,0,0,1,0,0,0,0,6,0,0,18,17,0,8,19,20,12,15,24,13,0,22,0,17,8,0,0,6,16,0,0,14,11,25,1,0,5,2,0,23,21,24,22,25,10,7,8,9,6,14,12,0,13,0,0,0,0,0,2,18,0,0,16,17,5,0,0,0,0,15,12,0,14,11,0,23,22,21,0,0,0,0,0,17,0,10,0,0,7,0,14,0,13,12,20,17,18,19,16,0,0,6,8,0,0,0,24,0,21,0,0,0,1,2,10,9,6,0,0,5,2,0,4,1,19,0,16,18,20,14,15,11,13,12,23,25,0,21,22,20,19,16,18,0,0,22,21,0,23,4,2,1,3,5,0,0,0,0,0,0,0,14,11,12
9,6,0,7,8,0,5,3,0,1,0,0,16,19,17,12,13,0,15,0,0,25,0,22,0,19,16,0,0,0,22,25,0,0,24,3,5,1,0,0,7,8,0,0,0,0,0,11,13,0,0,23,0,22,21,0,0,8,7,0,13,0,11,14,0,2,3,1,5,4,20,17,16,18,0,0,11,15,12,13,19,0,18,0,16,8,0,0,9,7,23,21,0,25,24,5,0,1,0,0,4,1,5,0,3,14,15,13,0,0,0,0,21,24,22,0,0,16,20,0,10,0,0,8,0,8,0,25,0,0,16,0,0,13,15,0,4,0,0,18,0,0,0,11,0,22,9,0,14,0,3,0,7,13,0,25,0,24,19,22,12,0,15,0,6,18,0,10,21,23,4,8,17,2,1,23,15,17,18,20,1,4,0,14,10,0,0,22,8,0,13,0,0,24,0,16,6,5,0,3,16,22,0,14,0,3,0,7,6,0,9,0,0,23,0,8,2,25,0,0,13,10,0,19,15,1,19,2,0,4,23,8,9,18,20,7,13,10,3,0,0,16,0,0,17,0,21,0,11,12,12,0,19,0,15,2,0,0,3,0,10,8,13,22,0,9,17,24,0,25,7,0,0,0,6,13,25,0,4,7,20,0,0,23,0,0,17,24,18,11,22,0,21,0,0,0,3,0,0,2,0,21,23,24,14,0,16,0,8,0,4,1,0,2,3,0,0,20,0,6,17,11,13,0,22,17,0,22,9,16,0,7,5,11,25,15,12,0,0,14,0,0,0,1,0,18,0,21,0,10,5,18,0,3,2,0,24,22,0,0,6,21,0,0,19,0,0,23,0,0,25,20,15,4,0,0,14,0,0,19,15,13,0,4,0,11,18,12,17,8,0,0,2,0,5,21,23,0,10,16,11,7,0,16,6,8,22,0,24,0,19,0,0,15,0,21,23,0,13,10,3,0,2,0,5,18,17,13,0,22,21,9,0,0,14,1,0,0,0,0,0,6,0,16,8,19,24,0,15,0,21,0,8,25,23,0,3,0,20,0,0,0,14,10,13,0,0,0,19,18,0,4,7,6,11,15,2,3,0,1,0,0,19,0,0,0,22,0,6,0,24,11,12,0,20,0,0,14,0,25,2,0,14,1,5,0,23,21,0,0,17,6,4,0,0,10,25,8,0,0,11,0,19,20,7,22,0,0,0,17,0,19,20,9,0,0,2,3,0,1,5,24,4,6,0,12,0,0,21,18,0,24,12,0,0,17,0,16,0,3,22,0,0,11,0,0,14,18,23,0,6,0,0,9,13,6,4,0,8,10,12,14,25,0,0,0,7,5,21,15,16,19,9,17,0,2,0,3,0,0,20,0,0,0,11,7,0,10,5,4,0,23,18,12,0,0,15,0,0,13,14,0,0,0,17
22,0,24,21,0,0,0,8,10,0,0,2,0,0,1,19,0,0,0,16,12,11,0,13,15,0,0,0,0,13,17,16,18,20,19,25,22,21,0,0,0,5,3,2,1,0,6,9,8,0,7,10,9,6,0,2,0,3,5,4,14,0,13,0,11,24,0,0,23,0,17,16,19,0,20,0,0,4,0,3,0,11,13,15,0,0,17,18,0,0,9,10,0,7,0,21,0,0,23,25,0,0,0,16,18,0,24,0,23,0,0,7,0,10,0,14,0,0,12,11,2,0,4,3,0,9,6,13,4,0,0,0,20,11,7,2,1,5,14,3,22,12,25,0,0,15,18,0,0,23,1,2,25,3,0,0,10,0,12,18,22,0,0,16,13,7,0,0,0,4,9,8,11,0,19,15,0,0,0,0,1,0,23,2,24,0,0,10,18,4,0,0,19,16,9,22,13,0,25,14,0,0,0,0,0,22,8,25,14,0,0,0,0,21,0,0,0,15,0,0,5,4,0,0,6,0,19,0,0,22,5,0,0,6,13,0,15,25,12,0,21,0,0,0,18,1,3,17,0,2,21,0,8,22,25,0,0,7,0,0,0,18,0,0,15,12,24,9,13,19,0,10,0,2,4,0,4,1,0,0,0,20,14,22,23,0,0,24,0,10,3,11,7,0,0,13,15,16,12,0,0,0,0,15,12,0,0,0,0,1,3,0,0,7,5,0,0,20,18,10,0,22,25,24,0,5,13,0,10,0,0,0,11,24,0,1,0,0,2,19,17,22,0,14,0,18,20,23,0,0,0,0,0,0,9,0,18,0,0,0,0,14,0,0,22,1,4,2,8,25,6,5,0,0,0,8,18,17,12,11,0,0,0,21,0,0,0,19,9,14,0,3,1,25,0,4,0,15,0,13,4,22,6,0,21,13,14,17,0,25,15,0,1,3,0,0,9,11,0,0,0,23,10,19,0,13,16,10,0,24,0,0,6,0,11,21,0,0,0,0,0,19,0,15,17,0,2,5,1,0,25,0,15,0,19,18,2,1,3,5,0,0,6,4,0,0,13,23,21,14,0,12,8,0,22,23,3,5,2,0,0,12,15,0,20,18,0,22,13,0,0,0,0,0,0,0,14,0,0,0,0,1,2,0,4,11,0,12,0,0,0,0,14,0,0,0,7,5,0,0,0,0,18,0,0,16,8,22,13,10,14,23,5,7,0,12,0,0,0,20,25,18,17,0,0,3,0,2,4,1,0,0,7,9,6,0,0,4,0,0,5,0,2,0,18,16,14,12,0,23,0,0,0,22,0,11,17,18,24,0,0,9,0,1,0,13,4,7,6,25,0,8,0,22,0,23,19,20,14,12,14,0,0,0,0,19,21,0,18,0,0,9,16,0,8,2,0,0,0,13,11,25,6,0,7
0,1,2,0,13,9,0,11,21,0,0,4,5,6,10,0,12,23,16,0,0,14,25,8,22,0,10,0,0,22,3,2,5,0,1,0,18,15,23,21,4,13,0,17,9,0,11,20,19,0,0,16,17,0,11,4,6,10,18,0,12,13,0,0,25,5,21,0,20,15,24,0,0,3,1,0,0,6,4,7,13,22,0,16,0,11,8,9,0,0,0,0,0,14,1,0,12,21,10,15,0,20,0,18,0,0,0,25,12,0,0,0,1,0,0,8,0,19,22,0,0,0,0,0,5,0,13,0,19,12,15,0,0,0,0,1,10,0,4,2,22,8,0,0,21,0,0,7,5,6,2,8,0,25,0,22,0,12,11,14,3,5,0,0,0,17,0,24,0,20,15,0,19,0,10,0,6,11,5,0,10,0,24,25,21,0,15,0,0,0,19,1,4,2,18,23,0,0,20,9,20,18,0,0,23,5,0,0,7,0,25,0,19,11,0,0,16,14,0,0,0,0,2,0,0,16,14,0,15,17,19,1,0,2,0,23,0,0,8,9,0,3,0,0,5,0,24,11,25,0,21,23,0,0,24,11,0,13,15,12,19,16,0,20,0,6,0,0,0,7,4,5,0,1,2,3,0,5,1,4,0,25,21,24,22,0,6,7,10,8,0,0,15,0,12,0,20,0,0,0,0,12,15,11,0,6,0,8,0,0,4,1,2,0,0,16,19,20,0,17,0,0,22,24,25,0,0,10,6,0,16,19,18,0,17,0,0,21,0,23,1,0,5,3,2,0,0,0,11,12,18,0,20,0,19,1,0,3,0,0,14,11,0,0,0,0,24,0,0,0,9,10,8,0,7,0,24,9,0,20,2,15,0,0,5,10,0,16,0,19,0,6,22,0,0,0,8,17,14,0,0,25,3,2,5,14,24,19,0,20,0,0,4,0,6,12,17,18,0,0,0,0,0,22,23,23,21,0,0,0,0,0,0,4,0,0,12,0,22,0,20,15,9,19,25,5,3,0,0,0,22,0,0,17,0,12,21,23,0,25,5,2,20,3,0,14,10,16,24,13,0,9,6,7,4,6,0,16,0,8,17,18,22,13,10,21,0,0,0,11,2,0,3,1,23,0,19,0,12,24,0,3,1,13,2,8,17,16,22,9,0,0,0,7,5,23,0,12,15,14,0,18,24,0,19,0,0,7,20,6,0,0,14,0,0,0,9,8,16,15,0,2,1,4,3,22,0,12,0,0,0,11,0,0,16,18,0,2,0,0,13,0,0,24,22,9,7,21,0,0,0,25,0,15,20,0,22,0,21,15,0,0,0,6,0,0,0,0,12,14,24,18,17,0,11,0,1,0,0,0,17,0,0,24,0,20,0,15,19,11,0,21,3,1,4,13,0,0,10,16,0,7,5,23,14
0,0,0,0,1,8,16,6,7,4,20,19,0,0,15,21,25,0,9,0,18,0,22,10,0,18,0,12,17,11,0,3,1,2,0,16,0,0,0,10,15,4,6,0,7,24,0,19,20,0,0,4,7,6,0,20,9,11,12,0,25,0,13,14,17,0,0,0,0,23,0,3,1,5,0,0,13,0,0,0,18,0,0,0,15,0,9,0,7,0,5,20,0,0,0,21,0,23,0,12,0,25,0,15,19,10,0,0,0,21,5,3,18,0,1,8,0,17,0,12,11,4,0,16,0,0,10,8,11,0,0,0,14,0,20,13,0,0,4,0,17,1,0,0,3,0,0,0,0,0,23,24,18,0,16,0,2,0,3,0,17,14,0,8,25,7,0,0,6,0,20,21,11,19,9,2,1,0,25,0,7,0,24,4,0,0,0,15,0,21,11,0,0,19,0,0,16,0,23,0,6,0,0,13,17,22,12,25,8,10,0,0,16,19,20,24,15,21,23,18,0,14,0,1,3,0,0,5,21,20,0,0,19,9,16,24,0,1,3,23,0,22,0,14,13,0,0,10,0,0,21,0,0,7,6,16,0,12,23,11,0,25,20,0,0,13,10,22,24,17,5,1,2,3,0,0,16,13,22,10,25,0,17,24,0,6,7,14,23,5,0,0,4,1,21,12,0,0,0,0,0,0,0,2,0,6,7,0,0,19,0,17,11,0,12,18,0,15,0,9,0,23,0,24,0,0,0,0,20,15,2,0,0,13,3,0,18,19,0,24,0,11,0,0,0,17,22,0,9,8,17,0,0,0,5,15,8,10,0,22,2,0,3,9,0,20,23,0,12,19,13,0,0,4,0,0,0,17,0,9,0,4,2,0,8,0,13,0,0,0,3,0,0,0,0,16,11,0,14,0,0,21,0,0,25,0,24,0,19,13,3,16,6,0,7,1,0,0,4,0,23,17,20,0,0,13,5,10,0,0,0,0,0,0,0,12,0,0,25,11,0,0,9,0,20,0,0,0,6,0,14,6,0,0,0,23,0,20,10,18,0,0,0,0,0,25,19,24,11,22,3,0,9,13,0,4,0,0,0,2,3,11,7,5,0,0,22,0,0,0,16,13,12,0,0,0,25,24,21,0,0,17,16,0,0,0,0,13,11,12,21,0,25,24,22,4,0,0,5,0,9,10,8,7,0,0,0,0,0,3,0,0,8,6,0,14,15,0,11,0,22,21,0,25,24,19,0,18,17,16,15,0,11,0,13,4,5,0,1,2,19,20,17,16,0,9,0,0,0,6,25,0,21,0,23,25,22,21,0,0,0,0,0,0,17,9,10,0,0,8,14,12,0,0,0,4,5,3,2,1,0,0,6,9,0,24,25,0,0,23,4,5,2,1,3,19,0,0,0,16,14,15,13,0,11
0,0,18,17,0,2,1,4,0,3,0,23,22,24,21,15,12,0,13,11,6,10,7,9,8,0,24,0,0,25,12,0,0,15,13,10,0,6,0,8,0,0,0,0,16,0,0,0,0,0,9,0,0,7,10,0,0,0,0,18,5,2,1,0,3,24,22,25,0,23,0,0,12,14,0,14,0,13,0,15,0,6,0,0,8,0,17,0,0,0,5,0,4,0,1,21,0,22,24,23,4,1,3,2,5,25,0,21,0,0,15,12,0,0,13,10,7,9,8,0,0,20,17,19,18,21,14,11,25,0,24,0,0,19,0,16,4,0,0,6,0,10,0,22,17,2,0,0,5,1,0,12,17,24,0,18,2,5,0,1,0,0,14,10,0,0,16,0,0,7,0,0,25,15,19,15,7,6,0,13,23,0,0,0,10,3,0,2,0,1,0,20,24,19,0,12,18,8,0,0,0,23,0,0,18,13,14,0,8,0,0,0,12,0,11,3,5,15,1,0,7,22,4,6,21,0,0,1,0,0,4,7,0,9,6,19,15,17,18,0,0,25,0,23,12,14,16,0,10,0,6,0,5,11,7,19,0,10,18,24,0,3,13,2,4,22,0,17,16,0,23,12,0,0,0,13,17,0,10,24,0,15,8,25,0,0,11,23,0,12,0,3,0,0,18,9,0,19,7,6,18,9,15,0,16,0,0,22,0,12,7,19,0,6,5,0,24,10,0,0,0,0,0,0,0,0,19,14,23,12,3,9,0,1,0,0,22,21,15,10,0,0,13,7,25,0,17,11,18,0,0,21,4,0,1,14,0,0,7,0,0,0,24,25,0,0,0,0,15,20,0,0,16,0,10,3,5,7,6,21,0,18,15,0,0,4,0,0,0,2,0,0,0,12,22,17,0,0,23,0,16,15,0,13,17,9,20,0,0,14,11,0,0,0,7,0,0,8,0,10,0,4,18,1,0,23,0,9,0,8,0,0,12,24,11,22,14,15,17,0,2,6,0,4,19,0,0,0,3,7,1,10,2,14,4,6,0,3,16,7,0,13,0,12,0,0,0,23,0,15,22,11,0,0,0,0,22,24,0,11,8,0,1,4,0,21,0,0,23,20,0,13,3,0,0,0,14,6,16,0,11,8,20,0,0,0,10,18,0,21,0,5,4,7,0,16,0,22,17,0,3,2,0,25,14,0,0,0,22,14,1,0,0,2,23,17,16,0,11,19,0,8,6,10,4,5,7,15,21,0,0,0,10,0,6,0,8,0,14,25,2,0,3,13,0,21,0,20,0,9,0,23,24,0,16,17,3,16,0,2,5,0,0,0,9,23,20,18,21,14,0,15,7,0,24,8,19,10,0,0,0,18,0,0,23,0,19,0,0,20,12,0,8,0,0,14,1,2,5,0,0,0,0,13,0
0,16,0,10,0,9,24,12,0,0,0,0,4,0,21,0,8,0,14,17,15,0,3,0,0,0,0,0,5,1,19,0,17,0,18,0,16,13,0,0,11,9,0,7,6,0,0,0,23,12,13,4,7,0,0,3,25,2,1,5,0,18,0,12,11,16,21,23,0,0,24,20,9,0,0,9,0,14,21,0,16,0,7,6,0,0,3,23,2,0,20,0,24,0,0,18,10,13,0,0,0,24,12,8,0,13,0,14,0,0,0,0,0,0,0,0,0,18,2,0,11,16,4,6,0,4,0,10,0,2,0,13,0,9,0,0,0,21,22,25,3,0,6,5,7,23,18,17,0,15,0,0,0,0,7,4,8,25,2,1,0,24,0,17,0,0,13,10,0,0,0,14,0,12,0,0,18,0,0,0,22,14,15,0,17,3,13,5,0,7,12,0,21,25,11,1,0,2,4,19,11,19,0,25,0,0,18,10,20,0,16,0,6,15,12,1,4,8,0,2,3,0,0,0,0,0,0,0,16,12,11,6,0,0,3,1,0,18,0,0,23,0,0,0,14,8,0,25,24,10,2,0,3,0,16,0,0,18,0,21,11,0,10,8,22,13,6,5,4,9,0,0,12,25,24,6,5,4,7,0,2,0,0,15,13,12,0,0,18,16,0,0,0,0,0,0,19,21,11,0,14,22,13,0,25,0,16,0,19,0,21,7,15,5,20,24,2,0,0,23,6,0,0,0,0,23,15,18,0,21,12,10,8,0,0,0,6,0,0,17,7,11,16,0,20,2,1,14,5,3,19,0,0,11,0,6,5,0,24,0,0,2,1,3,0,18,12,15,10,21,22,23,0,17,13,5,2,1,0,0,15,12,11,0,14,19,0,0,0,0,21,23,0,24,22,9,0,0,8,6,0,17,16,19,18,0,0,22,21,0,9,10,7,6,8,4,5,2,1,0,0,12,0,13,11,25,21,0,22,23,0,7,6,8,0,0,0,2,1,3,14,15,12,0,13,0,17,0,18,0,15,12,11,14,13,20,17,16,0,19,24,0,0,21,0,9,0,0,0,0,4,2,5,3,0,10,0,0,9,8,0,0,1,0,0,0,0,12,11,13,19,0,17,0,0,25,0,24,21,23,24,0,17,13,0,14,0,0,0,0,7,0,0,9,6,0,0,20,0,0,0,3,1,2,0,1,0,0,0,0,18,9,0,0,25,22,8,16,0,10,0,0,14,0,0,0,11,0,15,0,7,0,25,0,5,0,3,0,4,0,0,12,0,0,15,10,18,19,21,24,0,9,22,0,8,0,0,19,0,0,8,22,21,10,0,18,17,11,0,0,2,1,3,9,16,13,0,6,0,0,0,8,9,0,0,7,19,0,5,6,2,1,0,25,0,22,17,0,13,12,0,0,23,14,0
13,0,0,5,7,0,18,0,9,0,2,0,6,0,4,21,0,12,25,24,16,14,15,17,0,14,16,15,6,0,0,0,22,24,25,0,5,13,0,0,0,0,1,17,4,20,0,10,0,21,4,0,19,18,2,17,0,15,0,16,25,0,21,8,24,0,0,23,0,22,7,0,0,0,0,24,0,17,20,9,21,6,0,0,0,11,22,0,0,0,0,0,15,0,13,0,0,25,1,4,0,8,0,21,25,0,14,10,2,1,0,0,18,0,20,6,7,0,0,0,9,0,19,12,0,0,0,9,19,6,24,10,17,22,13,1,0,0,5,2,20,0,8,15,25,12,11,23,16,14,8,22,0,0,10,1,0,21,4,2,19,20,0,12,15,14,0,6,23,7,0,0,0,25,18,1,2,0,3,0,16,0,0,15,0,0,21,24,0,14,11,12,22,13,0,0,0,20,6,0,12,20,23,14,0,0,0,25,5,0,0,8,9,17,0,0,0,10,0,18,0,0,0,2,1,17,18,24,11,0,12,23,0,0,20,0,25,4,13,0,0,0,2,0,0,10,0,21,0,8,22,0,0,4,0,0,16,0,19,10,3,2,0,0,0,13,17,25,0,0,11,24,12,20,9,3,5,2,23,0,9,0,14,11,21,13,0,10,0,22,24,15,20,0,0,0,4,0,8,0,9,0,0,0,19,0,24,12,0,8,0,7,16,0,0,18,1,0,0,3,0,0,0,10,13,18,0,12,8,11,0,0,7,6,0,9,0,0,24,19,0,0,16,0,0,1,0,2,5,3,0,0,0,13,0,3,0,2,1,0,0,12,0,21,23,4,6,11,7,9,22,15,17,0,0,10,0,0,0,8,20,0,16,18,19,0,0,12,14,0,2,0,4,1,5,0,23,0,24,25,5,0,0,2,0,0,0,24,23,22,0,16,17,19,0,12,0,14,0,0,0,7,6,0,10,15,14,0,0,13,0,7,6,0,0,24,0,22,0,21,0,18,0,0,0,0,2,1,4,5,20,19,16,17,0,0,2,0,3,0,10,0,7,0,8,25,22,0,0,23,0,12,0,14,15,25,24,21,0,23,15,12,0,13,0,0,1,0,0,0,7,8,0,0,10,18,0,0,0,20,2,25,0,0,0,19,9,8,20,11,0,13,23,22,0,0,0,18,0,12,24,5,4,0,0,23,0,18,0,0,0,0,4,10,7,21,9,0,20,0,22,0,0,8,0,15,1,3,13,0,6,0,4,0,17,23,0,18,21,24,14,3,0,2,5,16,20,0,19,11,0,0,0,22,12,7,0,5,15,0,14,22,0,0,0,0,0,8,6,10,0,23,24,3,2,19,16,9,0,17,0,11,8,10,0,0,0,3,0,17,0,0,15,7,25,5,0,13,4,0,0,20,0,21,0
23,14,0,21,0,0,22,0,0,24,0,20,19,0,25,0,3,5,18,1,4,7,0,0,6,0,0,0,0,16,21,0,0,0,0,5,2,1,3,23,0,19,0,24,0,0,17,18,10,0,1,2,5,0,3,15,0,7,0,0,17,12,0,18,8,22,0,0,23,0,0,14,24,20,19,22,17,0,0,19,0,0,2,1,20,10,0,0,16,13,7,0,11,4,0,8,12,0,25,0,11,0,20,24,9,0,18,0,19,16,0,0,21,0,4,0,8,25,0,17,3,0,0,0,0,18,16,0,0,20,14,15,11,13,12,0,21,0,0,22,6,10,9,7,0,0,0,4,0,0,0,6,9,0,10,22,25,24,0,21,4,1,3,0,2,11,0,0,12,0,0,16,0,0,18,0,11,14,12,15,4,0,0,3,0,19,0,18,20,0,0,23,21,25,22,10,6,9,7,8,21,0,24,0,0,0,20,16,0,0,0,0,0,10,0,1,5,0,2,3,15,0,0,12,13,3,1,4,0,5,0,0,6,0,0,14,11,13,0,12,0,20,0,0,18,24,0,0,22,21,5,20,0,19,7,18,16,9,0,8,2,25,4,0,0,0,0,22,11,12,0,21,0,0,14,17,0,25,9,18,2,0,0,4,3,0,0,0,0,0,23,0,0,0,0,0,20,12,0,0,4,13,0,0,0,0,0,25,5,11,20,23,0,0,0,21,0,0,19,24,0,8,17,9,16,12,0,0,0,14,13,0,0,0,10,7,9,6,21,0,15,25,8,0,0,1,0,5,3,2,0,21,0,22,8,0,0,19,14,23,0,0,0,17,11,9,1,2,3,0,0,0,0,4,7,0,0,13,1,2,0,6,4,10,5,12,18,16,0,24,0,14,17,0,0,21,9,0,19,11,0,4,7,0,6,11,0,8,20,9,25,0,14,0,1,10,12,0,0,21,16,0,0,23,17,25,8,22,10,0,24,23,18,0,15,13,0,0,0,0,19,11,0,0,0,14,0,2,1,5,0,9,0,0,0,12,0,13,25,22,0,5,20,7,15,3,2,0,0,0,18,0,0,8,10,0,0,21,20,23,17,2,3,16,1,0,8,0,19,10,4,6,13,5,9,12,0,0,0,0,16,15,17,14,0,23,8,20,0,18,0,0,0,0,5,25,24,0,21,11,0,19,0,6,0,0,0,12,0,24,1,0,0,2,0,0,22,25,11,21,5,16,3,6,7,0,15,0,0,20,7,0,3,0,11,16,17,15,12,0,0,0,2,4,0,20,0,0,9,0,25,0,0,21,24,0,25,0,8,0,0,0,5,7,0,23,0,0,24,20,18,13,15,0,0,11,0,0,0,0,20,10,0,18,21,0,0,22,24,19,0,0,0,14,0,0,0,0,8,2,7,5,0,0,0
0,9,10,0,7,11,0,13,0,15,3,0,1,2,4,25,24,0,0,21,17,20,19,16,18,0,4,5,3,2,0,17,0,0,20,0,0,11,12,0,0,6,10,8,9,22,0,0,0,0,11,14,15,13,12,22,0,0,0,0,0,20,0,0,0,2,0,0,0,4,0,0,0,6,8,0,0,0,21,22,0,0,0,4,0,8,0,6,7,9,17,0,20,18,0,0,15,14,0,13,0,19,20,0,17,0,7,8,9,0,23,25,24,21,0,0,0,0,13,0,0,0,0,0,0,10,0,0,24,21,5,0,0,0,0,0,17,15,13,0,9,0,22,14,0,0,4,1,0,2,0,1,2,4,0,15,0,0,17,22,9,0,20,0,23,21,25,24,11,0,0,0,3,0,0,0,23,17,20,18,0,0,0,0,0,2,4,0,0,1,0,5,16,0,0,0,11,0,22,25,5,3,7,0,13,0,0,0,23,0,24,11,22,0,0,8,17,0,2,0,0,0,16,0,0,22,0,11,0,14,25,8,2,1,4,7,21,0,0,0,0,18,13,19,0,20,0,0,0,0,0,15,0,1,0,0,24,0,20,9,0,0,23,16,10,13,14,8,17,25,0,22,0,7,0,14,0,0,0,20,0,25,0,0,0,6,0,7,4,0,23,22,0,10,16,0,18,0,0,11,12,21,0,0,0,17,15,0,0,19,1,3,0,20,0,4,7,9,6,11,13,16,10,14,24,7,11,0,0,16,0,0,23,0,13,17,22,12,0,0,0,2,3,1,0,25,0,15,20,0,17,18,13,22,0,0,0,6,0,16,0,9,0,25,21,24,12,0,0,0,0,0,0,0,1,0,22,0,17,23,4,5,0,0,6,20,0,0,0,11,0,10,0,0,0,0,2,25,3,0,4,0,0,0,0,9,16,0,11,17,25,14,13,0,0,0,3,2,23,0,0,7,21,5,20,0,0,21,11,19,3,1,0,13,2,0,6,4,5,7,0,8,14,0,17,24,0,12,18,16,3,0,14,0,1,8,10,25,0,12,0,23,18,15,0,0,19,11,20,7,9,6,13,0,17,24,7,0,25,0,18,0,14,0,0,16,0,3,1,17,5,0,0,0,0,10,19,0,0,0,0,5,1,2,0,0,11,12,16,14,22,0,17,10,0,20,0,25,0,8,19,21,0,0,6,0,12,19,0,11,24,0,17,0,0,4,1,21,0,2,0,0,0,0,6,16,0,22,0,0,21,0,23,0,24,20,19,5,0,0,0,16,0,8,18,0,13,17,12,22,3,1,2,0,4,25,0,6,0,4,21,22,0,15,0,0,0,19,23,20,3,0,1,0,2,11,0,0,0,5,8,17,22,16,9,13,0,4,2,1,5,0,0,11,6,19,0,0,24,0,14,12,0,0,15
17,24,13,0,22,3,5,0,18,2,19,0,7,0,6,0,23,14,11,0,20,0,0,25,4,21,0,2,0,0,11,0,0,20,0,16,8,22,13,10,25,0,0,9,0,14,0,0,7,0,9,16,0,0,0,0,10,0,0,0,3,1,2,0,4,0,0,7,19,5,11,22,13,0,12,25,0,6,11,0,0,17,22,0,0,14,12,20,0,15,0,0,1,0,4,19,10,21,18,0,0,0,20,23,14,4,0,0,25,7,11,0,0,24,0,15,0,0,22,10,3,0,9,0,0,0,2,17,1,0,15,0,12,0,25,0,0,0,0,22,21,18,23,20,0,5,0,0,6,9,13,14,12,22,25,8,6,18,4,10,15,7,21,0,20,0,9,17,0,0,0,0,0,2,0,0,19,11,9,0,0,22,16,13,17,0,2,25,0,0,0,0,0,5,24,0,18,10,12,21,18,0,24,15,0,0,0,14,0,0,9,6,13,4,17,0,0,0,0,25,16,7,19,0,20,4,0,7,0,0,19,20,0,0,0,24,23,12,0,16,0,0,0,1,15,22,17,0,0,25,0,15,14,12,13,0,0,5,1,3,22,0,0,0,23,19,16,20,0,18,0,9,6,10,0,16,0,0,0,0,0,14,0,0,0,7,0,9,0,8,24,0,25,23,0,2,0,1,5,3,24,0,0,21,0,17,19,0,16,18,0,5,4,0,3,0,0,10,7,8,12,0,11,15,13,1,5,0,0,0,0,0,10,6,8,17,0,19,16,18,14,11,15,12,13,25,21,0,23,22,6,10,0,7,0,22,0,24,0,21,12,15,0,11,0,4,1,5,2,0,0,19,0,20,0,10,0,1,0,0,18,0,17,0,20,21,11,0,0,0,12,19,24,13,9,6,3,5,16,0,15,17,16,13,12,0,0,0,0,0,18,4,1,19,2,3,5,11,6,0,9,23,20,22,0,0,11,25,19,0,13,0,0,0,9,6,14,0,15,12,0,10,0,18,20,8,1,17,4,0,0,0,23,18,9,0,0,0,0,4,5,0,0,10,0,17,15,22,14,16,21,0,0,24,11,5,21,3,0,7,14,16,0,22,12,20,0,23,0,9,1,0,4,8,0,10,0,18,13,19,14,0,21,25,11,10,0,13,0,0,0,3,5,0,1,0,0,16,4,0,0,20,12,0,15,12,0,0,24,17,0,11,0,7,0,25,9,0,20,19,0,0,0,21,23,18,5,0,0,1,7,13,0,0,6,0,24,0,14,0,8,18,0,12,0,0,2,3,0,1,0,16,0,0,0,0,18,10,0,19,5,0,0,0,1,0,0,6,7,21,0,0,9,0,0,13,25,14,0,0,0,3,0,20,1,25,21,0,12,0,13,16,0,14,24,0,17,19,0,0,4,0,7,9,6
8,0,4,10,6,14,25,12,22,13,24,0,3,0,2,20,0,0,5,15,0,0,0,19,0,1,14,3,5,2,23,21,0,0,0,0,16,0,0,0,0,6,13,4,9,22,12,8,0,10,19,0,9,11,0,0,0,0,5,4,0,0,8,25,14,0,0,0,18,24,13,2,0,15,1,23,16,13,17,22,19,20,0,0,0,0,15,10,21,12,0,2,0,3,1,7,0,0,24,5,15,12,24,0,0,2,0,0,1,3,0,0,4,0,6,22,0,0,8,0,0,0,18,14,20,0,24,0,0,25,0,0,9,7,6,19,0,0,0,20,0,15,0,0,12,4,5,0,0,0,2,0,1,3,4,15,0,0,0,0,0,7,0,0,10,23,25,24,21,22,0,0,16,18,17,7,0,0,8,9,5,3,4,2,0,21,25,24,22,23,18,20,0,16,17,0,15,11,13,0,17,0,16,18,19,25,0,22,21,24,14,12,11,0,15,0,5,4,1,2,0,10,0,8,0,12,15,11,0,14,20,18,19,0,16,0,2,1,3,5,8,0,0,6,7,0,25,22,21,23,10,0,0,22,0,0,11,21,25,0,20,0,12,0,0,1,3,5,2,0,8,0,7,6,4,5,0,0,1,15,18,19,10,16,23,25,0,0,17,8,21,22,6,0,4,0,0,0,11,24,0,0,7,6,11,22,17,0,0,0,5,18,0,1,0,0,9,0,0,25,10,13,14,23,21,25,8,0,0,21,3,0,0,20,0,11,4,7,6,9,24,0,0,0,13,0,0,0,22,0,20,9,0,0,0,0,6,15,0,7,16,23,22,10,21,0,0,17,12,0,0,3,0,1,25,0,11,22,12,0,21,0,0,6,5,0,10,18,0,13,0,0,23,0,20,0,0,0,0,8,13,7,0,9,3,11,24,25,0,22,0,8,17,2,4,12,0,0,0,0,23,21,10,0,18,6,2,19,4,1,8,0,23,18,20,0,0,25,0,24,7,13,3,10,0,0,0,0,16,14,0,17,15,0,0,0,0,0,14,10,3,6,0,7,16,25,0,0,0,0,0,24,0,9,13,21,25,10,0,0,17,0,16,13,15,0,0,0,14,0,2,4,0,19,0,3,11,0,0,6,11,0,20,15,0,0,0,2,0,21,6,0,23,0,7,0,0,22,13,0,25,0,24,17,9,3,1,0,0,5,0,0,13,10,17,0,20,15,4,25,6,0,0,9,19,0,14,23,0,11,0,22,0,16,17,0,5,6,11,0,0,19,21,0,18,0,0,20,0,0,0,0,13,4,0,0,0,0,7,0,0,14,20,23,0,2,3,9,16,0,0,17,18,24,0,0,8,21,10,22,24,23,21,14,10,16,15,18,8,0,22,11,0,0,0,4,1,0,25,3,0,7,20,0,0
0,12,11,13,14,0,0,0,0,8,25,0,24,22,23,17,19,16,18,20,1,5,3,0,0,25,0,21,0,0,12,0,0,0,13,0,3,5,2,1,7,9,6,8,10,16,20,0,19,17,5,2,0,3,0,21,25,24,0,0,19,18,20,17,16,12,0,0,0,15,6,0,0,9,7,20,17,16,0,0,0,5,1,4,3,0,8,10,0,6,0,0,0,22,23,11,15,13,0,0,0,7,0,0,0,17,0,16,0,18,0,0,0,0,0,0,4,1,0,5,22,25,21,24,0,21,0,9,6,7,10,24,0,0,0,5,2,1,3,18,20,0,15,4,25,23,14,12,16,11,12,0,23,15,0,11,0,25,6,5,0,16,22,0,8,19,10,21,0,18,0,1,0,0,3,17,11,24,0,18,0,12,0,0,0,13,7,6,0,25,3,0,9,16,1,21,0,10,15,0,0,16,13,10,22,3,0,21,2,0,12,15,0,11,0,0,0,0,5,7,0,18,17,25,0,1,3,25,4,2,8,16,0,18,0,0,0,23,0,0,0,22,13,12,0,0,7,5,0,0,0,18,0,2,1,13,0,15,16,12,0,24,25,0,10,0,23,20,14,22,5,11,0,0,0,0,0,10,7,0,0,8,20,0,9,1,0,2,0,19,21,0,25,11,24,15,0,0,17,14,14,0,0,12,16,19,11,22,0,24,3,0,7,0,5,0,1,17,2,4,0,21,0,23,18,24,20,0,0,23,0,21,5,3,0,16,0,11,14,0,0,0,18,0,0,25,4,2,0,8,11,21,0,25,0,14,4,10,1,0,23,0,0,18,15,6,0,0,7,0,19,0,9,12,13,7,0,0,20,21,22,0,13,12,25,0,0,0,0,4,1,24,0,0,2,0,17,0,0,16,0,0,0,14,25,9,19,8,0,20,22,17,0,23,0,0,0,10,0,12,0,0,24,0,0,23,0,0,16,12,5,6,4,7,10,20,11,0,0,9,0,17,0,25,0,3,0,0,13,1,19,0,0,0,11,1,2,3,17,0,0,0,0,15,0,5,13,4,9,0,18,0,0,0,0,6,9,4,17,13,15,23,0,24,21,0,0,0,1,0,16,0,0,0,0,0,0,25,0,10,0,0,20,0,0,0,0,0,0,0,0,0,4,0,7,18,0,2,1,3,14,0,0,10,21,0,4,7,21,6,0,18,23,10,0,15,1,3,5,2,0,25,14,17,8,0,0,11,0,24,16,13,0,24,0,0,3,0,5,1,21,23,0,25,0,4,0,7,6,0,0,19,22,18,15,3,0,2,1,0,0,0,14,0,0,18,22,0,0,17,0,20,12,15,0,7,16,6,8,4,18,0,12,0,17,4,13,0,15,0,24,19,9,20,14,0,16,0,0,21,0,0,1,5,25
25,0,22,11,19,0,0,5,9,0,2,17,8,1,4,20,10,23,0,0,14,0,12,15,16,23,9,20,8,0,0,2,19,4,0,11,25,21,12,0,16,15,17,22,14,13,0,7,10,3,1,2,10,4,0,18,0,15,20,23,7,5,6,3,16,9,0,12,0,13,11,21,25,22,8,0,0,0,0,0,14,0,22,12,16,19,18,10,0,13,2,25,1,4,0,24,20,0,17,23,16,0,15,17,13,21,25,0,24,0,14,20,9,23,22,7,5,0,0,0,4,0,2,0,0,5,1,2,3,0,25,8,12,0,21,0,0,0,11,9,22,17,0,19,15,0,13,0,14,10,0,17,12,0,24,0,0,0,6,0,0,0,18,0,3,0,14,10,0,21,0,25,19,0,0,0,6,7,0,4,0,9,14,0,0,0,22,23,0,0,1,0,0,0,25,18,8,0,0,17,0,0,0,18,0,5,3,0,0,0,17,0,0,25,0,11,0,0,9,0,22,0,0,7,0,0,11,0,9,25,10,13,17,0,18,15,12,24,20,19,0,7,0,16,0,3,0,1,0,5,0,13,11,0,0,0,5,1,3,4,0,6,7,9,10,18,16,19,20,17,25,0,23,0,24,22,0,24,25,21,0,20,16,0,19,13,0,12,14,15,8,0,9,0,0,0,2,3,1,0,19,0,0,20,0,12,15,11,13,14,0,1,2,0,0,0,0,24,25,23,10,7,0,0,9,4,3,1,5,2,0,10,6,8,9,0,24,0,21,0,13,0,0,15,0,20,17,0,16,19,9,0,0,0,0,22,24,23,0,25,18,0,0,19,20,0,0,4,5,2,0,0,13,0,14,11,20,0,19,9,0,16,13,17,0,0,10,15,18,12,24,4,7,6,0,2,0,0,3,0,24,21,0,23,15,0,0,3,0,2,0,19,16,7,11,25,0,0,12,10,6,9,0,4,0,0,16,3,0,1,0,12,0,0,0,9,4,0,13,6,14,18,21,23,20,19,10,22,0,0,7,0,4,6,5,19,0,9,11,20,0,8,22,17,14,0,0,13,2,0,0,0,0,0,0,0,0,13,14,22,0,0,0,10,6,23,0,0,24,0,19,9,11,17,16,0,15,0,0,0,0,15,9,0,0,24,0,0,14,0,0,0,11,0,17,5,20,0,0,0,1,3,0,25,2,13,0,17,24,10,3,1,18,2,5,4,15,0,8,0,0,23,16,0,11,0,19,0,9,7,2,4,21,1,0,11,19,20,15,0,5,23,0,0,7,0,24,0,0,9,8,0,0,13,22,6,0,0,0,11,9,0,0,16,0,0,21,0,10,18,4,13,2,1,3,12,14,0,0,20,0,0,19,0,0,4,0,25,7,13,16,9,0,0,1,10,21,0,8,22,0,0,0,0,18
2,1,0,0,16,13,5,9,0,4,10,22,11,19,8,23,21,20,18,14,7,25,0,12,0,23,0,0,18,0,7,0,0,11,19,9,0,13,6,0,0,22,10,0,25,0,5,3,14,0,6,5,7,0,0,17,22,0,14,8,24,16,0,0,18,0,13,0,3,15,0,0,9,21,0,0,22,0,13,0,24,0,23,2,0,0,0,21,7,0,0,0,16,9,19,6,10,0,0,0,19,0,0,8,0,0,15,21,0,10,1,14,0,0,3,0,0,5,4,24,22,17,0,0,23,11,19,25,22,0,1,0,2,0,0,6,12,0,0,0,0,23,18,0,20,3,0,5,7,13,0,0,1,10,0,3,6,7,0,0,21,0,8,11,22,0,12,13,19,0,23,20,0,0,0,0,0,23,20,9,12,21,11,24,25,5,7,3,0,0,22,17,14,0,16,1,0,0,0,0,21,0,3,0,7,15,10,19,0,0,20,9,23,24,0,0,1,8,0,2,16,12,0,11,14,17,13,16,15,12,23,9,0,22,20,0,2,1,4,19,11,0,6,5,7,8,24,10,25,21,25,0,0,24,0,14,12,0,15,11,2,0,0,5,0,10,9,7,6,0,19,18,16,20,0,5,2,0,0,3,21,0,22,0,24,17,0,19,0,16,15,14,12,0,0,0,0,0,0,0,0,17,19,16,18,0,0,3,0,0,7,8,0,0,6,0,24,0,22,21,14,13,0,15,12,15,12,0,11,13,0,7,8,10,0,22,23,0,25,0,20,19,17,16,18,4,3,1,5,2,0,7,9,6,0,19,17,18,0,16,0,13,14,0,11,5,4,0,1,3,0,0,23,24,0,7,11,0,0,5,10,0,0,18,21,0,15,20,12,23,1,2,3,0,4,17,0,0,22,9,24,10,0,0,22,8,20,4,0,15,19,6,7,21,0,14,0,11,23,12,0,0,18,1,0,1,3,2,0,4,0,14,5,0,0,16,10,0,0,0,0,25,0,0,17,12,0,0,19,11,16,8,0,9,15,22,11,12,17,0,0,4,2,1,25,7,6,0,20,5,10,0,21,0,24,0,0,0,19,14,2,3,16,1,9,11,0,18,0,24,0,15,0,21,10,0,0,25,6,4,0,0,0,12,17,0,0,1,3,2,25,0,15,9,20,0,10,21,14,23,11,0,0,4,16,0,0,21,0,11,20,0,0,19,0,0,1,0,0,0,16,0,0,7,6,0,22,17,13,10,0,0,0,2,0,11,0,0,0,7,13,24,10,0,14,19,0,15,17,22,21,23,12,0,25,18,0,10,0,19,25,13,17,0,0,4,0,6,0,0,9,0,24,12,11,15,1,0,3,5,0,0,0,7,6,16,23,0,21,0,8,0,17,18,12,3,0,25,0,0,0,19,0,9,0
0,17,0,0,0,20,12,9,11,0,4,22,0,0,6,0,10,23,0,18,5,1,0,2,0,0,15,24,19,12,0,7,16,0,0,0,0,2,0,5,25,0,14,0,0,10,22,18,17,13,0,0,18,3,2,10,14,0,23,21,25,0,20,19,15,24,8,12,17,22,16,0,0,7,4,11,0,4,9,0,18,0,19,0,0,0,0,14,0,10,20,5,2,1,0,0,23,21,12,0,16,0,23,21,0,5,2,3,0,25,0,0,12,11,17,4,15,7,6,13,0,0,24,14,9,13,9,5,6,4,21,0,23,0,20,0,19,0,22,0,1,0,3,16,0,15,25,7,24,0,24,23,0,0,3,11,9,0,19,16,15,7,5,20,21,0,12,0,25,14,0,0,6,0,18,0,20,16,0,19,22,8,12,25,10,0,6,4,0,13,15,24,0,0,23,1,0,2,0,14,0,21,0,12,0,7,4,6,24,5,1,2,0,0,25,0,11,8,0,0,0,0,22,0,16,0,0,22,14,0,0,3,0,0,1,24,23,0,16,0,5,7,4,10,6,19,11,20,9,21,9,8,7,0,6,19,16,0,18,17,22,0,21,23,24,12,14,11,13,15,2,3,0,1,5,21,22,0,0,24,14,11,15,0,0,0,20,0,0,19,2,0,1,0,5,7,8,9,6,10,0,3,2,5,1,24,0,0,21,0,7,0,6,8,9,0,19,0,0,0,0,0,14,11,0,19,18,17,20,16,0,1,5,0,2,12,15,11,0,14,7,9,0,8,10,22,21,25,0,0,0,13,0,0,11,9,6,10,8,0,2,5,0,3,0,0,22,0,23,25,17,0,0,16,0,0,0,0,17,0,6,20,7,0,19,0,1,25,4,2,8,18,9,0,16,24,14,0,0,23,0,0,19,0,21,0,13,0,0,3,0,12,0,15,0,11,6,0,0,7,9,16,0,8,0,0,0,3,1,9,0,0,0,10,22,11,17,0,0,18,23,20,19,14,12,4,7,13,0,6,6,5,0,0,23,25,24,0,17,0,0,8,13,0,22,3,2,21,4,0,11,0,12,0,0,8,4,20,0,15,16,23,14,12,11,0,21,9,0,7,0,0,0,22,24,3,2,5,18,1,15,0,10,13,0,0,0,4,2,8,20,0,0,9,0,6,3,0,0,21,0,12,16,22,11,1,0,8,0,17,0,0,21,20,0,0,14,0,12,16,19,0,22,24,0,13,9,3,5,7,3,7,0,0,5,12,19,24,0,0,21,11,22,25,0,14,1,0,2,4,18,0,23,0,0,0,0,9,0,0,3,5,11,7,6,18,4,0,0,1,0,0,0,0,17,0,0,8,10,25,12,11,21,24,0,17,15,22,16,14,5,0,0,7,3,18,0,0,0,8,0,0,0,0,2
16,10,19,0,0,25,8,0,0,13,7,6,0,4,0,11,12,0,0,0,5,1,0,3,2,4,15,6,7,13,0,0,22,0,23,12,17,18,8,11,1,2,25,0,0,20,0,24,9,14,24,8,17,0,22,5,3,0,1,18,20,0,0,25,19,23,14,0,10,0,0,6,11,4,7,20,0,0,0,3,0,9,0,6,4,14,0,0,0,24,22,17,0,18,19,25,23,21,0,12,25,21,11,0,0,20,19,12,15,24,0,5,3,23,1,6,0,0,0,0,0,22,18,13,17,0,19,0,0,20,0,5,1,0,2,6,9,10,7,0,21,22,0,24,0,0,13,14,15,11,0,0,0,1,5,21,23,24,0,25,16,0,0,17,18,0,0,0,14,15,7,8,9,0,6,0,0,0,6,10,19,20,16,0,0,0,0,0,12,13,3,1,0,0,0,22,0,0,24,23,21,22,0,24,25,0,0,11,0,12,1,4,5,2,0,8,0,0,9,10,0,18,19,20,0,0,14,13,11,15,9,10,0,0,7,21,0,25,22,0,0,16,17,19,20,2,3,4,5,1,9,0,20,8,19,18,12,10,0,0,0,25,2,0,14,24,0,5,7,6,23,17,22,0,13,0,12,0,13,14,24,2,0,0,0,5,21,7,0,0,0,0,0,0,0,0,10,0,18,4,5,0,10,4,0,0,0,0,0,22,0,0,23,24,0,15,3,0,13,2,19,11,20,0,0,1,17,16,3,0,13,6,0,0,5,8,0,0,0,22,14,0,0,0,23,15,25,7,12,24,15,0,0,18,23,7,11,0,20,16,4,0,6,0,0,25,8,10,0,12,1,5,0,0,3,0,0,22,0,0,8,0,15,4,20,0,0,0,0,6,12,23,11,16,14,3,2,5,0,0,0,0,0,21,1,6,0,23,0,14,0,22,8,16,0,0,0,9,25,18,11,15,12,19,20,11,6,0,0,7,0,18,0,24,19,0,20,12,14,15,0,13,0,0,1,0,0,17,22,0,8,0,15,9,16,22,17,0,0,0,25,0,0,3,4,5,0,19,6,7,24,0,0,23,0,23,20,14,0,0,2,1,0,16,0,24,18,17,11,0,10,0,22,15,8,4,7,0,6,0,13,16,12,15,17,0,22,20,14,9,19,1,4,18,2,7,5,6,0,11,21,24,8,25,10,6,0,0,5,21,15,13,18,0,0,17,23,0,20,9,2,25,8,1,4,14,0,16,11,0,0,25,24,22,11,0,0,17,2,0,15,16,14,6,0,0,10,18,0,21,13,9,3,7,5,18,23,9,20,8,0,24,0,0,21,10,3,0,0,0,16,15,14,0,0,0,0,0,2,0,14,1,2,0,0,0,0,5,0,6,0,8,0,21,25,0,0,0,12,24,0,0,0,0,15
0,0,14,20,18,13,5,9,0,0,3,17,0,0,0,19,0,10,0,0,12,24,0,7,15,0,13,15,0,3,17,22,0,0,0,4,7,0,5,0,0,0,0,0,16,0,0,0,0,0,17,0,19,16,0,24,0,23,0,2,13,12,25,0,14,7,5,0,21,20,18,4,10,6,8,12,22,25,10,8,7,0,20,19,11,18,24,21,15,0,0,0,9,13,0,0,3,0,2,1,6,7,24,5,0,0,15,21,0,12,8,11,20,9,19,2,3,1,0,14,16,0,0,0,0,14,16,12,11,0,8,0,0,15,25,17,0,0,0,24,21,0,0,0,6,1,0,2,5,3,18,25,0,9,0,6,0,0,23,7,0,2,4,3,1,8,0,16,22,0,0,20,15,12,11,8,15,10,22,21,0,3,16,9,1,19,20,14,0,12,0,0,0,18,0,0,0,7,0,0,0,0,5,19,20,0,11,0,0,0,9,18,15,8,16,1,0,0,0,0,23,21,0,0,0,1,2,0,0,0,0,19,24,21,18,0,6,0,11,0,0,0,0,20,15,22,8,0,17,9,11,3,7,6,5,0,9,0,0,0,15,16,12,13,0,4,19,18,1,0,25,10,24,8,21,22,0,16,0,15,12,21,11,25,24,20,0,0,0,0,0,0,5,0,0,2,19,4,1,6,0,23,20,18,0,0,0,2,0,4,22,25,24,19,0,14,0,6,16,0,7,5,9,3,0,24,12,9,13,19,0,6,0,5,16,10,0,0,14,0,11,0,0,0,0,17,15,0,23,18,4,1,0,8,0,0,0,19,0,13,5,0,0,6,0,24,17,20,23,9,11,22,0,16,0,0,0,0,24,12,25,0,17,0,8,23,10,0,0,18,22,0,4,0,0,0,2,0,15,0,3,5,0,0,0,16,0,0,22,21,7,0,0,0,0,0,0,8,17,11,9,14,19,24,20,13,0,23,0,0,5,0,0,0,3,12,8,17,24,22,9,0,0,15,0,4,7,0,11,16,19,18,22,15,17,0,0,0,7,0,2,5,1,20,0,0,0,13,10,24,0,12,0,0,25,0,8,6,4,7,0,24,0,12,19,14,21,11,25,9,3,2,23,0,1,0,0,0,18,10,25,0,21,23,22,0,2,0,1,0,0,19,0,0,0,10,6,7,0,0,15,11,13,0,12,20,19,0,17,16,0,7,0,0,0,11,14,0,12,15,25,0,22,24,0,5,0,3,4,0,0,0,0,0,1,0,17,18,0,0,6,9,8,7,10,15,11,12,0,0,0,0,21,0,0,15,14,13,12,11,21,0,22,0,23,1,4,3,0,0,0,16,0,0,18,0,6,0,9,0,10,9,0,7,6,14,0,13,11,15,0,22,23,21,25,5,1,0,0,3,0,16,18,19,17
0,5,6,0,0,4,25,0,8,2,0,0,18,0,13,0,17,9,0,20,11,14,22,0,0,24,22,0,0,11,0,10,23,0,20,2,0,0,8,0,0,0,12,14,0,7,13,0,3,9,0,15,13,16,17,0,5,3,6,7,14,0,20,9,0,1,19,2,4,0,0,0,10,8,0,9,0,0,0,8,0,0,0,0,16,0,0,25,21,24,0,10,0,13,5,2,6,0,1,4,2,0,0,1,0,0,0,0,13,9,0,3,0,6,0,8,0,25,11,21,0,0,0,0,20,0,0,25,0,9,16,0,8,4,0,0,0,0,0,19,5,0,0,3,0,13,0,17,18,22,0,0,4,15,0,0,2,5,25,1,10,16,22,0,21,0,12,0,18,8,0,20,14,24,0,0,0,16,10,18,0,12,20,0,11,17,0,0,13,8,0,7,21,0,4,0,5,2,15,1,0,0,24,0,0,13,14,10,0,0,0,5,2,0,0,15,0,19,9,0,0,16,7,11,6,1,2,20,5,0,19,0,0,15,22,6,11,7,4,9,0,14,24,0,0,0,0,12,21,23,0,1,2,0,5,15,11,0,0,0,22,21,0,25,23,0,16,18,0,17,10,7,6,9,8,23,0,21,22,25,10,6,9,7,8,13,0,11,12,0,0,1,0,0,2,0,17,0,0,18,8,0,0,0,0,5,0,4,2,3,18,19,16,0,0,14,0,13,0,12,24,0,0,25,0,13,0,12,0,0,0,16,0,17,18,8,0,6,0,0,0,21,0,25,22,0,0,0,0,0,0,0,0,0,0,25,22,24,23,0,3,4,1,0,5,0,0,8,10,0,15,12,0,14,0,10,4,0,7,6,0,3,13,1,0,0,17,8,22,14,12,18,16,0,0,0,0,0,20,11,0,0,0,12,14,0,9,11,0,19,0,0,3,0,2,21,5,0,7,15,18,8,4,6,0,16,3,1,17,0,0,18,21,20,0,0,13,4,5,0,11,0,22,0,10,12,15,24,7,0,20,8,0,11,19,6,0,7,5,0,0,0,0,15,0,0,0,0,0,0,16,23,0,0,17,21,18,15,0,23,0,8,0,0,25,20,7,19,0,0,13,4,17,0,9,0,1,3,0,0,0,0,0,18,0,7,0,6,19,0,0,0,13,0,17,0,25,0,0,3,23,24,0,0,14,14,19,0,0,12,0,21,0,0,10,16,2,9,3,1,0,0,5,17,11,6,0,0,13,0,4,0,3,0,1,0,0,25,0,17,5,0,23,14,7,22,13,10,8,16,19,11,20,12,15,0,25,0,6,7,1,0,0,3,4,24,10,0,19,0,0,23,15,0,14,22,9,0,0,0,0,0,0,13,0,0,23,0,0,12,4,8,0,20,0,0,9,0,21,19,1,0,18,5,0
